id,class,family,pkg,name_zh,name_en,n_classes,classes,cue,stimulus_coding,paradigm_timing,feedback,distinguishing,first_source_status,datasets,contributors,status
CTL-AMBIG-001,CTL-AMBIG,control,C,风险与模糊决策,Decision under risk versus ambiguity,2,risk (known probabilities); ambiguity (unknown probabilities),choice between a certain payoff and a gamble whose outcome probabilities are known or unknown,,synchronous,,标准配置（最早发表线索）：确定收益 vs 概率已知/未知的赌局（Hsu et al. 2005，R1152）。本包仅此一个配置。,待核实,,curator_c,draft
CTL-ANAL-001,CTL-ANAL,control,C,类比推理,Analogical reasoning,2,analogy judgement; semantic association judgement,two visually presented word pairs (A:B :: C:D),,synchronous,,标准配置（最早发表线索）：判断两词对是否关系相同，对照为语义关联判断（Bunge et al. 2005，R1150）。本包仅此一个配置。,待核实,,curator_c,draft
CTL-ANT-001,CTL-ANT,control,C,注意网络测试,Attention Network Test (ANT),7,no cue; centre cue; double cue; spatial cue; congruent flankers; incongruent flankers; neutral flankers,visual warning/spatial cues (asterisks) preceding a central arrow flanked by arrows or lines,,synchronous,none,标准配置（最早发表）：4 种视觉线索 × 3 种 flanker 条件（classes 列出两个因素的水平），得出警觉、定向、执行控制三个分数（Fan et al. 2002，R0234）。,待核实,,curator_c,draft
CTL-ANT-002,CTL-ANT,control,C,注意网络测试-交互版（ANT-I）,Attention Network Test - Interactions (ANT-I),7,warning tone; no tone; valid cue; invalid cue; no cue; congruent flankers; incongruent flankers,auditory alerting tone and peripheral visual cues of varying validity preceding arrow flankers,,synchronous,none,准则 2：警觉信号改为听觉提示音；准则 1：定向线索引入有效/无效条件（CTL-ANT-001 为视觉警觉线索、只有有效的空间线索）。,待核实,,curator_c,draft
CTL-AS-001,CTL-AS,control,C,反向眼跳,Antisaccade task,2,prosaccade; antisaccade,peripheral visual target onset; instruction to look towards (pro) or to the mirror location (anti),,synchronous,none,标准配置（最早发表）：外周目标出现后向镜像位置扫视（Hallett 1978，R0045）；与前向扫视混合或分组只是参数。,待核实,,curator_c,draft
CTL-AUT-001,CTL-AUT,control,C,替代用途任务（发散思维）,Alternative uses task (divergent thinking),2,alternative-uses generation; control task,name of an everyday object presented visually; covert generation of uses within a time limit,,synchronous,,标准配置（最早神经记录线索）：给出日常物品，限时生成新用途，与较低创造性要求的对照任务比较（Fink et al. 2009，R1151）。本包仅此一个配置。,待核实,,curator_c,draft
CTL-BART-001,CTL-BART,control,C,气球模拟风险任务,Balloon analogue risk task,3,pump; cash out; balloon explosion,virtual balloon inflated by key presses; money accrues per pump and is lost if the balloon bursts,,synchronous,discrete,标准配置（最早发表）：自定步调地充气或兑现，气球在随机爆点爆炸（Lejuez et al. 2002，R0224）；fMRI 版（ds000001）只改参数。,待核实,Balloon Analog Risk-taking Task (OpenfMRI),curator_c,draft
CTL-CNV-001,CTL-CNV,control,C,S1-S2 预期任务,S1-S2 paradigm,1,warning S1 followed by imperative S2,auditory or visual warning stimulus (S1) followed after a fixed interval by an imperative stimulus (S2) requiring a speeded response,,synchronous,none,标准配置（最早发表）：固定 S1–S2 间隔的预警反应时任务（Walter et al. 1964，R0010）。本包仅此一个配置。,待核实,,curator_c,draft
CTL-CONF-001,CTL-CONF,control,C,决策信心判断（知觉元认知）,Decision confidence judgement (perceptual metacognition),2,correct decision; error,two-choice perceptual stimulus followed by a confidence rating from certainly wrong to certainly correct,,synchronous,none,"标准配置（最早发表线索）：每次知觉判断后作从""肯定错""到""肯定对""的信心评分（Boldt & Yeung 2015，R1145）。本包仅此一个配置。",待核实,,curator_c,draft
CTL-CPT-001,CTL-CPT,control,C,持续操作测验（X-CPT）,Continuous performance test (X-CPT),2,target letter X; non-target letters,rapid stream of single letters; respond to the target letter,,synchronous,none,标准配置（最早发表）：在快速字母流中对目标字母作反应（Rosvold et al. 1956，R0003）。,待核实,,curator_c,draft
CTL-CPT-002,CTL-CPT,control,C,AX 持续操作任务（AX-CPT）,AX continuous performance task (AX-CPT),4,AX; AY; BX; BY,letter cue followed by letter probe after a delay,,synchronous,none,"准则 1：条件集由""目标/非目标""变为 AX、AY、BX、BY 四种线索–探测组合，目标定义取决于前一线索（CTL-CPT-001 为单一目标字母）。",待核实,,curator_c,draft
CTL-CPT-003,CTL-CPT,control,C,渐变呈现持续操作任务（gradCPT）,Gradual-onset continuous performance task (gradCPT),2,frequent scene category (respond); rare scene category (withhold),scene images gradually transitioning from one to the next,,continuous,none,准则 2、3：刺激为渐变过渡的场景图片、无离散刺激起始，按连续时间序列分析注意状态（CTL-CPT-001 为离散字母流的目标检测）。,待核实,,curator_c,draft
CTL-DD-001,CTL-DD,control,C,延迟折扣,Delay discounting,2,smaller-sooner reward; larger-later reward,pairs of monetary amounts with delays,,synchronous,,标准配置（最早发表线索）：反复在较小的即时奖赏与较大的延迟奖赏间选择以求无差异点（Rachlin et al. 1991，R1134）。本包仅此一个配置。,待核实,,curator_c,draft
CTL-DT-001,CTL-DT,control,C,双任务,Dual-task / PRP,2,task 1 stimulus; task 2 stimulus,"two stimuli each requiring its own speeded response, separated by a variable stimulus onset asynchrony",,synchronous,none,标准配置（最早发表线索）：心理不应期范式，两刺激间 SOA 可变（Telford 1931，R1135）；SOA 取值是参数。,待核实,,curator_c,draft
CTL-EFF-001,CTL-EFF,control,C,努力决策,Effort-based decision making,2,low-effort / low-reward option; high-effort / high-reward option,choice screen with reward magnitude and probability; effort is button pressing,,synchronous,discrete,标准配置（最早发表）：EEfRT，按键努力程度不同的两选项在不同奖赏概率下选择（Treadway et al. 2009，R0451）。本包仅此一个配置；认知努力折扣（R0437、R0639）未拆分，待核对。,待核实,,curator_c,draft
CTL-FLK-001,CTL-FLK,control,C,Flanker 任务（字母版）,Eriksen flanker task (letter version),2,response-compatible flankers; response-incompatible flankers,central target letter flanked by noise letters assigned to the same or the other response,,synchronous,none,标准配置（最早发表）：中央目标字母两侧为与其同反应或异反应的干扰字母（Eriksen & Eriksen 1974，R0030）。,待核实,,curator_c,draft
CTL-FLK-002,CTL-FLK,control,C,Flanker 任务（箭头版）,Eriksen flanker task (arrow version),2,congruent; incongruent,central arrow flanked by arrows pointing in the same or opposite direction,,synchronous,none,准则 2：刺激为箭头（方向判断），刺激–反应映射直接由箭头方向给出（CTL-FLK-001 为字母目标与干扰字母，映射需学习）。,TBD,ERP CORE (flankers paradigm: ERN and LRP),curator_c,draft
CTL-FORAGE-001,CTL-FORAGE,control,C,觅食决策（留守/探索）,Foraging decision task,2,engage with current offer; search for alternatives,offer and environment of alternative options with a search cost,,synchronous,discrete,标准配置（最早发表）：接受当前选项或付出代价搜索（Kolling et al. 2012，R1147）。本包仅此一个配置。,待核实,,curator_c,draft
CTL-GNG-001,CTL-GNG,control,C,Go/NoGo,Go/NoGo task,2,Go; NoGo,frequent Go and infrequent NoGo stimuli,,synchronous,none,标准配置（最早发表）：对 Go 刺激反应、对 NoGo 刺激抑制（Donders 1868/1969，R0019）；Go/NoGo 比例、刺激种类（字母、情绪面孔）只是参数。,待核实,,curator_c,draft
CTL-IGT-001,CTL-IGT,control,C,爱荷华赌博任务,Iowa gambling task,4,deck A; deck B; deck C; deck D,four card decks with different gain/loss schedules,,synchronous,discrete,标准配置（最早发表）：四副牌，两副短期高收益但长期亏损（Bechara et al. 1994，R0116）。本包仅此一个配置。,待核实,,curator_c,draft
CTL-MIXG-001,CTL-MIXG,control,C,混合赌局（损失厌恶）,Mixed gambles (loss aversion) task,2,accept gamble; reject gamble,50/50 gambles combining independently varied potential gain and loss,,synchronous,,标准配置（最早发表）：接受或拒绝得失独立变化的 50/50 混合赌局（Tom et al. 2007，R1146）。本包仅此一个配置。,待核实,Mixed-gambles task (OpenfMRI),curator_c,draft
CTL-MRP-001,CTL-MRP,control,C,掩蔽反应启动,Masked response priming,2,compatible prime; incompatible prime,briefly presented masked arrow prime followed by a visible arrow target,,synchronous,none,标准配置（最早发表）：掩蔽箭头启动刺激与可见目标相容/不相容（Eimer & Schlaghecken 1998，R1144）；启动–目标间隔是参数。,待核实,,curator_c,draft
CTL-MSIT-001,CTL-MSIT,control,C,多源干扰任务,Multi-source interference task (MSIT),2,control trials; interference trials,three digits; report the identity of the digit that differs,,block,none,标准配置（最早发表）：三位数字中报告不同的那个，干扰与控制试次分组块呈现（Bush et al. 2003 线索 R1143）；组块设计待核对原文。,待核实,,curator_c,draft
CTL-PDM-001,CTL-PDM,control,C,知觉决策（随机点运动，按试次）,"Perceptual decision making (random-dot motion, trial-based)",2,leftward motion; rightward motion,random-dot kinematogram with a variable fraction of coherently moving dots,,synchronous,discrete,标准配置（最早发表）：每个试次呈现一段随机点运动，报告净运动方向（Britten et al. 1992，R0102，动物源头）。,待核实,,curator_c,draft
CTL-PDM-002,CTL-PDM,control,C,连续监视随机点运动任务,Continuous-monitoring random-dot motion task,2,leftward coherent motion; rightward coherent motion,"continuous random-dot display with embedded, unannounced periods of coherent motion",,continuous,none,准则 3：连续监视、目标出现没有试次起始标记（CTL-PDM-001 为按试次呈现的随机点运动）。,待核实,,curator_c,draft
CTL-RAT-001,CTL-RAT,control,C,远距离联想（创造力）,Remote associates test,,,three visually presented cue words; find a fourth word associated with each,,synchronous,,标准配置（最早发表）：三个线索词找共同联想词（Mednick 1962，R0008）；顿悟报告是附加测量，不另给号。,待核实,,curator_c,draft
CTL-RAVEN-001,CTL-RAVEN,control,C,瑞文推理,Raven's progressive matrices,,,matrix of geometric patterns with one missing cell and response options,,,,标准配置（最早发表线索）：选择补全矩阵的图块（Penrose & Raven 1936，R1137）；神经影像中的计算机化版本只改呈现参数。,待核实,,curator_c,draft
CTL-RNG-001,CTL-RNG,control,C,随机数生成,Random number generation,2,random number generation; counting,pacing tone; generate numbers as randomly as possible or count,,block,none,标准配置（最早发表线索）：按节拍声随机生成数字，与计数对照，PET 组块设计（Jahanshahi et al. 2000，R1149）；节拍速率是参数。,待核实,,curator_c,draft
CTL-SART-001,CTL-SART,control,C,持续注意反应任务（SART）,Sustained attention to response task,2,non-target digits (respond); target digit (withhold),single digits at a fixed rapid rate,,synchronous,none,标准配置（最早发表）：对所有数字反应、对罕见目标数字抑制（Robertson et al. 1997，R0139）。本包仅此一个配置。,待核实,,curator_c,draft
CTL-SIM-001,CTL-SIM,control,C,Simon 任务（听觉版）,Simon task (auditory),2,corresponding (stimulus side = response side); non-corresponding,auditory stimuli presented to the left or right ear; response to a non-spatial feature with a left or right key,,synchronous,none,标准配置（最早发表）：听觉刺激呈现于左/右耳，按非空间特征作左/右反应（Simon & Rudell 1967，R0016）。,待核实,,curator_c,draft
CTL-SIM-002,CTL-SIM,control,C,Simon 任务（视觉版）,Simon task (visual),2,corresponding; non-corresponding,coloured visual stimuli at lateral screen positions; colour-to-key mapping,,synchronous,none,准则 2：刺激为左右视野中的彩色视觉刺激（CTL-SIM-001 为左右耳的听觉刺激）。,TBD,,curator_c,draft
CTL-SST-001,CTL-SST,control,C,停止信号任务,Stop-signal task,2,go trial; stop-signal trial,go stimulus followed on a minority of trials by a stop signal after a variable delay,,synchronous,none,标准配置（最早发表线索）：少数试次在可变延迟后出现停止信号，按赛跑模型估计 SSRT（Logan & Cowan 1984，R0067）；延迟固定或阶梯追踪是参数。,待核实,,curator_c,draft
CTL-STR-001,CTL-STR,control,C,Stroop 任务（卡片版，口头命名）,"Stroop task (card version, vocal naming)",2,naming ink colours of incongruent colour words; naming colour patches,"cards or lists of colour words printed in incongruent ink colours, or colour patches; serial vocal naming",,block,none,标准配置（最早发表）：整张卡片/列表连续口头命名，以完成时间计干扰（Stroop 1935，R0002）。,待核实,,curator_c,draft
CTL-STR-002,CTL-STR,control,C,Stroop 任务（单试次计算机化颜色词）,Stroop task (single-trial computerised colour-word),2,congruent; incongruent,single colour word per trial in congruent or incongruent ink colour,,synchronous,none,准则 3：单试次呈现、逐试次反应（CTL-STR-001 为整张卡片/列表连续命名的组块结构）；按键或口头反应、是否含中性试次只是参数。,TBD,,curator_c,draft
CTL-SW-001,CTL-SW,control,C,任务切换（交替序列）,Task switching (alternating runs),2,task repeat; task switch,task indicated by the stimulus position in a predictable AABB sequence; no explicit task cue,,synchronous,none,标准配置（最早发表）：可预测的 AABB 交替序列，任务由位置决定、无显式线索（Rogers & Monsell 1995，R0121）。,待核实,,curator_c,draft
CTL-SW-002,CTL-SW,control,C,线索提示任务切换,Cued task switching,2,task repeat; task switch,"explicit task cue on every trial (e.g., word 'colour' or 'shape') followed by a bivalent target; random task sequence",,synchronous,none,准则 2：每试次有显式任务线索、任务顺序随机（CTL-SW-001 为可预测 AABB 序列、无线索）；线索–刺激间隔是参数。,待核实,,curator_c,draft
CTL-SW-003,CTL-SW,control,C,自主任务切换,Voluntary task switching,2,voluntary repeat; voluntary switch,"bivalent target without task cue; participant selects the task (e.g., by response hand)",,synchronous,none,准则 2、3：没有外部任务线索或预定序列，任务由被试逐试次自主选择（CTL-SW-001 为预定 AABB 序列，CTL-SW-002 为外部线索）。,TBD,,curator_c,draft
CTL-SYLL-001,CTL-SYLL,control,C,三段论推理,Syllogistic (deductive) reasoning,2,valid conclusion; invalid conclusion,"visually presented syllogisms with concrete, abstract or belief-laden content",,synchronous,,标准配置（最早发表线索）：判断三段论结论是否有效，内容具体/抽象/与信念相关（Goel et al. 2000，R1153）；内容类型是条件水平，不另给号。,待核实,,curator_c,draft
CTL-TOL-001,CTL-TOL,control,C,伦敦塔（计划）,Tower of London,,,start and goal arrangements of coloured balls on pegs of different capacity; problems graded by minimum number of moves,,,,标准配置（最早发表）：把起始状态的彩球移成目标状态，难度按最少步数（Shallice 1982，R0057）。计算机化与 Stockings of Cambridge 等版本未拆分（无线索核对其配置差异）。,待核实,,curator_c,draft
CTL-VBC-001,CTL-VBC,control,C,基于价值的选择（支付意愿）,Value-based choice (willingness to pay),,,images of food items; bid in an incentive-compatible Becker-DeGroot-Marschak auction,,synchronous,,标准配置（最早发表）：对食物出价的 BDM 拍卖（Plassmann et al. 2007，R1148）。本包仅此一个配置。,待核实,,curator_c,draft
CTL-WASON-001,CTL-WASON,control,C,Wason 选择任务,Wason selection task,,,four cards and a conditional rule ('if P then Q'); select cards to test the rule,,,,标准配置（最早发表）：四卡选择任务（Wason 1966，R0015）；抽象 vs 主题/社会交换内容（R0058、R0089）是内容条件，未拆分。,待核实,,curator_c,draft
CTL-WCST-001,CTL-WCST,control,C,威斯康星卡片分类,Wisconsin Card Sorting Test,3,sort by colour; sort by shape; sort by number,response cards matched to key cards; right/wrong feedback; rule changes without warning,,synchronous,discrete,标准配置（最早发表线索）：按颜色/形状/数量分类，规则由反馈推断且无预告地改变（Grant & Berg 1948，R1136）。本包仅此一个配置。,待核实,,curator_c,draft
EMO-APRIME-001,EMO-APRIME,emotion,E,情感（评价）启动,Affective (evaluative) priming,2,valence-congruent prime-target pair; valence-incongruent prime-target pair,briefly presented prime word followed by a target word that is classified as positive or negative (evaluative decision),,synchronous,none,"Standard configuration (earliest published or canonical; D-057 -001): evaluative-decision affective priming with word primes and targets (Fazio et al. 1986, R0074).",待核实,,curator_e,draft
EMO-AUTO-001,EMO-AUTO,emotion,E,自传体回忆情绪诱发,Autobiographical recall emotion induction,2,emotional memory recall; neutral memory recall,cue words prompting retrieval of a specific personal memory,,block,none,Standard configuration (earliest published or canonical; D-057 -001): cue-word autobiographical recall of emotional versus neutral episodes (cue-word method of R0073); no external affective stimulus.,待核实,,curator_e,draft
EMO-DOT-001,EMO-DOT,emotion,E,点探测注意偏向任务,Dot-probe task,2,probe at emotional-cue location; probe at neutral-cue location,"pair of words (one threat-related, one neutral) followed by a dot probe at one of the two locations",,synchronous,none,"Standard configuration (earliest published or canonical; D-057 -001): word-pair dot-probe task (MacLeod, Mathews & Tata 1986, R0072).",待核实,,curator_e,draft
EMO-EST-001,EMO-EST,emotion,E,情绪 Stroop,Emotional Stroop,2,emotional words; neutral words,coloured words; the ink colour is named or reported by key press,,synchronous,none,Standard configuration (earliest published or canonical; D-057 -001): colour naming of emotional versus neutral words; origin publication still TBD (D-032).,TBD,,curator_e,draft
EMO-FACE-001,EMO-FACE,emotion,E,情绪面孔加工,Emotional face processing,2,emotional expression faces; neutral expression faces,"photographs of faces presented one at a time, with passive viewing or an orthogonal task",,synchronous,none,Standard configuration (earliest published or canonical; D-057 -001): event-related presentation of single emotional versus neutral faces with an orthogonal or passive task (ERP lead R0846). Differs from EMO-FACE-002 (blocked face-versus-shape matching).,待核实,,curator_e,draft
EMO-FACE-002,EMO-FACE,emotion,E,情绪面孔匹配任务（Hariri）,Emotional face matching task (Hariri),2,emotional face matching; shape matching,"triads of angry or fearful faces, or of geometric shapes, with a task cue before each block",,block,none,Criteria 1 and 3 versus EMO-FACE-001: blocked face-versus-shape matching contrast instead of event-related emotional-versus-neutral faces (Hariri et al. 2002).,待核实,,curator_e,draft
EMO-FC-001,EMO-FC,emotion,E,巴甫洛夫恐惧条件化,Pavlovian fear conditioning,2,CS+ (paired with aversive US); CS- (never paired),"neutral visual conditioned stimuli, with a mild electric shock or loud noise as unconditioned stimulus",,synchronous,none,"Standard configuration (earliest published or canonical; D-057 -001): single-session differential conditioning with one CS+ and one CS-, acquisition followed by extinction (lead R0951; authors not in literature.csv). Differs from EMO-FC-002 (graded generalization stimuli) and EMO-FC-003 (extinction recall on a separate day).",待核实,,curator_e,draft
EMO-FC-002,EMO-FC,emotion,E,恐惧泛化（CS 相似度梯度）,Fear generalization (graded CS similarity),,CS+; graded generalization stimuli; CS-,series of perceptually graded stimuli spanning the CS+ and CS-; aversive US on CS+ trials,,synchronous,none,"Criterion 1 versus EMO-FC-001: the condition set adds graded generalization stimuli between CS+ and CS-, so the contrast is a similarity gradient rather than CS+ versus CS- (lead R1010).",待核实,,curator_e,draft
EMO-FC-003,EMO-FC,emotion,E,两日恐惧条件化与消退回忆,Two-day fear conditioning with extinction recall,2,CS+; CS-,visual CS with shock US on day 1; same CS without US at the recall test,,synchronous,none,"Criterion 3 versus EMO-FC-001: multi-session structure with acquisition and extinction on one day and an extinction-recall test on a later day (leads R0276, R0933).",待核实,,curator_e,draft
EMO-FILM-001,EMO-FILM,emotion,E,影片片段离散情绪诱发,Film-clip discrete emotion elicitation,,film clips targeting discrete emotions (one target emotion per clip); neutral film clips,"validated short film clips, each selected to elicit one discrete emotion, followed by self-report",,block,none,"Standard configuration (earliest published or canonical; D-057 -001): standardised film set targeting discrete emotions with self-report after each clip (lead R0918, Cognition and Emotion, doi 10.1080/02699939508408966; authors not in literature.csv). Differs from EMO-FILM-002 (music videos with dimensional ratings), -003 (three valence classes) and -004 (four emotion classes).",待核实,,curator_e,draft
EMO-FILM-002,EMO-FILM,emotion,E,音乐视频情绪诱发（维度评定）,Music-video emotion elicitation with dimensional ratings,,valence rating; arousal rating; dominance rating; liking rating,"one-minute music-video excerpts, each followed by self-assessment",,block,none,"Criteria 1 and 2 versus EMO-FILM-001: targets are continuous self-rated dimensions (valence, arousal, dominance, liking) rather than discrete emotion categories, and the stimuli are music videos rather than film clips (DEAP, Koelstra et al. 2012).",待核实,"DEAP: a database for emotion analysis using physiological signals; AMIGOS: A Dataset for Affect, Personality and Mood Research on Individuals and Groups",curator_e,draft
EMO-FILM-003,EMO-FILM,emotion,E,影片片段三分类效价诱发（SEED）,Film-clip three-class valence elicitation (SEED),3,positive; neutral; negative,"film clips, each preceded by a hint and followed by self-assessment",,block,none,"Criterion 1 versus EMO-FILM-001: three valence classes (positive, neutral, negative) instead of a set of discrete target emotions; used by the public SEED dataset (Zheng & Lu 2015).",待核实,SEED (SJTU Emotion EEG Dataset),curator_e,draft
EMO-FILM-004,EMO-FILM,emotion,E,影片片段四分类情绪诱发（SEED-IV）,Film-clip four-class emotion elicitation (SEED-IV),4,happy; sad; fear; neutral,film clips with self-assessment; eye tracking recorded alongside EEG,,block,none,"Criterion 1 versus EMO-FILM-001 and EMO-FILM-003: four emotion classes (happy, sad, fear, neutral); used by the public SEED-IV dataset.",TBD,SEED-IV,curator_e,draft
EMO-HUMOR-001,EMO-HUMOR,emotion,E,幽默欣赏,Humor appreciation,2,funny cartoons; matched non-funny cartoons,cartoons with funniness rating,,synchronous,none,"Standard configuration (earliest published or canonical; D-057 -001): funny versus non-funny cartoon viewing with ratings (Mobbs et al. 2003, R1184).",待核实,,curator_e,draft
EMO-IAPS-001,EMO-IAPS,emotion,E,情绪图片观看,Affective picture viewing,3,pleasant pictures; neutral pictures; unpleasant pictures,"affective pictures (IAPS) shown for a few seconds each, often followed by ratings",,synchronous,none,"Standard configuration (earliest published or canonical; D-057 -001): passive viewing of pleasant, neutral and unpleasant pictures (ERP lead R0865).",待核实,,curator_e,draft
EMO-MID-001,EMO-MID,emotion,E,金钱激励延迟任务,Monetary incentive delay task,3,potential monetary gain; potential monetary loss; no incentive,"abstract shape cues signalling the monetary incentive, then a briefly presented target",,synchronous,discrete,"Standard configuration (earliest published or canonical; D-057 -001): monetary incentive delay task with gain, loss and neutral cues and per-trial outcome feedback (Knutson et al. 2000, R0193). Differs from EMO-MID-002 (social reward cues and feedback).",待核实,,curator_e,draft
EMO-MID-002,EMO-MID,emotion,E,社会激励延迟任务,Social incentive delay task,2,potential social reward; no incentive,"cues announcing social reward, then a target; outcome shown as a facial expression",,synchronous,discrete,"Criterion 2 versus EMO-MID-001: incentive cues and outcome feedback are social (facial approval) instead of monetary (Spreckelmeyer et al. 2009, R0426).",待核实,,curator_e,draft
EMO-REG-001,EMO-REG,emotion,E,情绪调节（认知重评）,Emotion regulation (cognitive reappraisal),2,attend (look); reappraise,"instruction cue followed by a negative picture, then affect rating",,synchronous,none,"Standard configuration (earliest published or canonical; D-057 -001): two-condition look-versus-reappraise design with negative pictures (Ochsner et al. 2002, R0232). Differs from EMO-REG-002 (reappraisal contrasted with expressive suppression).",待核实,,curator_e,draft
EMO-REG-002,EMO-REG,emotion,E,认知重评与表达抑制对比,Reappraisal versus expressive suppression,3,watch; reappraise; expressive suppression,instruction cue followed by a negative emotional stimulus,,synchronous,none,Criterion 1 versus EMO-REG-001: the condition set adds expressive suppression as a second regulation strategy (lead R1065; multi-strategy designs in R0599).,待核实,,curator_e,draft
EMO-SOUND-001,EMO-SOUND,emotion,E,情绪声音与语音韵律,Emotional sounds and vocal prosody,2,emotional prosody; neutral prosody,spoken sentences or pseudo-sentences with emotional or neutral prosody,,synchronous,none,"Standard configuration (earliest published or canonical; D-057 -001): emotional versus neutral speech prosody with passive listening or emotion identification; origin publication TBD (first_source holds an early ERP study, D-031).",待核实,,curator_e,draft
EMO-STRESS-001,EMO-STRESS,emotion,E,特里尔社会应激测试（TSST）,Trier Social Stress Test (TSST),3,"pre-stress baseline; anticipation, public speech and mental arithmetic before an evaluative panel; recovery","live evaluative panel; speech preparation, free speech and serial subtraction",,block,none,"Standard configuration (earliest published or canonical; D-057 -001): Trier Social Stress Test with a live panel (Kirschbaum et al. 1993, R0108). Differs from EMO-STRESS-002 (in-scanner arithmetic with time limits and performance feedback).",待核实,,curator_e,draft
EMO-STRESS-002,EMO-STRESS,emotion,E,蒙特利尔影像应激任务（MIST）,Montreal Imaging Stress Task (MIST),3,"rest; control arithmetic (no time limit, no evaluation); experimental arithmetic (adaptive time limit, social-evaluative feedback)",on-screen arithmetic with a progress bar and a performance indicator,,block,discrete,"Criteria 1, 2 and 4 versus EMO-STRESS-001: computerised in-scanner arithmetic with rest and control conditions instead of a live panel, and per-item performance feedback (Dedovic et al. 2005).",待核实,,curator_e,draft
EMO-THREAT-001,EMO-THREAT,emotion,E,NPU 电击威胁测试,NPU threat-of-shock test,3,neutral (no shock); predictable shock (cued); unpredictable shock,visual cues within condition blocks; shocks delivered only during cues (P) or at any time (U),,block,none,"Standard configuration (earliest published or canonical; D-057 -001): NPU-threat test contrasting predictable and unpredictable threat with a neutral condition (Schmitz & Grillon 2012 protocol paper, sprint-2 S2-04).",待核实,,curator_e,draft
EMO-TOUCH-001,EMO-TOUCH,emotion,E,情感触觉（C 触觉纤维最适触摸）,Affective (CT-optimal) touch,2,CT-optimal slow stroking on hairy skin; control touch (faster stroking or glabrous skin),soft brush strokes delivered by an experimenter or robot,,block,none,"Standard configuration (earliest published or canonical; D-057 -001): slow brush stroking versus control touch (Olausson et al. 2002, R1183).",待核实,,curator_e,draft
EMO-WORD-001,EMO-WORD,emotion,E,情绪词阅读,Emotional word reading,3,positive words; negative words; neutral words,words presented in a rapid serial stream during silent reading,,synchronous,none,"Standard configuration (earliest published or canonical; D-057 -001): rapid serial presentation of emotional and neutral words during reading (Kissler et al. 2007, R1181).",待核实,,curator_e,draft
ERR-AAF-001,ERR-AAF,error,C,音高偏移听觉反馈（言语运动误差）,Pitch-shifted auditory feedback during vocalization,2,upward pitch shift; downward pitch shift,brief real-time pitch shift of the participant's own voice heard through headphones during sustained vowel production,,synchronous,continuous,标准配置：持续元音发声时，耳机中实时回放的自身嗓音被短暂上移或下移音高（闭环听觉反馈扰动）。出处未定（TBD，见 first_source）；本包仅此一个配置。,TBD,,curator_c,draft
ERR-ADAPT-001,ERR-ADAPT,error,C,运动适应（视觉旋转）,Visuomotor adaptation,2,veridical cursor feedback; rotated cursor feedback,visual reach targets; cursor feedback of hand position rotated relative to the actual movement direction,,synchronous,continuous,标准配置（最早发表线索）：伸手/光标运动中施加视觉旋转，被试依据光标位置的感觉误差逐渐适应（Krakauer et al. 2000，R0194）。光标反馈为连续或仅终点显示的区别待核对原文（见 split_log 待例会行）。,待核实,,curator_c,draft
ERR-ADAPT-002,ERR-ADAPT,error,C,基于奖赏的运动学习（二值反馈）,Reward-based motor learning (binary feedback),2,success (reward); failure (no reward),reach target; binary colour feedback without cursor or hand-position information,,synchronous,discrete,准则 4：反馈为二值奖赏（成功/失败），不显示手或光标位置（ERR-ADAPT-001 为旋转光标的感觉误差反馈）。,待核实,,curator_c,draft
ERR-APC-001,ERR-APC,error,C,食欲性巴甫洛夫条件化（时间差分预测误差）,Appetitive Pavlovian conditioning (reward prediction error),3,expected reward delivery; reward omission; unexpected reward delivery,visual conditioned stimuli predicting delivery of a pleasant taste,,synchronous,none,标准配置：视觉条件刺激预测味觉奖赏，偶尔省略或意外给予奖赏，不要求反应（O'Doherty et al. 2003 线索 S_ODOHERTY2003）。本包仅此一个配置。,待核实,,curator_c,draft
ERR-AWARE-001,ERR-AWARE,error,C,错误觉知（选择任务 + 正确性判断）,Error awareness (choice task with accuracy judgements),3,correct response; aware (signalled) error; unaware error,visual speeded choice stimuli (flanker-type arrays) followed by a post-response judgement of response accuracy,,synchronous,none,标准配置（最早发表）：快速手动选择任务后，每次反应都作正确性判断，据此把错误分为觉察/未觉察（Scheffers & Coles 2000，R0195）。,待核实,,curator_c,draft
ERR-AWARE-002,ERR-AWARE,error,C,反向眼跳任务中的错误觉知,Error awareness in the antisaccade task,3,correct antisaccade; aware (signalled) error; unaware error,peripheral visual target; antisaccade instruction; error signalling after each trial,,synchronous,none,准则 2：刺激与反应换为反向眼跳（眼动反应、外周目标），错误为反射性前向扫视（ERR-AWARE-001 为手动选择任务）。,待核实,,curator_c,draft
ERR-AWARE-003,ERR-AWARE,error,C,错误觉知任务（EAT）,Error Awareness Task (EAT),4,correct Go; correct NoGo; aware commission error; unaware commission error,serial colour words (congruent or incongruent font colour); separate error-signalling button on the next trial,,synchronous,none,准则 1、2：Go/NoGo 结构，错误是抑制失败（误按），用 Stroop 式颜色词作刺激，觉知用下一试次的错误报告键标示（ERR-AWARE-001 为选择任务 + 每次正确性判断）。,待核实,,curator_c,draft
ERR-BANDIT-001,ERR-BANDIT,error,C,多臂老虎机（探索-利用）,Multi-armed bandit,4,arm 1; arm 2; arm 3; arm 4,four visual options (slot machines) whose payoffs drift over trials,,synchronous,discrete,"标准配置（最早发表）：四臂""不安定""老虎机，各臂报酬随时间漂移，每次选择后给出点数反馈（Daw et al. 2006，R0338）。本包仅此一个配置。",待核实,,curator_c,draft
ERR-CAUS-001,ERR-CAUS,error,C,因果学习,Causal learning,,,"sequences of cue or action and outcome events with manipulated contingency, followed by causal or contingency judgements",,synchronous,discrete,标准配置（最早行为学线索）：动作/线索与结果事件的统计关联被操纵，被试判断因果强度（Dickinson et al. 1984，R0066）。本包仅此一个配置。,待核实,,curator_c,draft
ERR-CHGPT-001,ERR-CHGPT,error,C,预测推断任务（变点条件）,Predictive inference task (change-point condition),1,change-point generative condition,"on each trial a prediction of the next outcome location, followed by the observed outcome drawn from a distribution whose mean shifts at unsignalled change points",,synchronous,discrete,标准配置（最早发表）：结果分布的均值在无提示的变点处突变，只有变点一种生成条件（Nassar et al. 2010，R1138）。,待核实,"Nassar, Bruckner & Frank 2019 behavioural and EEG data (Dryad)",curator_c,draft
ERR-CHGPT-002,ERR-CHGPT,error,C,预测推断任务（oddball 条件）,Predictive inference task (oddball condition),2,change-point condition; oddball condition,prediction of next outcome location followed by the observed outcome; blocks of change-point or oddball generative statistics,,synchronous,discrete,准则 1：条件集由单一变点条件扩为变点 + oddball 两种生成统计（ERR-CHGPT-001 只有变点条件）。,待核实,"Nassar, Bruckner & Frank 2019 behavioural and EEG data (Dryad)",curator_c,draft
ERR-ERRP-001,ERR-ERRP,error,C,交互式错误电位（离散用户指令）,Interaction error-related potentials (discrete user commands),2,correct interface action; erroneous interface action,"user issues discrete commands (e.g., key presses) to move a cursor towards a target; the interface executes the opposite action on a fixed proportion of trials",,synchronous,discrete,标准配置（最早发表）：用户发出离散指令移动光标，界面以固定概率执行相反动作（模拟 BCI 交互），错误反馈锁时诱发 ErrP（Ferrez & Millán 2008，R0403）。,待核实,,curator_c,draft
ERR-ERRP-002,ERR-ERRP,error,C,监视型错误电位（自主运行设备）,Monitoring error-related potentials (autonomous device),2,correct device movement; erroneous device movement,"cursor or device moving autonomously step by step towards a target, without user commands",,synchronous,discrete,准则 3：试次中没有用户指令阶段，用户只监视自主运行的设备（ERR-ERRP-001 中错误是对用户离散指令的错误执行）。,待核实,BNCI Horizon 2020 013-2015: Monitoring error-related potentials (64-channel EEG),curator_c,draft
ERR-ERRP-003,ERR-ERRP,error,C,P300 拼写器反馈错误电位,Error-related potentials to P300-speller feedback,2,correct character feedback; erroneous character feedback,visual feedback of the character selected by an online P300 speller,,synchronous,discrete,准则 2：错误刺激是 P300 拼写器给出的字符反馈（真实解码错误、错误率由拼写器决定），而不是 ERR-ERRP-001 中按固定概率人为插入的光标动作错误。,TBD,BCI Challenge @ NER 2015 (Kaggle): error potential detection in an online P300 speller,curator_c,draft
ERR-ERRP-004,ERR-ERRP,error,C,连续反馈中的错误电位,Error-related potentials during continuous feedback,3,correct continuous feedback; execution error; outcome error,continuous cursor control in a video game; errors inserted at unpredictable times,,continuous,continuous,准则 3、4：连续控制、无试次划分，反馈连续（ERR-ERRP-001 为离散指令与离散反馈）；准则 1：区分执行错误与结果错误两类错误。,待核实,,curator_c,draft
ERR-GAM-001,ERR-GAM,error,C,赌博与奖赏反馈,Gambling / reward feedback,2,monetary gain; monetary loss,"choice between two visual options labelled with monetary amounts, followed by gain/loss feedback",,synchronous,discrete,标准配置（最早发表）：在两个标有金额的选项中选择，随后呈现得/失反馈，得失与表现基本无关（Gehring & Willoughby 2002，R0235）；金额大小是否作为因素与 ERR-GAM-002 相区别，待核对原文。,待核实,,curator_c,draft
ERR-GAM-002,ERR-GAM,error,C,门选择猜测任务（doors task）,Doors guessing task,2,monetary gain; monetary loss,two doors; pure guess; fixed-magnitude gain/loss arrows,,synchronous,discrete,准则 2：刺激为两扇门与固定金额的得失箭头，纯猜测；准则 1：只有得/失两个条件，金额不作为因素（与 ERR-GAM-001 的金额标注选项相区别，后者金额因素待核对原文）。,TBD,,curator_c,draft
ERR-GAM-003,ERR-GAM,error,C,被动老虎机结果,Passive slot-machine outcomes,2,gain outcome; loss outcome,computer-generated slot-machine outcomes without a choice by the participant,,synchronous,discrete,准则 3：试次中没有选择/反应阶段，结果与被试行为无关（ERR-GAM-001 先选择再得反馈）。,待核实,,curator_c,draft
ERR-INST-001,ERR-INST,error,C,工具性条件化,Instrumental conditioning,2,rewarded outcome; unrewarded outcome,"visual stimuli chosen by the participant, each associated probabilistically with a rewarding outcome",,synchronous,discrete,标准配置（首个人类 fMRI 线索）：被试通过选择学习动作–结果关联，结果给出奖赏反馈（O'Doherty et al. 2004，S_ODOHERTY2004）。本包仅此一个配置。,待核实,,curator_c,draft
ERR-OBS-001,ERR-OBS,error,C,观察性错误（观察他人完成选择任务）,"Observation of errors (human performer, choice task)",2,observed correct response; observed error,"observer watches another person perform a speeded choice (flanker) task and its responses, without acting",,synchronous,none,标准配置（最早发表）：观察者观看另一名被试完成 Eriksen flanker 任务（van Schie et al. 2004，R0279；同类研究见 R0714 所列 Carp et al. 2009 等）。,待核实,,curator_c,draft
ERR-OBS-002,ERR-OBS,error,C,观察他人 Go/NoGo 任务中的错误,Observation of errors in a Go/NoGo task,3,observed correct Go; observed correct NoGo; observed commission error,observer watches another person's Go/NoGo stimuli and responses,,synchronous,none,准则 1、2：被观察的任务是 Go/NoGo，被观察的错误是抑制失败（误按），条件集含 Go/NoGo 两类刺激（ERR-OBS-001 观察的是选择任务中的选错）。,待核实,,curator_c,draft
ERR-OBS-003,ERR-OBS,error,C,沉浸式 VR 中观察化身的动作错误,Observation of avatar action errors in immersive VR,2,avatar correct action; avatar erroneous action,avatar reach-to-grasp actions in immersive VR seen from first- or third-person perspective,,synchronous,none,准则 2：被观察的刺激是 VR 中化身的伸手抓握动作（第一/第三人称视角），而不是 ERR-OBS-001 中他人在选择任务上的按键反应。,待核实,,curator_c,draft
ERR-OGNG-001,ERR-OGNG,error,C,正交化 Go/NoGo 学习任务,Orthogonalized Go/NoGo learning task,4,go to win; go to avoid losing; no-go to win; no-go to avoid losing,"four abstract visual cues, each assigned to one action (go/no-go) × outcome valence (win/avoid loss) combination",,synchronous,discrete,标准配置（最早发表线索）：4 个线索分别对应 动作（做/不做）× 结果效价（得奖/免罚），由概率反馈学习（S_GUITARTMASIP_GNG）。本包仅此一个配置。,待核实,,curator_c,draft
ERR-PCL-001,ERR-PCL,error,C,概率分类学习（天气预报任务）,Probabilistic classification learning,2,rain; sunshine,"combinations of cue cards, each probabilistically related to one of two outcomes",,synchronous,discrete,标准配置（最早发表）：天气预报任务，卡片组合概率性地预测两种结果之一，每次预测后给反馈（Knowlton et al. 1994，R0118）。本包仅此一个配置。,待核实,,curator_c,draft
ERR-PRL-001,ERR-PRL,error,C,概率反转学习,Probabilistic reversal learning,2,stimulus A; stimulus B,two visual stimuli with probabilistic reward feedback; contingency reversed without warning,,synchronous,discrete,标准配置（首个人类神经影像线索）：两刺激概率反馈学习，达到标准后无提示反转（Cools et al. 2002，R0223）。本包仅此一个配置。,待核实,,curator_c,draft
ERR-PRT-001,ERR-PRT,error,C,概率奖赏任务（信号检测）,Probabilistic reward task,2,short mouth; long mouth,briefly presented cartoon face with a short or long mouth; correct identifications of one stimulus rewarded more often,,synchronous,discrete,标准配置（最早发表）：信号检测任务，两类刺激的正确识别以不对称比例给奖赏，产生反应偏向（Pizzagalli et al. 2005，S_PIZZAGALLI2005）。本包仅此一个配置。,待核实,,curator_c,draft
ERR-PSEL-001,ERR-PSEL,error,C,概率选择任务,Probabilistic selection task,3,pair AB; pair CD; pair EF,fixed visual stimulus pairs differing in reward probability during training; novel pairings without feedback at test,,synchronous,discrete,标准配置（最早发表）：训练阶段 3 对固定刺激对的概率反馈学习，测试阶段新组合、无反馈（Frank et al. 2004，R0272）。本包仅此一个配置。,待核实,,curator_c,draft
ERR-TE-001,ERR-TE,error,C,时间估计任务,Time estimation task,2,correct feedback; incorrect feedback,"cue to start an interval estimate (e.g., one second) by button press; feedback on whether the estimate fell within an adaptive window",,synchronous,discrete,标准配置（最早发表）：时间估计后给出正确/错误反馈，时间窗自适应调整（Miltner et al. 1997，R0146）。本包仅此一个配置。,待核实,,curator_c,draft
ERR-TS-001,ERR-TS,error,C,两阶段决策（基于模型/无模型）,Two-stage decision task,4,"common transition, rewarded; common transition, unrewarded; rare transition, rewarded; rare transition, unrewarded",first-stage choice between two options leading probabilistically (common/rare) to one of two second-stage states; second-stage choice rewarded with slowly drifting probabilities,,synchronous,discrete,标准配置（公认标准两步任务）：第一阶段选择以常见/罕见转移进入第二阶段，第二阶段奖赏概率缓慢漂移（Daw et al. 2011，R0510）。,待核实,,curator_c,draft
ERR-TS-002,ERR-TS,error,C,确定性转移两阶段任务,Two-stage task with deterministic transitions,2,first-stage state 1; first-stage state 2,"two alternative first-stage states, each with two options leading deterministically to second-stage states with drifting point rewards",,synchronous,discrete,准则 1、2：去掉常见/罕见转移（确定性转移），引入两个起始状态，奖赏为连续分数（ERR-TS-001 为概率转移与二值奖赏）。,待核实,,curator_c,draft
ERR-VRPE-001,ERR-VRPE,error,C,虚拟现实视觉–触觉失配（预测误差负波）,Visuo-haptic mismatch in virtual reality,2,match (feedback at expected touch); mismatch (premature feedback),visual (and vibrotactile) touch feedback when reaching to tap a virtual object; on a minority of trials feedback is triggered prematurely,,synchronous,discrete,标准配置（最早发表）：VR 中伸手触碰虚拟物体，少数试次的触碰反馈提前出现（失配，oddball 结构）（Gehrke et al. 2019，R1142）。,待核实,"Visuo-haptic prediction errors (EEG, motion), BIDS",curator_c,draft
IMG-AUD-001,IMG-AUD,imagery,B,听觉想象,Auditory imagery,2,imagined song pitch comparison; perceived song pitch comparison,visually presented words from a familiar song,,block,none,"Standard configuration (earliest published) / 标准配置（最早发表）: pitch comparison between two words of a familiar song, in imagery vs perception (Zatorre et al. 1996, PET). Sibling: -002 continuation of a familiar tune in imagery after its first notes are heard (criteria 1, 2).",待核实,,curator_b,draft
IMG-AUD-002,IMG-AUD,imagery,B,熟悉曲调续想,Familiar-tune continuation imagery,2,tune continuation in imagery; listening control,first notes of a familiar tune (auditory),,block,none,Criteria 1 and 2 vs IMG-AUD-001: an auditory cue (opening notes) followed by continuation of the melody instead of visually presented lyrics with a pitch judgement.,待核实,,curator_b,draft
IMG-CMD-001,IMG-CMD,imagery,B,指令跟随想象（意识评估）,Command-following imagery,3,motor imagery (playing tennis); spatial imagery (navigating one's home); rest,spoken instruction,,block,none,"Standard configuration (earliest published) / 标准配置（最早发表）: fMRI blocks of tennis imagery and house-navigation imagery alternating with rest, instructed verbally (Owen et al. 2006). Siblings: -002 bedside EEG motor-imagery trials (criteria 1, 2, 3), -003 yes/no communication by imagery type (criterion 1).",待核实,,curator_b,draft
IMG-CMD-002,IMG-CMD,imagery,B,床旁脑电运动想象指令跟随,Bedside EEG motor-imagery command following,,"motor-imagery commands (two movements, to be checked against R0858); relax",spoken instruction with tone cues,,synchronous,none,"Criteria 1, 2 and 3 vs IMG-CMD-001: short EEG trials paced by tones with two motor-imagery commands, instead of 30-s fMRI blocks of tennis vs house-navigation imagery.",待核实,,curator_b,draft
IMG-CMD-003,IMG-CMD,imagery,B,基于想象的是/否沟通（功能磁共振）,Imagery-based yes/no communication (fMRI),2,yes (one imagery type); no (the other imagery type),spoken question; spoken words marking imagery and rest periods,,block,none,Criterion 1 vs IMG-CMD-001: the classes are answers (yes/no) mapped onto the two imagery types instead of instructed imagery types; the cue includes a question.,待核实,,curator_b,draft
IMG-MA-001,IMG-MA,imagery,B,心算,Mental arithmetic,2,mental arithmetic; baseline (rest),visual instruction / arithmetic problem,,synchronous,none,"Canonical configuration / 标准配置（公认）: silent calculation contrasted with a baseline task (two classes), cue-paced trials, no feedback - the configuration used by BNCI2015_004-style and fNIRS mental-arithmetic BCIs. Sibling: -002 five-class mental-task set (criterion 1). Keirn & Aunon 1990 (R0842) is the class-origin candidate only; whatever task set it contained does not change the meaning of -001 (D-062, D-063).",待核实,"Colorado State Keirn & Aunon mental-task EEG data; Open Access Dataset for EEG plus NIRS Single-Trial Classification (TU Berlin hybrid EEG+NIRS, MI and MA)",curator_b,draft
IMG-MA-002,IMG-MA,imagery,B,五分类心理任务脑机接口,Five-class mental-task BCI,5,,visual cue,,synchronous,none,"Criterion 1 vs IMG-MA-001: five mental-task classes (arithmetic plus four others) instead of arithmetic vs baseline. Content (class list, relation to Keirn & Aunon 1990) to be verified in sprint 3 (D-063); the ID keeps this meaning.",待核实,BNCI2015_004 (MOABB),curator_b,draft
IMG-OLF-001,IMG-OLF,imagery,B,嗅觉想象,Olfactory imagery,2,olfactory imagery; visual imagery of the odour source,odour name,,block,none,"Standard configuration (earliest published) / 标准配置（最早发表）: cued odour imagery contrasted with visual imagery (Djordjevic et al. 2005, secondary citation). No sibling protocol yet.",待核实,,curator_b,draft
IMG-ROT-001,IMG-ROT,imagery,B,心理旋转,Mental rotation,2,same object (rotated); mirror-image object,pairs of three-dimensional block figures at different angular disparities,,synchronous,none,"Standard configuration (earliest published) / 标准配置（最早发表）: same/mirror judgement of rotated 3-D object pairs (Shepard & Metzler 1971, behavioural origin, D-031). No sibling protocol yet.",待核实,,curator_b,draft
IMG-SAO-001,IMG-SAO,imagery,B,体感注意定向,Somatosensory attentional orientation,2,attend left wrist; attend right wrist,visual cue; equal vibrotactile stimulation of both wrists,bilateral simultaneous vibrotactile stimulation,synchronous,none,Standard configuration (earliest published) / 标准配置（最早发表）: selective attention to one of two simultaneously vibrated wrists (Yao et al. 2013). Sibling: -002 attentional orientation to a body part without stimulation (criterion 2).,待核实,,curator_b,draft
IMG-SAO-002,IMG-SAO,imagery,B,无刺激的体感注意定向,Somatosensory attentional orientation without stimulation,2,attend left hand; attend right hand,visual cue (no tactile stimulus),,synchronous,none,Criterion 2 vs IMG-SAO-001: attention is oriented to a body part without any vibrotactile stimulus.,待核实,,curator_b,draft
IMG-SPI-001,IMG-SPI,imagery,B,想象语音（内部言语）,Imagined / inner speech,,imagined vowels (set to be checked against R1109),visual cue,,synchronous,none,"Standard configuration (earliest published) / 标准配置（最早发表）: imagined vowel articulation classified offline from scalp EEG with common spatial patterns (DaSalla et al. 2009). Siblings: -002 imagined command words (criterion 1), -003 phoneme and word set with interleaved overt speech (criteria 1, 2).",待核实,,curator_b,draft
IMG-SPI-002,IMG-SPI,imagery,B,想象指令词（内部言语）,Imagined command words (inner speech),4,,visual cue,,synchronous,none,Criterion 1 vs IMG-SPI-001: a set of directional command words instead of vowels.,待核实,"Thinking out loud, an open-access EEG-based BCI dataset for inner speech recognition",curator_b,draft
IMG-SPI-003,IMG-SPI,imagery,B,想象音素、音节与词（混合集合）,"Imagined phonemes, syllables and words (mixed set)",11,iy; uw; piy; tiy; diy; m; n; pat; pot; knew; gnaw,visual prompt,,synchronous,none,Criterion 1 vs IMG-SPI-001 (vowels only) and vs IMG-SPI-002 (directional command words): a mixed set of seven phonemes/syllables and four phonologically similar words.,待核实,,curator_b,draft
IMG-TACT-001,IMG-TACT,imagery,B,触觉想象,Tactile imagery,2,tactile imagery; rest,visual cue after prior experience of the real vibration,,synchronous,none,Standard configuration (earliest published) / 标准配置（最早发表）: imagery of a previously experienced wrist vibration vs rest (Yakovlev et al. 2023). No sibling protocol yet.,待核实,,curator_b,draft
IMG-VIS-001,IMG-VIS,imagery,B,视觉想象,Visual imagery,2,visual imagery of a pattern; perception of the pattern,instruction to visualise a learned pattern with eyes closed,,block,none,"Standard configuration (earliest published) / 标准配置（最早发表）: imagery of simple learned patterns compared with perception, PET and rTMS of area 17 (Kosslyn et al. 1999). Sibling: -002 category-specific imagery of faces vs places (criterion 1).",待核实,,curator_b,draft
IMG-VIS-002,IMG-VIS,imagery,B,类别特异视觉想象（面孔对场景）,Category-specific visual imagery (faces vs places),2,face imagery; place imagery,cue naming a familiar face or place,,block,none,Criterion 1 vs IMG-VIS-001: two stimulus categories (faces vs places) contrasted with each other instead of imagery vs perception of simple patterns.,待核实,,curator_b,draft
LAN-AGL-001,LAN-AGL,language,D,人工语法学习,Artificial grammar learning,2,grammatical string; ungrammatical string,letter strings generated by a finite-state grammar,,synchronous,none,"标准配置（最早发表）：字母串，学习后做合语法性分类（Reber 1967, R0017）。音调串版本暂记为提议。",待核实,,curator_d,draft
LAN-CPS-001,LAN-CPS,language,D,韵律边界加工,Prosodic boundary processing (closure positive shift),2,sentence with additional intonational phrase boundary; sentence without it,naturally spoken sentences,,synchronous,none,"标准配置（最早发表）：听自然语音句子中的语调短语边界（Steinhauer et al. 1999, R1164）。与 -002（阅读，以逗号标记边界，准则 2）区别。",待核实,,curator_d,draft
LAN-CPS-002,LAN-CPS,language,D,阅读中的闭合正漂移（逗号标记边界）,Closure positive shift in reading (comma-marked boundaries),2,comma-marked boundary; no comma,written sentences presented word by word,,synchronous,none,准则 2：刺激由自然语音中的语调边界（LAN-CPS-001）变为书面句子中的逗号。,待核实,,curator_d,draft
LAN-GEST-001,LAN-GEST,language,D,言语—手势整合,Speech-gesture integration,2,gesture congruent with speech; gesture incongruent with speech,videos of a speaker producing speech with iconic hand gestures,,synchronous,none,标准配置（最早发表）：言语—手势一致 vs 不一致视频（源头 TBD）。本类目前只有这一配置；手势—言语时间偏移为参数。,TBD,,curator_d,draft
LAN-HIER-001,LAN-HIER,language,D,语言层级结构频率标记,Hierarchical linguistic structure tracking,2,structured syllable sequence; random syllable sequence,isochronous synthesised syllable sequences,"frequency tagging of syllable, phrase and sentence rates",continuous,none,"标准配置（最早发表）：等时音节序列，频率标记音节/短语/句子速率（Ding et al. 2016, R1161）。本类只有这一配置。",待核实,,curator_d,draft
LAN-LDT-001,LAN-LDT,language,D,词汇判断,Lexical decision,2,word; pseudoword,"visually presented letter strings, one at a time",,synchronous,none,"标准配置（最早发表）：视觉词汇判断（类源头 Meyer & Schvaneveldt 1971, R0022）。听觉词汇判断暂记为提议（无线索）。",待核实,,curator_d,draft
LAN-LOC-001,LAN-LOC,language,D,语言定位任务,Language localizer (sentences vs nonwords),2,sentences; nonword lists,"visually presented sentences and nonword sequences, word by word",,block,none,"标准配置（最早发表）：阅读句子 vs 非词序列的组块设计（Fedorenko et al. 2010, R1162）。与 -002（听完整 vs 声学退化语音，准则 2）区别。",待核实,,curator_d,draft
LAN-LOC-002,LAN-LOC,language,D,听觉语言定位任务（完整 vs 退化语音）,Auditory language localizer (intact vs degraded speech),2,intact passages; acoustically degraded passages,spoken passages (interview excerpts and similar),,block,none,准则 2：刺激由书面句子/非词（LAN-LOC-001）变为口语段落与声学退化版本。,待核实,,curator_d,draft
LAN-MUS-001,LAN-MUS,language,D,音乐句法违例,Music-syntactic violation,2,harmonically regular chord; harmonically irregular chord,chord sequences or musical phrases,,synchronous,none,标准配置（最早发表）：和弦序列中的和声规则/违例目标和弦（R1030，仅标题与 PMID）。本类目前只有这一配置。,待核实,,curator_d,draft
LAN-N400-001,LAN-N400,language,D,语义违例,Semantic violation,2,congruent ending; semantically anomalous ending,sentences presented visually word by word (RSVP),,synchronous,none,"标准配置（最早发表）：句末语义违例 vs 一致（Kutas & Hillyard 1980, R0924）。与 -002（按完形概率分级的期待性，准则 1）区别。",待核实,,curator_d,draft
LAN-N400-002,LAN-N400,language,D,按完形概率分级的句末词,Graded cloze-probability sentence endings,3,high cloze; medium cloze; low cloze,sentences presented visually word by word,,synchronous,none,准则 1：条件集由一致/语义违例二分（LAN-N400-001）变为同属可接受结尾、按完形概率分级的多个水平。,待核实,,curator_d,draft
LAN-NAT-001,LAN-NAT,language,D,自然语音聆听,Naturalistic speech listening,1,continuous speech,"continuous natural speech (audiobooks, stories, podcasts)",,continuous,none,标准配置（最早发表）：连续自然语音聆听，TRF/刺激重建分析（R1026、R1005）。本类只有这一配置；多说话人选择性注意属 PER-AAD（包 A）。,待核实,,curator_d,draft
LAN-NWL-001,LAN-NWL,language,D,新词学习,Novel word learning,2,novel word; known word,"pseudowords embedded in sentence contexts, pictures or definitions",,synchronous,none,标准配置（最早发表）：语境中学习新词，再测其 N400 效应（源头 TBD）。本类目前只有这一配置。,TBD,,curator_d,draft
LAN-OVS-001,LAN-OVS,language,D,出声或尝试言语产生,Overt / attempted speech production,1,consonant-vowel syllables (set: parameter),"visually or auditorily prompted syllables, read aloud",,synchronous,none,标准配置（最早发表）：开环出声说出提示的辅音—元音音节，ECoG 记录腹侧感觉运动皮层（R0941）。与 -002（瘫痪者尝试说固定小词表、实时离散解码，准则 1;4）、-003（大词表句子、实时连续解码，准则 1;4）区别。,待核实,,curator_d,draft
LAN-OVS-002,LAN-OVS,language,D,尝试言语：小词表单词实时解码,Attempted speech: small-vocabulary word decoding with real-time output,1,word from a fixed small vocabulary (size: parameter),visually cued words and sentences,,synchronous,discrete,准则 1;4：类别集由音节（LAN-OVS-001）变为固定小词表中的词；实时解码并显示结果（离散闭环反馈）。,待核实,,curator_d,draft
LAN-OVS-003,LAN-OVS,language,D,尝试言语：大词表句子解码,Attempted speech: large-vocabulary sentence decoding,1,phoneme sequence of an open-vocabulary sentence,visually cued sentences,phoneme-level decoding with a large-vocabulary language model,continuous,continuous,准则 1;4：类别集由固定小词表（LAN-OVS-002）变为开放大词表的音素序列；输出在尝试说句的过程中连续更新（连续闭环反馈）。,待核实,,curator_d,draft
LAN-P600-001,LAN-P600,language,D,句法违例,Syntactic violation,2,syntactically well-formed; syntactic violation,sentences presented word by word,,synchronous,none,标准配置（最早发表）：句法违例（一致性或短语结构错误）vs 合法句（R1071，SPS）。与 -002（花园路径暂时歧义句，准则 1）区别。,待核实,,curator_d,draft
LAN-P600-002,LAN-P600,language,D,花园路径句,Garden-path sentences,2,garden-path; unambiguous control,sentences presented word by word,,synchronous,none,准则 1：条件集由不合语法的违例句（LAN-P600-001）变为合语法但暂时歧义、需重新分析的句子与无歧义对照。,待核实,,curator_d,draft
LAN-PCAT-001,LAN-PCAT,language,D,音位范畴化,Phoneme categorization,2,phoneme category A; phoneme category B,syllables from an acoustic continuum between two (or three) phonemes,,synchronous,none,标准配置（最早发表）：音位连续体上的音节辨认（R1169）。本类只有这一配置。,待核实,,curator_d,draft
LAN-PHA-001,LAN-PHA,language,D,语音意识,Phonological awareness,2,rhyme; non-rhyme,visually presented word or letter pairs,,synchronous,none,"标准配置（最早发表）：押韵判断（Shaywitz et al. 1998, R0162，最早神经影像线索，非任务源头）。音位删除等其他语音意识任务暂记为提议。",待核实,,curator_d,draft
LAN-PN-001,LAN-PN,language,D,图片命名,Picture naming,1,picture naming (items: parameter),line drawings or photographs of objects or actions,,synchronous,none,标准配置（最早发表）：出声图片命名（源头候选 R0914）。与 -002（图词干扰：叠加干扰词，准则 2）区别。,待核实,,curator_d,draft
LAN-PN-002,LAN-PN,language,D,图词干扰,Picture-word interference,3,semantically related; phonologically related; unrelated,picture with a superimposed written (or simultaneous spoken) distractor word,,synchronous,none,准则 2（及 1）：刺激由单纯图片（LAN-PN-001）变为图片 + 干扰词，条件集按干扰词与目标名称的关系划分。,TBD,,curator_d,draft
LAN-PRIME-001,LAN-PRIME,language,D,语义启动,Semantic priming,2,related prime-target; unrelated prime-target,visible prime word followed by a target word,,synchronous,none,"标准配置（最早发表）：可见启动词 + 目标词（词汇判断或阅读；Meyer & Schvaneveldt 1971, R0022）。与 -002（掩蔽启动，准则 2）区别。",待核实,,curator_d,draft
LAN-PRIME-002,LAN-PRIME,language,D,掩蔽语义启动,Masked semantic priming,2,related; unrelated,pattern-masked brief prime followed by a visible target,forward/backward pattern masking of the prime,synchronous,none,准则 2：启动刺激由可见（LAN-PRIME-001）变为被图形掩蔽、几乎不可见的短暂呈现。,TBD,,curator_d,draft
LAN-READ-001,LAN-READ,language,D,自然阅读（眼动同步）,Natural reading with eye tracking,1,word fixations (predictability: parameter),sentences or texts read freely,,continuous,none,"标准配置（最早发表）：自由阅读 + EEG/眼动同步，注视锁时（Dimigen et al. 2011, R1163）。本类只有这一配置。",待核实,,curator_d,draft
LAN-SC-001,LAN-SC,language,D,句子理解,Sentence comprehension,2,complex sentence; simple sentence,written or spoken sentences followed by comprehension questions,,synchronous,none,"标准配置（最早发表）：结构复杂/暂时歧义句 vs 简单句的理解（类源头 Frazier & Rayner 1982, R0055）。与 -002（手语句子理解，准则 2，D-044）区别。",待核实,,curator_d,draft
LAN-SC-002,LAN-SC,language,D,手语句子理解,Sign language sentence comprehension,2,signed sentences; non-linguistic gesture baseline,videos of a signer,,block,none,准则 2：输入由书面/口语句子（LAN-SC-001）变为视觉—手势模态的手语句子。,待核实,,curator_d,draft
LAN-SEMD-001,LAN-SEMD,language,D,语义判断任务（语言定位）,Semantic decision task,2,semantic decision; tone decision,spoken animal names (semantic task) and tone sequences (control),,block,none,标准配置（最早发表）：语义判断 vs 音调判断组块对比（R1168）。本类只有这一配置。,待核实,,curator_d,draft
LAN-SIS-001,LAN-SIS,language,D,言语诱发抑制与听觉反馈,Speaking-induced suppression / altered auditory feedback,2,speaking (own voice); listening (playback),self-produced speech sounds vs playback of the same recordings,,synchronous,none,"标准配置（最早发表）：说话 vs 听回放（Curio et al. 2000, R1167）。与 -002（实时改变听觉反馈，准则 1;4）区别；D-042 若并入 ERR-AAF-001，其音高扰动响应在本类下取 -003。",待核实,,curator_d,draft
LAN-SIS-002,LAN-SIS,language,D,改变听觉反馈下的说话,Speaking with altered auditory feedback,3,speak with normal feedback; speak with altered feedback; listen,real-time manipulation of the participant's own voice,,synchronous,continuous,准则 1;4：在说/听对比（LAN-SIS-001）中加入实时改变的听觉反馈条件，反馈路径被实时操纵（连续闭环）。,待核实,,curator_d,draft
LAN-SL-001,LAN-SL,language,D,统计学习（言语切分）,Statistical learning of speech streams,2,structured syllable stream; random syllable stream,continuous stream of synthesised syllables forming trisyllabic words by transitional probability,frequency tagging of syllable and word rates (neural versions),continuous,none,"标准配置（最早发表）：听觉音节流（Saffran et al. 1996, R1166，婴儿行为学源头）。视觉形状流版本暂记为提议。",待核实,,curator_d,draft
LAN-SWITCH-001,LAN-SWITCH,language,D,双语语言切换,Bilingual language switching,2,language repeat trial; language switch trial,pictures or digits with a cue indicating the response language,,synchronous,none,标准配置（最早发表）：线索指定语言的图片/数字命名（产出），重复 vs 切换（源头 TBD；R1211）。与 -002（接受性语言切换，准则 1;2）区别。,TBD,,curator_d,draft
LAN-SWITCH-002,LAN-SWITCH,language,D,接受性语言切换,Receptive language switching,2,language repeat trial; language switch trial,"written words in either language (language is given by the word, no cue)",,synchronous,none,准则 1;2：任务由线索指定语言的命名产出（LAN-SWITCH-001）变为对两种语言词的理解判断，无语言提示线索。,待核实,,curator_d,draft
LAN-VF-001,LAN-VF,language,D,言语流畅性,Verbal fluency,1,word generation (letter or category cue),spoken letter or category cue,,block,none,"标准配置（最早发表）：神经心理测验（限时口头生成，每个线索一个固定时段；Benton et al. 1983, R0061）。与 -002（BCI 心理任务：短的提示试次中默想生词 vs 休息，准则 1;3）、-003（fNIRS 组块设计，生成与控制交替，准则 1）区别。",待核实,,curator_d; curator_b; maintainer,draft
LAN-VF-002,LAN-VF,language,D,默想生词心理任务（fNIRS/EEG BCI）,Covert word generation mental task (fNIRS/EEG BCI),2,word generation; baseline (rest),visual letter cue per trial,,synchronous,none,准则 1;3：由每线索一个计分时段的测验（LAN-VF-001）变为默想生词与休息两类的短提示试次，用作 BCI 分类；Shin 等数据集为开环（无反馈）。,待核实,"Simultaneous acquisition of EEG and NIRS during cognitive tasks for an open access dataset (n-back, DSR, word generation; Shin et al.)",curator_d,draft
LAN-VF-003,LAN-VF,language,D,言语流畅性 fNIRS 组块设计,Verbal fluency fNIRS block design,2,verbal fluency; control repetition,spoken letter cues during the task period; repetition instruction during control periods,,block,none,准则 1：在流畅性生成（LAN-VF-001）前后加入控制期并以“任务 − 控制”对比为读出，条件集由单一生成条件变为生成与控制两类。,TBD,,curator_d,draft
LAN-VG-001,LAN-VG,language,D,动词生成,Verb generation,2,verb generation; noun repetition/reading,visually or auditorily presented nouns,,synchronous,none,"标准配置（最早发表）：给名词生成相关动词 vs 复述/朗读（Petersen et al. 1988, R0082）。本类只有这一配置（出声/默想为参数，临床组块设计待复核）。",待核实,,curator_d,draft
LAN-VWFA-001,LAN-VWFA,language,D,视觉词形加工（字词定位）,Visual word form processing,2,"written words; control strings (consonant strings, false fonts, objects)",visually presented words and control stimuli,,block,none,标准配置（最早发表）：字词 vs 控制刺激（R1165）。本类只有这一配置（事件相关 vs 组块为参数，待复核）。,待核实,,curator_d,draft
MEM-CD-001,MEM-CD,memory,D,变化检测,Change detection,2,change; no change,"brief whole-display memory array of simple coloured squares or features, followed by a test array",,synchronous,none,"标准配置（最早发表）：全视野记忆阵列 + 测试阵列，二择一报告“有/无变化”，集合大小为参数（Luck & Vogel 1997, R0151）。与 -002（连续报告，准则 1）、-003（偏侧化箭头前线索，准则 2）区别。",待核实,,curator_d,draft
MEM-CD-002,MEM-CD,memory,D,延迟估计（连续报告）,Delayed estimation (continuous report),1,continuous feature report of the probed item,"memory array, then a location probe and a continuous response scale (colour wheel or orientation)",,synchronous,none,准则 1：报告空间由“有/无变化”二择（MEM-CD-001）变为对被探测项目特征的连续复现；刺激与时序同 -001。,待核实,,curator_d,draft
MEM-CD-003,MEM-CD,memory,D,偏侧化变化检测（CDA）,Lateralised change detection (CDA),2,change; no change,"central arrow pre-cue to one hemifield, then a bilateral memory array and a test array",bilateral arrays with spatial pre-cue (contralateral minus ipsilateral subtraction),synchronous,none,准则 2：在全视野阵列（MEM-CD-001）之外加入指向一侧视野的箭头前线索与双侧阵列，使对侧–同侧差（CDA）可测。,待核实,,curator_d,draft
MEM-CFMT-001,MEM-CFMT,memory,D,剑桥面孔记忆,Cambridge face memory test,2,learned target face; distractor face,greyscale unfamiliar face photographs; learning views then three-alternative test displays,,synchronous,none,"标准配置（最早发表）：标准化测验（学习 + 三择一识别，含新视角与加噪阶段；Duchaine & Nakayama 2006, R0354）。本类目前只有这一配置。",待核实,,curator_d,draft
MEM-CIT-001,MEM-CIT,memory,D,隐匿信息测试（P300）,Concealed information test (P300-based),3,probe; irrelevant; target,serially presented single items (words or pictures) on screen,"three-stimulus oddball: rare probe and rare target among frequent irrelevants, one stimulus per trial",synchronous,none,"标准配置（最早发表）：三刺激（探测/无关/靶）单刺激试次序列（Farwell & Donchin 1991, R1160）。与 -002（复合试次协议 CTP，准则 3）区别。",待核实,,curator_d; curator_e; maintainer,draft
MEM-CIT-002,MEM-CIT,memory,D,复合试次协议（P300 隐匿信息测试）,Complex trial protocol (P300 CIT),4,probe; irrelevant; target; non-target,"two sequential stimuli per trial: probe/irrelevant item, then target/non-target item",dual-stimulus trials (probe/irrelevant followed by target/non-target),synchronous,none,准则 3（及 1）：试次结构由每试次一个刺激（MEM-CIT-001 三刺激协议）变为每试次两个刺激（先探测/无关、后靶/非靶），类别集相应改变。,待核实,,curator_d,draft
MEM-DF-001,MEM-DF,memory,D,定向遗忘,Directed forgetting,2,remember cue; forget cue,study item followed by an item-specific remember or forget instruction,,synchronous,none,"标准配置（最早发表）：逐项给出记住/遗忘指示（item method；类源头 Bjork 1970, R0021，该文的指示方式待核对）。与 -002（list method，整列表后给指示，准则 3）区别。",待核实,,curator_d,draft
MEM-DF-002,MEM-DF,memory,D,列表法定向遗忘,List-method directed forgetting,2,forget instruction; remember instruction,one remember/forget instruction after the whole first list,,block,none,准则 3：遗忘指示由逐项给出（MEM-DF-001 item method）变为整列表后给出一次，比较单位由项目变为列表。,TBD,,curator_d,draft
MEM-DMS-001,MEM-DMS,memory,D,延迟匹配,Delayed match-to-sample,2,match; non-match,"visual sample stimulus, blank delay, single probe",,synchronous,none,"标准配置（最早发表）：样本—延迟—探测，判断探测是否与样本相同（类源头 Fuster & Alexander 1971, R0025，动物研究，D-031 第 2 款）。延迟非匹配（DNMS）配置无人类线索，暂记为提议。",待核实,,curator_d,draft
MEM-DRM-001,MEM-DRM,memory,D,错误记忆（DRM）,Deese-Roediger-McDermott paradigm,3,studied word; critical lure; unrelated new word,auditory or visual lists of semantic associates of a non-presented critical lure,,synchronous,none,"标准配置（最早发表）：联想词表学习 + 回忆/再认测试（Deese 1959, R0006；Roediger & McDermott 1995, R0122）。本类只有这一配置。",待核实,,curator_d,draft
MEM-DS-001,MEM-DS,memory,D,数字广度,Digit span,1,forward serial recall,spoken or visually presented digit sequences of increasing length,,synchronous,none,"标准配置（最早发表）：顺背数字广度（Jacobs 1887, R1158）。与 -002（倒背，准则 1）区别。",待核实,,curator_d,draft
MEM-DS-002,MEM-DS,memory,D,倒背数字广度,Backward digit span,1,backward serial recall,spoken or visually presented digit sequences,,synchronous,none,准则 1：任务规则由按原顺序复述（MEM-DS-001）变为倒序复述。,TBD,,curator_d,draft
MEM-EFT-001,MEM-EFT,memory,D,情景未来思维,Episodic future thinking,2,remember past event; imagine future event,cue words prompting a specific personal event,,synchronous,none,"标准配置（最早发表）：线索词引发回忆过去/想象未来事件，分构建与细化两阶段（Addis et al. 2007, R0376）。本类只有这一配置。",待核实,,curator_d,draft
MEM-FR-001,MEM-FR,memory,D,自由回忆与词表学习,Free recall / list learning,2,later recalled; later forgotten,"visually or auditorily presented word list, one word at a time, followed by a distractor or delay and a free-recall period",,synchronous,none,"标准配置（最早发表）：单次学习—自由回忆的词表（Murdock 1962, R1155）。与 -002（RAVLT：重复学习—回忆循环 + 干扰表 + 延迟回忆与再认，准则 1;3）区别。",待核实,,curator_d,draft
MEM-FR-002,MEM-FR,memory,D,Rey 听觉词语学习测验,Rey Auditory Verbal Learning Test,5,learning trials 1-5; interference list B; short-delay recall; long-delay recall; recognition,auditory word list read by the examiner,,block,none,准则 1;3：同一列表的重复学习—回忆循环 + 干扰列表 + 延迟回忆与再认，取代 MEM-FR-001 的单次学习—回忆。,待核实,,curator_d,draft
MEM-META-001,MEM-META,memory,D,元记忆（知晓感、学习判断）,Metamemory (feeling-of-knowing / judgment-of-learning),2,feeling-of-knowing rating; later recognition (correct/incorrect),"general-knowledge questions or cue words; recall attempt, then FOK rating, then recognition test",recall-judgment-recognition (RJR) procedure,synchronous,none,"标准配置（最早发表）：回忆—判断—再认（RJR）知晓感程序（Hart 1965, R0013）。与 -002（学习判断 JOL：学习后预测回忆，准则 1;3）区别。",待核实,,curator_d,draft
MEM-META-002,MEM-META,memory,D,学习判断（JOL）,Judgment of learning,2,JOL rating; later recall (correct/incorrect),word pairs at study; cue word for the JOL prompt and the recall test,study-judgment-recall procedure,synchronous,none,准则 1;3：判断对象与时序改变——学习后预测之后能否回忆（学习—判断—回忆），而不是回忆失败后预测能否再认（MEM-META-001 回忆—判断—再认）。,待核实,,curator_d,draft
MEM-MST-001,MEM-MST,memory,D,记忆相似性（模式分离）,Mnemonic similarity task,3,old (repeat); similar (lure); new (foil),colour photographs of everyday objects,,synchronous,none,"标准配置（最早发表）：显式“旧/相似/新”三择判断（类源头 Kirwan & Stark 2007, R0373；标准化 MST 见 Stark et al. 2013, R0565，连续再认与学习—测试两阶段呈现作为参数范围，待核对）。与 -002（偶然编码、无记忆判断的重复抑制设计，准则 1）区别。",待核实,,curator_d,draft
MEM-MST-002,MEM-MST,memory,D,偶然编码的记忆相似性（重复抑制设计）,Incidental mnemonic similarity (repetition suppression),3,first presentation; repeat; similar lure,object photographs with an incidental indoor/outdoor judgement,,synchronous,none,准则 1：条件集由显式“旧/相似/新”判断（MEM-MST-001）变为不要求记忆判断的首次/重复/诱饵对比，读出为 BOLD 重复抑制。,待核实,,curator_d,draft
MEM-NAV-001,MEM-NAV,memory,D,虚拟空间导航记忆,Virtual spatial navigation,2,wayfinding (novel route); route following (familiar route),first-person virtual town with landmarks and target locations,,synchronous,none,"标准配置（最早发表）：虚拟城镇中的寻路/路线导航（Maguire et al. 1998, R0164；Hartley et al. 2003, R0265）。与 -002（虚拟放射臂迷宫，准则 1;2）、-003（虚拟 Morris 水迷宫，准则 1;2）区别。",待核实,,curator_d,draft
MEM-NAV-002,MEM-NAV,memory,D,虚拟放射臂迷宫,Virtual radial arm maze,2,baited arm; unbaited / already visited arm,virtual 8-arm (or 4-on-8) maze with distal landmarks,,synchronous,discrete,准则 1;2：环境与任务由城镇寻路（MEM-NAV-001）变为多臂迷宫中的赢—移（win-shift）觅食，类别为已访问/未访问、有/无奖励的臂；每次进入给出是否获得奖励的离散反馈（准则 4）。,待核实,,curator_d,draft
MEM-NAV-003,MEM-NAV,memory,D,虚拟 Morris 水迷宫,Virtual Morris water maze,3,hidden platform; probe (no platform); visible platform (control),virtual circular arena with distal room cues,,synchronous,discrete,准则 1;2：单一隐藏目标的开放场寻找（MEM-NAV-001 为城镇路线），含探测试次与可见平台控制；到达平台为离散反馈（准则 4）。,TBD,,curator_d,draft
MEM-NBK-001,MEM-NBK,memory,D,n-back,n-back task,2,target (match n back); non-target,single stream of serially presented stimuli,"single-stream n-back, one fixed n per run",synchronous,none,"标准配置（最早发表）：单一刺激流、固定 n 的 n-back（Kirchner 1958, R1154）。与 -002（含 0-back 控制的多负荷组块设计，准则 1;3）、-003（双通道 n-back，准则 1;2）、-004（自适应双 n-back 训练，准则 4）区别。",待核实,,curator_d,draft
MEM-NBK-002,MEM-NBK,memory,D,含 0-back 控制的多负荷 n-back（组块设计）,Parametric n-back with 0-back control (block design),3,0-back; lower load n-back; higher load n-back,"single stimulus stream (letters, digits or locations) with a block instruction screen indicating n",,block,none,准则 1;3：条件集由单一固定 n（MEM-NBK-001）变为含 0-back 控制的多个负荷水平，并采用负荷组块（与休息）交替的组块设计；具体负荷水平组合（如 0/1/2/3 或 0/2/3）为参数。,TBD,"Simultaneous acquisition of EEG and NIRS during cognitive tasks (Shin et al. 2018), dataset with n-back blocks",curator_d,draft
MEM-NBK-003,MEM-NBK,memory,D,双通道 n-back,Dual n-back,4,visual match; auditory match; both match; no match,simultaneous visual-spatial stream and auditory letter stream,two concurrent streams with independent n-back targets,synchronous,none,准则 1;2：刺激由单一流（MEM-NBK-001）变为同时呈现的视觉空间流与听觉字母流，靶类别由一类变为视觉/听觉/双重/无四类。,待核实,,curator_d,draft
MEM-NBK-004,MEM-NBK,memory,D,自适应双 n-back 训练,Adaptive dual n-back training,4,visual match; auditory match; both match; no match,simultaneous visual-spatial stream and auditory letter stream; level changes between blocks,two concurrent streams; performance-adaptive n,block,discrete,准则 4（及 3）：在双通道 n-back（MEM-NBK-003）基础上按组块成绩自适应调整 n 并给出成绩反馈，构成闭环训练；以多次训练组块取代单次测试。,待核实,,curator_d,draft
MEM-ON-001,MEM-ON,memory,D,新旧再认,Old/new recognition,2,old; new,studied and unstudied words or pictures intermixed at test,,synchronous,none,"标准配置（最早发表）：学习—测试，二择“旧/新”判断（类源头 Mandler 1980, R0051）。与 -002（记得/知道判断，准则 1，D-024）区别。",待核实,,curator_d,draft
MEM-ON-002,MEM-ON,memory,D,记得/知道再认,Remember/know recognition,3,remember; know; new,studied and unstudied items intermixed at test,,synchronous,none,准则 1：报告类别由“旧/新”二类（MEM-ON-001）变为“记得/知道/新”三类。,待核实,,curator_d,draft
MEM-PA-001,MEM-PA,memory,D,配对联想学习,Paired-associate learning,2,later recalled pair; later forgotten pair,word-word pairs at study; first word as cue at test,,synchronous,none,标准配置（最早发表）：词—词配对学习与线索回忆（源头 TBD）。与 -002（物体—位置视空间配对联想，准则 2）区别。,TBD,,curator_d,draft
MEM-PA-002,MEM-PA,memory,D,视空间配对联想学习,Visuospatial paired-associate learning,2,correct location; incorrect location,abstract patterns or objects in spatial locations,,synchronous,none,准则 2：联想对由词—词（MEM-PA-001）变为图案/物体—位置，测试为位置指认。,TBD,,curator_d,draft
MEM-PM-001,MEM-PM,memory,D,前瞻记忆,Prospective memory,2,prospective-memory cue; ongoing-task stimulus,ongoing-task stimuli with embedded event cues (for example a target word),,synchronous,none,"标准配置（最早发表）：事件型前瞻记忆（Einstein & McDaniel 1990, R0092）。与 -002（时间型，以时间而非事件为线索，准则 2）区别。",待核实,,curator_d,draft
MEM-PM-002,MEM-PM,memory,D,时间型前瞻记忆,Time-based prospective memory,3,ongoing-task trial; clock check; PM response at target time,ongoing-task stimuli; a clock that can be checked on request,,synchronous,none,准则 2：前瞻记忆线索由外部事件（MEM-PM-001）变为时间（自我监控时钟），条件集相应增加“查看时钟”。,TBD,,curator_d,draft
MEM-RC-001,MEM-RC,memory,D,回溯线索,Retro-cue paradigm,2,informative retro-cue; neutral cue,"memory array, then a spatial cue during the retention interval, then a probe",,synchronous,none,"标准配置（最早发表）：保持期空间回溯线索 vs 中性线索（Griffin & Nobre 2003, R1156）。本类目前只有这一配置。",待核实,,curator_d,draft
MEM-RIF-001,MEM-RIF,memory,D,提取诱发遗忘,Retrieval-induced forgetting,3,practised item (Rp+); unpractised item of practised category (Rp-); item of unpractised category (Nrp),category-exemplar word pairs; category plus word-stem cues for retrieval practice,,synchronous,none,"标准配置（最早发表）：学习—提取练习—最终测试三阶段（Anderson, Bjork & Bjork 1994, R1159）。本类只有这一配置。",待核实,,curator_d,draft
MEM-RMEM-001,MEM-RMEM,memory,D,奖赏驱动的记忆编码,Reward-motivated memory encoding,2,high-reward cue; low-reward cue,reward-value cue preceding each study item,,synchronous,none,标准配置（最早发表）：每个学习项目前给出高/低奖赏提示，之后测试记忆（源头 TBD）。本类只有这一配置。,TBD,,curator_d,draft
MEM-RPRIM-001,MEM-RPRIM,memory,D,重复启动（内隐记忆）,Repetition priming,2,first presentation; repeated presentation,"words, pictures or faces in an incidental task",,synchronous,none,标准配置（最早发表）：偶然任务中的首次 vs 重复呈现（源头 TBD）。本类只有这一配置。,TBD,,curator_d,draft
MEM-RPT-001,MEM-RPT,memory,D,近期探测任务（前摄干扰）,Recent-probes task,3,positive probe; recent negative probe; non-recent negative probe,"small memory set of letters or words, then a single probe",,synchronous,none,标准配置（最早发表）：Sternberg 式项目再认中加入近期负探测（源头 TBD，Monsell 1978 待核）。本类只有这一配置。,TBD,,curator_d,draft
MEM-SB-001,MEM-SB,memory,D,Sternberg 工作记忆,Sternberg task,2,probe in set; probe not in set,"memory set of 1 to several items, retention interval, single probe",,synchronous,none,"标准配置（最早发表）：Sternberg 项目再认（Sternberg 1966, R0014），集合大小为参数。本类只有这一配置。",待核实,,curator_d,draft
MEM-SME-001,MEM-SME,memory,D,后续记忆效应,Subsequent memory paradigm,2,subsequently remembered; subsequently forgotten,"items encoded under an (often incidental) study task, followed by a later memory test",,synchronous,none,"标准配置（最早发表）：编码期活动按后续测试结果分类（Paller, Kutas & Mayes 1987, R1157）。本类只有这一配置。",待核实,,curator_d,draft
MEM-SRC-001,MEM-SRC,memory,D,来源记忆,Source memory,3,correct source; incorrect source; new,"items studied in one of two contexts (location, voice or encoding task)",,synchronous,none,"标准配置（最早发表）：两种学习情境 + 再认与来源判断（类源头 Johnson et al. 1993, R0107，为综述，weak_origin）。本类只有这一配置。",待核实,,curator_d,draft
MEM-SRE-001,MEM-SRE,memory,D,自我参照编码,Self-referential encoding,3,self-reference; other-reference; structural/semantic judgement,trait adjectives with an encoding question,,synchronous,none,"标准配置（最早发表）：自我/他人/结构判断编码 + 意外记忆测试（Rogers et al. 1977, R0042）。本类只有这一配置。",待核实,,curator_d,draft
MEM-SWM-001,MEM-SWM,memory,D,空间工作记忆,Spatial working memory,1,sequence reproduction,sequence of block locations tapped by the experimenter (or highlighted on screen),,synchronous,none,"标准配置（最早发表）：Corsi 方块敲击（Milner 1971, R0023；Corsi 1972, R0028），序列长度为参数。自定序空间搜索与偏侧化空间延迟反应配置暂记为提议。",待核实,,curator_d,draft
MEM-TMR-001,MEM-TMR,memory,D,睡眠中目标记忆再激活,Targeted memory reactivation,2,cued items; uncued items,item-specific sounds paired with items at learning and re-presented during slow-wave sleep,item-specific auditory cues,synchronous,none,"标准配置（公认）/ canonical configuration：学习时项目特异的声音线索，在慢波睡眠中重放一部分（Rudoy et al. 2009, R0443）。与 -002（整段学习情境的气味线索，准则 1;2）区别；-001 为公认的项目特异 TMR 配置而非最早发表的配置——更早的兄弟为 -002（Rasch et al. 2007, R1327），范式类源头取自 -002（D-062）。",待核实,,curator_d,draft
MEM-TMR-002,MEM-TMR,memory,D,睡眠中气味线索的情境再激活,Odour-cued context reactivation during sleep,2,odour re-presented; no odour (vehicle),one learning-context odour re-presented during slow-wave sleep,single context cue for the whole learning session (not item-specific),block,none,准则 1;2：线索由项目特异的声音（MEM-TMR-001）变为整段学习情境的单一气味，比较单位由被提示/未被提示项目变为有/无气味的睡眠条件。,待核实,,curator_d,draft
MEM-TNT-001,MEM-TNT,memory,D,想/不想,Think/No-Think,3,think; no-think; baseline (not cued),cue word with a think or no-think instruction (colour or frame),,synchronous,none,"标准配置（最早发表）：学习线索—目标对，想/不想阶段，最终测试（Anderson & Green 2001, R0213）。本类只有这一配置。",待核实,,curator_d,draft
MOT-ATT-001,MOT-ATT,motor,B,尝试运动（瘫痪患者）,Attempted movement,2,attempted foot movement; passive foot movement,visual cue,,synchronous,none,"Standard configuration (earliest published) / 标准配置（最早发表）: cued attempted foot movements contrasted with passive foot movements in paraplegic participants, scalp-EEG beta changes analysed offline (R0922). Siblings: -002 attempted movements to spoken command in disorders of consciousness (criterion 2), -003 multi-class upper-limb attempts with online feedback (criteria 1, 4).",待核实,,curator_b,draft
MOT-ATT-002,MOT-ATT,motor,B,按口头指令尝试运动（意识障碍）,Attempted movement to spoken command (disorders of consciousness),,attempted movement to command (body parts to be checked against R0894); rest,spoken (auditory) instruction,,synchronous,none,"Criterion 2 vs MOT-ATT-001: spoken commands instead of a visual cue, used to test command following (population and purpose differ; class set to be confirmed).",待核实,,curator_b,draft
MOT-ATT-003,MOT-ATT,motor,B,多类别尝试上肢与手部运动（脊髓损伤）,Multi-class attempted arm and hand movements (spinal cord injury),5,forearm supination; forearm pronation; hand open; palmar grasp; lateral grasp,visual cue,,synchronous,discrete,Criteria 1 and 4 vs MOT-ATT-001: five upper-limb attempt classes instead of attempted vs passive foot movement; discrete online feedback (icon on detection).,待核实,BNCI2019_001 (MOABB),curator_b,draft
MOT-BIMAN-001,MOT-BIMAN,motor,B,双手协调,Bimanual coordination,2,in-phase; anti-phase,auditory metronome whose rate is increased within the trial,,continuous,none,Standard configuration (earliest published) / 标准配置（最早发表）: rhythmic bimanual in-phase vs anti-phase movement with metronome frequency scaling (Kelso 1984). No sibling protocol in this class yet.,待核实,,curator_b,draft
MOT-CURSOR-001,MOT-CURSOR,motor,B,闭环光标控制,Closed-loop cursor control,2,top target; bottom target,visual target at the top or bottom edge of the screen,,synchronous,continuous,"Standard configuration (earliest published) / 标准配置（最早发表）: one-dimensional (vertical) cursor movement driven by mu-rhythm amplitude, continuous visual cursor feedback (Wolpaw et al. 1991). Siblings: -002 two-dimensional EEG cursor control (criterion 1), -003 intracortical point-and-click keyboard typing (criteria 1, 2).",待核实,,curator_b,draft
MOT-CURSOR-002,MOT-CURSOR,motor,B,二维脑电光标控制,Two-dimensional EEG cursor control,,peripheral targets in two dimensions (number to be checked),visual target on the screen periphery,,synchronous,continuous,Criterion 1 vs MOT-CURSOR-001: two-dimensional point-to-point movement to peripheral targets instead of one-dimensional movement to a top or bottom target.,待核实,,curator_b,draft
MOT-CURSOR-003,MOT-CURSOR,motor,B,皮层内点击式光标打字,Intracortical point-and-click cursor typing,2,continuous 2-D cursor velocity; click (selection),on-screen keyboard with target characters,,continuous,continuous,Criteria 1 and 2 vs MOT-CURSOR-001: continuous 2-D velocity plus a discrete click on an on-screen keyboard instead of 1-D movement to two targets.,待核实,,curator_b,draft
MOT-FORCE-001,MOT-FORCE,motor,B,等长力控制,Isometric force control,1,sustained isometric contraction,instruction to hold a steady contraction,,block,,Standard configuration (earliest published) / 标准配置（最早发表）: maintained isometric contraction with simultaneous EEG/MEG and EMG for corticomuscular coherence (R1050). Feedback mode (force display or none) to be checked against the original. No sibling protocol yet.,待核实,,curator_b,draft
MOT-GRASP-001,MOT-GRASP,motor,B,抓握与手势,Grasping and hand gestures,,natural grasp types (set to be checked against R0888),real objects grasped after a visual cue,,synchronous,none,"Standard configuration (earliest published) / 标准配置（最早发表）: executed grasps of different natural grasp types decoded offline from ECoG (R0888). Siblings: -002 four complex hand gestures (criterion 1), -003 self-paced reach-and-grasp with scalp EEG (criteria 1, 3), -004 grasp-and-lift with load/friction changes (criteria 1, 2).",待核实,,curator_b,draft
MOT-GRASP-002,MOT-GRASP,motor,B,复杂手势,Complex hand gestures,4,gesture 1; gesture 2; gesture 3; gesture 4,visual cue (gesture picture),,synchronous,none,Criterion 1 vs MOT-GRASP-001: four static hand gestures (postures) instead of object-directed grasp types.,待核实,,curator_b,draft
MOT-GRASP-003,MOT-GRASP,motor,B,自定步调的自然伸手抓握（脑电）,Self-paced natural reach-and-grasp (EEG),3,palmar grasp; lateral grasp; rest,real objects on a table (no timing cue),,asynchronous,none,"Criteria 1, 2 and 3 vs MOT-GRASP-001: palmar vs lateral grasp plus rest, real-object reach without a timing cue, self-paced trials, scalp EEG.",待核实,BNCI2020_001 (MOABB),curator_b,draft
MOT-GRASP-004,MOT-GRASP,motor,B,抓握–提起（负载与摩擦变化）,Grasp-and-lift with load and friction changes,,weight condition changes; friction condition changes,,,synchronous,none,Criteria 1 and 2 vs MOT-GRASP-001: a single grasp-and-lift action with unpredictable load and friction perturbations instead of a choice between grasp types.,待核实,"WAY-EEG-GAL (grasp-and-lift EEG; Multi-channel EEG recordings during 3,936 grasp and lift trials with varying weight and friction)",curator_b,draft
MOT-HW-001,MOT-HW,motor,B,尝试手写,Attempted handwriting,,handwritten characters (letters and punctuation; set to be checked against R0947),visual prompt of the character or sentence to write,,synchronous,discrete,"Standard configuration (earliest published) / 标准配置（最早发表）: attempted handwriting by a participant with paralysis, intracortical spiking decoded into characters, decoded text shown (R0948/R0947). Sibling: -002 executed handwriting of a 10-letter set with scalp EEG and no feedback (criteria 1, 4).",待核实,Data from: High-performance brain-to-text communication via handwriting (Dryad),curator_b,draft
MOT-HW-002,MOT-HW,motor,B,实际书写字母（头皮脑电）,Executed handwriting of letters (scalp EEG),10,a; d; e; f; j; n; o; s; t; v,visual letter cue,,synchronous,none,Criteria 1 and 4 vs MOT-HW-001: a ten-letter set written overtly by healthy participants without feedback instead of attempted writing of the full character set with decoded-text feedback.,待核实,BNCI2024_001 (MOABB),curator_b,draft
MOT-IB-001,MOT-IB,motor,B,意向绑定（主体感）,Intentional binding,2,operant condition (action followed by tone); baseline condition (action or tone alone),rotating Libet clock for time judgements,,asynchronous,none,"Standard configuration (earliest published) / 标准配置（最早发表）: self-timed key press followed by a tone, time judgements with a Libet clock, operant vs baseline conditions (Haggard et al. 2002). Interval-estimation versions are not yet split (no lead checked).",待核实,,curator_b,draft
MOT-LIBET-001,MOT-LIBET,motor,B,Libet 意图时刻判断任务,Libet intention-timing task,2,W judgement (urge/intention); M judgement (movement),rotating clock,,asynchronous,none,Standard configuration (earliest published) / 标准配置（最早发表）: spontaneous self-paced movements with clock-position reports of intention (W) or movement (M) time (Libet et al. 1983). No sibling protocol yet.,待核实,,curator_b,draft
MOT-ME-001,MOT-ME,motor,B,运动执行,Motor execution,2,hand/finger movement; rest,visual cue,,synchronous,none,"Standard configuration (earliest published) / 标准配置（最早发表）: cued overt unilateral hand or finger movement contrasted with rest, sensorimotor ERD/ERS (class origin R0928). Siblings: -002 individual finger movements (criterion 1), -003 walking (criteria 1, 3), -004 paced finger tapping blocks (criteria 2, 3), -005 single upper-limb multi-joint movements (criterion 1).",待核实,"PhysioNet EEG Motor Movement/Imagery Dataset (eegmmidb), left/right fist execution runs",curator_b,draft
MOT-ME-002,MOT-ME,motor,B,单指运动,Individual finger movements,5,thumb; index; middle; ring; little,cue to flex an individual finger (cue type to be checked),,synchronous,none,Criterion 1 vs MOT-ME-001: five individual-finger classes instead of a single hand/finger movement vs rest.,待核实,"BCI Competition IV, dataset 4 (ECoG finger flexion)",curator_b,draft
MOT-ME-003,MOT-ME,motor,B,地面/跑步机行走,Overground / treadmill walking,2,walking; standing,instruction to start and stop walking,,continuous,none,"Criteria 1 and 3 vs MOT-ME-001: whole-body gait vs standing, recorded continuously rather than as cued single movements.",TBD,,curator_b,draft
MOT-ME-004,MOT-ME,motor,B,节律提示手指敲击（运动定位任务）,Paced finger tapping (motor localizer),2,paced tapping; rest,visual or auditory pacing stimulus,,block,none,Criteria 2 and 3 vs MOT-ME-001: a rhythmic pacing stimulus and a block design instead of a single cued movement per trial. Differs from MOT-SMS (class: timing precision relative to the beat) in that only the motor activation is analysed.,待核实,,curator_b,draft
MOT-ME-005,MOT-ME,motor,B,单侧上肢多关节运动执行（6 类动作 + 休息）,Upper-limb multi-joint movement execution (six movements + rest),7,elbow flexion; elbow extension; forearm supination; forearm pronation; hand open; hand close; rest,visual cue on screen after beep and fixation cross,,synchronous,none,Criterion 1 vs MOT-ME-001: six movements of one upper limb plus rest instead of a single movement vs rest. Executed counterpart of MOT-MI-003 (same session design).,待核实,Ofner2017 (MOABB; motor execution sessions),curator_b,draft
MOT-MI-001,MOT-MI,motor,B,提示性运动想象,Cued motor imagery,2,left hand; right hand,visual arrow cue,,synchronous,none,"Standard configuration (earliest published) / 标准配置（最早发表）: left- vs right-hand kinaesthetic imagery, visual cue, cue-paced trials, no feedback (Pfurtscheller & Neuper 1997). Siblings differ by class set (-002 four classes, -003 upper-limb multi-joint, -004 feet vs rest, -006 right hand vs feet, -008 three classes, -010 both hands vs both feet, -011 eleven upper-limb tasks), feedback (-005, -007) or trial structure (-009 asynchronous).",待核实,"BCI Competition IV, dataset 2b (screening sessions without feedback); PhysioNet EEG Motor Movement/Imagery Dataset (eegmmidb), left/right fist imagery runs; Cho2017 (MOABB; left/right hand MI)",savorcode01; curator_b,draft
MOT-MI-002,MOT-MI,motor,B,四分类运动想象（左手/右手/双脚/舌头）,Four-class motor imagery (left hand / right hand / feet / tongue),4,left hand; right hand; feet; tongue,visual arrow cue (left/right/down/up),,synchronous,none,"Criterion 1 vs MOT-MI-001: class set changes from two (left/right hand) to four classes (left hand, right hand, feet, tongue); cue, trial structure and (absent) feedback unchanged.",待核实,"BCI Competition IV, dataset 2a (BNCI2014_001)",curator_b,draft
MOT-MI-003,MOT-MI,motor,B,单侧上肢多关节运动想象（6 类动作 + 休息）,Upper-limb multi-joint motor imagery (six movements + rest),7,elbow flexion; elbow extension; forearm supination; forearm pronation; hand open; hand close; rest,visual cue on screen after beep and fixation cross,,synchronous,none,Criterion 1 vs MOT-MI-001: class identity and number change from left/right hand to six movements of one upper limb plus rest. Differs from MOT-MI-011 (eleven upper-extremity tasks) by class set.,待核实,Ofner2017 (BNCI Horizon 2020 upper-limb movement data; MOABB),curator_b,draft
MOT-MI-004,MOT-MI,motor,B,足部运动想象脑开关（β 反弹）,Foot motor imagery brain switch (beta rebound),2,feet motor imagery; rest,visual cue,,synchronous,none,Criterion 1 vs MOT-MI-001: a single foot-imagery class against rest (detected via post-imagery beta rebound) instead of left vs right hand.,待核实,An EEG database for the cognitive assessment of motor imagery during walking with a lower-limb exoskeleton (configuration to be checked),curator_b,draft
MOT-MI-005,MOT-MI,motor,B,带连续视觉反馈的左/右手运动想象,Left/right-hand motor imagery with continuous visual feedback,2,left hand; right hand,visual arrow cue,,synchronous,continuous,"Criterion 4 vs MOT-MI-001: same class set and cue, but continuous online visual feedback of the classifier output (closed loop) instead of no feedback.",TBD,"BCI Competition IV, dataset 2b (smiley feedback sessions; BNCI2014_004)",curator_b,draft
MOT-MI-006,MOT-MI,motor,B,右手对双脚运动想象（提示驱动，无反馈）,"Right-hand vs feet motor imagery (cue-based, no feedback)",2,right hand; feet,visual cue,,synchronous,none,Criterion 1 vs MOT-MI-001: class set right hand vs feet instead of left vs right hand. Criterion 4 vs MOT-MI-007 (no feedback here).,TBD,BNCI2003_004 (MOABB; 118 channels; right hand vs feet),curator_b,draft
MOT-MI-007,MOT-MI,motor,B,带连续反馈的右手对双脚运动想象,Right-hand vs feet motor imagery with continuous feedback,2,right hand; feet,visual cue,,synchronous,continuous,"Criteria 1 and 4 vs MOT-MI-001 (right hand vs feet; continuous feedback). Criterion 4 vs MOT-MI-006 (same classes, feedback added).",待核实,BNCI2015_001 (cursor feedback); BNCI2014_002 (bar graph feedback),curator_b,draft
MOT-MI-008,MOT-MI,motor,B,三分类运动想象（左手/右手/双脚）,Three-class motor imagery (left hand / right hand / feet),3,left hand; right hand; feet,visual arrow cue (left/right/down) after a beep,,synchronous,none,Criterion 1 vs MOT-MI-001 (feet added) and vs MOT-MI-002 (tongue absent).,待核实,"Zhou2016 (MOABB); Beetl2021_B (MOABB; left hand, right hand, feet)",curator_b,draft
MOT-MI-009,MOT-MI,motor,B,异步（自定步调）运动想象（含空闲态）,Asynchronous (self-paced) motor imagery with idle state,3,motor imagery class A (two of left hand / right hand / foot); motor imagery class B; idle state,cue-based calibration; evaluation periods of varying length without trial structure,,asynchronous,none,Criterion 3 vs MOT-MI-001: asynchronous classification of continuous EEG with an idle class instead of cue-paced trials (criterion 1 also differs: idle state added; imagery pair chosen per participant).,TBD,"BCI Competition IV, dataset 1",curator_b,draft
MOT-MI-010,MOT-MI,motor,B,双手对双脚运动想象（目标提示）,Both-hands vs both-feet motor imagery (target cue),3,both hands; both feet; rest,visual target at the top or bottom of the screen,,synchronous,none,Criteria 1 and 2 vs MOT-MI-001: bilateral hands vs feet (plus rest) instead of left vs right hand; screen-position target instead of an arrow.,待核实,"PhysioNet EEG Motor Movement/Imagery Dataset (eegmmidb), fists/feet imagery runs",curator_b,draft
MOT-MI-011,MOT-MI,motor,B,单侧上肢 11 类动作想象,Eleven-task single upper-extremity motor imagery,11,,visual cue,,synchronous,none,Criterion 1 vs MOT-MI-001 and MOT-MI-003: eleven upper-extremity tasks (class identities not yet listed from the source) instead of two hand classes or six movements + rest.,待核实,"Jeong2020 multimodal dataset (25 subjects, 60-channel EEG, 7 EMG, 4 EOG, 3 sessions)",curator_b,draft
MOT-MIRR-001,MOT-MIRR,motor,B,镜像描摹,Mirror tracing,1,mirror-reversed tracing,"figure to trace, hand seen only in a mirror",,synchronous,continuous,"Standard configuration (earliest published) / 标准配置（最早发表）: repeated tracing of a figure under mirror-reversed visual feedback of the hand (behavioural origin R0106, D-031). No sibling protocol yet.",待核实,,curator_b,draft
MOT-MRCP-001,MOT-MRCP,motor,B,自主运动准备（准备电位）,Self-paced movement (movement-related cortical potential),1,self-paced voluntary movement,none (self-initiated),,asynchronous,none,"Standard configuration (earliest published) / 标准配置（最早发表）: self-paced brief voluntary movements, EEG back-averaged to movement onset (Kornhuber & Deecke 1965). Siblings: -002 visually cued movements (criteria 2, 3), -003 online self-paced detection triggering peripheral stimulation (criterion 4).",待核实,,curator_b,draft
MOT-MRCP-002,MOT-MRCP,motor,B,提示驱动的运动相关皮层电位（联合式脑机接口）,Cue-based movement-related cortical potential (associative BCI),1,cued imagined ankle dorsiflexion,visual cue,,synchronous,none,"Criteria 2 and 3 vs MOT-MRCP-001: movement timed by an external visual cue (cue-locked trials) instead of self-paced; stimulation timing is fixed by the cue, not by online detection (contrast MOT-MRCP-003).",待核实,,curator_b,draft
MOT-MRCP-003,MOT-MRCP,motor,B,自定步调在线 MRCP 检测触发外周刺激,Self-paced online MRCP detection triggering peripheral stimulation,2,self-paced imagined ankle dorsiflexion; idle,none (self-paced),,asynchronous,discrete,"Criterion 4 vs MOT-MRCP-001: online detection of each self-paced MRCP triggers peripheral nerve stimulation (discrete, closed loop) instead of offline averaging; criterion 1 also differs (idle class).",待核实,,curator_b,draft
MOT-MSL-001,MOT-MSL,motor,B,运动序列学习（手指序列）,Motor sequence learning (finger sequence),2,trained sequence; untrained control sequence,explicit instruction of the finger sequence,,block,none,"Standard configuration (earliest published) / 标准配置（最早发表）: explicitly known finger-opposition sequence practised over sessions, trained vs untrained sequence blocks (Karni et al. 1998). No sibling protocol yet; overlap with MOT-SRT pending (decisions.md).",待核实,,curator_b,draft
MOT-MVF-001,MOT-MVF,motor,B,镜像视觉反馈,Mirror visual feedback,2,movement with mirrored visual feedback; movement without mirror feedback,digital mirror display of the moving hand,,block,continuous,Standard configuration (earliest published) / 标准配置（最早发表）: unilateral movement viewed as a (digitally) mirrored image in place of the hidden hand (R1123; origin not established). No sibling protocol yet.,待核实,,curator_b,draft
MOT-OBS-001,MOT-OBS,motor,B,动作观察,Action observation,2,action observation; static or non-biological control,video or live demonstration of hand actions,,block,none,"Standard configuration (earliest published) / 标准配置（最早发表）: passive observation of hand actions vs control stimuli (R0995, MEP readout; first neural recording R0845). Observation combined with imagery is not split (no lead).",待核实,,curator_b,draft
MOT-PASS-001,MOT-PASS,motor,B,被动运动（本体感觉刺激）,Passive movement / proprioceptive stimulation,1,passive rhythmic finger movement,none (movement imposed by experimenter or device),,continuous,none,Standard configuration (earliest published) / 标准配置（最早发表）: rhythmic passive finger movements with kinematics recorded for corticokinematic coherence (Bourguignon et al. 2015). No sibling protocol yet.,待核实,,curator_b,draft
MOT-PERT-001,MOT-PERT,motor,B,姿势平衡扰动,Balance perturbation,1,unpredictable balance perturbation,none (unpredictable support-surface translation or pull),,synchronous,none,"Standard configuration (earliest published) / 标准配置（最早发表）: unpredictable whole-body balance perturbations, perturbation-evoked N1 and theta (R1122; origin not established). No sibling protocol yet.",待核实,,curator_b,draft
MOT-PURS-001,MOT-PURS,motor,B,平滑追踪眼动,Smooth pursuit eye movements,2,smooth pursuit; fixation,smoothly moving visual target,,block,none,Standard configuration (earliest published) / 标准配置（最早发表）: pursuit of a smoothly moving target vs fixation blocks in fMRI (Petit & Haxby 1999). No sibling protocol yet.,待核实,,curator_b,draft
MOT-REACH-001,MOT-REACH,motor,B,中心外伸伸够任务,Center-out reaching,8,0 deg; 45 deg; 90 deg; 135 deg; 180 deg; 225 deg; 270 deg; 315 deg,visual target light at one of eight radial positions,,synchronous,none,"Standard configuration (earliest published) / 标准配置（最早发表）: two-dimensional centre-out arm movements to eight radially arranged targets (R1020, non-human primate origin, D-031). Sibling: -002 four-direction wrist centre-out movements with MEG (criterion 1).",待核实,Neural Latents Benchmark '21 (MC_Maze etc.; non-human primate reaching; DANDI),curator_b,draft
MOT-REACH-002,MOT-REACH,motor,B,四方向腕部中心外伸运动（脑磁）,Four-direction wrist centre-out movement (MEG),4,direction 1; direction 2; direction 3; direction 4,visual target,,synchronous,none,Criterion 1 vs MOT-REACH-001: four wrist-movement directions instead of eight arm-reaching targets.,TBD,"BCI Competition IV, dataset 3 (MEG, 10 channels)",curator_b,draft
MOT-RT-001,MOT-RT,motor,B,简单/选择反应时,Simple / choice reaction time,2,left-hand response; right-hand response,visual imperative stimulus mapped to a response hand,,synchronous,none,"Standard configuration (earliest published) / 标准配置（最早发表）: two-choice reaction time with left/right-hand responses, LRP (Gratton et al. 1988). A simple-RT protocol (single response) is proposed in split_log (no checked lead).",待核实,,curator_b,draft
MOT-SACC-001,MOT-SACC,motor,B,眼跳任务,Saccade task,1,visually guided saccade to a peripheral target,peripheral visual target onset,,synchronous,none,"Standard configuration (earliest published) / 标准配置（最早发表）: immediate visually guided (pro)saccades from central fixation (class placeholder origin R0001, weak_origin, D-031). Sibling: -002 memory-guided saccades to a remembered location after a delay (criteria 2, 3).",待核实,,curator_b,draft
MOT-SACC-002,MOT-SACC,motor,B,记忆引导眼跳,Memory-guided saccade,1,saccade to remembered target location,brief peripheral target; fixation-point dimming as go signal,,synchronous,discrete,Criteria 2 and 3 vs MOT-SACC-001: the target is absent at saccade time (memory cue and go signal) and a delay period is inserted; target reappearance gives discrete feedback for a corrective saccade.,待核实,,curator_b,draft
MOT-SMS-001,MOT-SMS,motor,B,感觉运动同步（节拍器敲击）,Sensorimotor synchronization (metronome tapping),2,synchronization; syncopation,auditory metronome,,continuous,none,Standard configuration (earliest published) / 标准配置（最早发表）: finger tapping on or between metronome beats (R1118). A synchronization-continuation protocol is proposed in split_log (no checked lead).,待核实,,curator_b,draft
MOT-SRT-001,MOT-SRT,motor,B,序列反应时（运动序列学习）,Serial reaction time task,2,repeating sequence block; random sequence block,visual location cue mapped to keys,,block,none,Standard configuration (earliest published) / 标准配置（最早发表）: implicit repeating sequence of cue locations vs random blocks (Nissen & Bullemer 1987). No sibling protocol yet.,待核实,,curator_b,draft
MOT-TRACK-001,MOT-TRACK,motor,B,连续轨迹追踪,Continuous pursuit tracking,1,continuous target pursuit,continuously moving visual target,,continuous,none,"Standard configuration (earliest published) / 标准配置（最早发表）: continuous following of a moving target with the hand, kinematics decoded offline (open loop). Sibling: -002 online closed-loop decoding with decoded-cursor feedback (criterion 4).",待核实,BNCI2020_002 (MOABB; snakerun/freerun/eyerun visual targets),curator_b,draft
MOT-TRACK-002,MOT-TRACK,motor,B,在线闭环追踪（解码光标）,Online closed-loop pursuit tracking (decoded cursor),1,continuous target pursuit,continuously moving visual target,,continuous,continuous,Criterion 4 vs MOT-TRACK-001: continuous feedback of the online-decoded trajectory (closed loop) instead of offline decoding.,待核实,,curator_b,draft
PER-AAD-001,PER-AAD,perception,A,听觉选择性注意（鸡尾酒会）,Auditory selective attention (cocktail party),2,attend speaker 1; attend speaker 2,"instruction to attend one of two concurrent, dichotically presented speech streams",,block,none,标准配置（最早发表，即 first_source）：两路同时呈现（双耳分听）的连续语音，指示注意其中一路，按刺激包络重建解码被注意者，开环。本类暂无其他具体范式（no sibling protocol yet）。,待核实,,curator_a,draft
PER-AB-001,PER-AB,perception,A,注意瞬脱,Attentional blink,2,T2 reported; T2 missed,"RSVP stream containing two targets (T1, T2) at varying lags",,synchronous,none,标准配置（最早发表，即 first_source）：RSVP 流中两个靶，T1–T2 间隔（lag）为参数，按 T2 报告与否分类。本类暂无其他具体范式（no sibling protocol yet）。,待核实,,curator_a,draft
PER-ABR-001,PER-ABR,perception,A,听觉脑干反应,Auditory brainstem response (ABR),1,click / tone burst,brief clicks or tone bursts at high rate,短声与短纯音、刺激率、强度为参数（variants），本类暂无其他具体范式（no sibling protocol yet）。,synchronous,none,标准配置（最早发表，即 first_source）：高速率短声/短纯音，被动聆听，平均前 10 ms 响应。本类暂无其他具体范式（no sibling protocol yet）。,TBD,,curator_a,draft
PER-ACC-001,PER-ACC,perception,A,声学变化复合波,Acoustic change complex,1,acoustic change within an ongoing sound,"sound containing a change (frequency, intensity or vowel transition) in every trial",D-041 若并入 PER-AEP，按 D-057 在 PER-AEP 下取新序号。本类暂无其他具体范式（no sibling protocol yet）。,synchronous,none,标准配置（最早发表，即 first_source）：每个试次的持续声音中都含一次声学变化，无 oddball 结构。本类暂无其他具体范式（no sibling protocol yet）。,TBD,,curator_a,draft
PER-ADDS-001,PER-ADDS,perception,A,附加单例与干扰抑制,Additional singleton / distractor suppression,2,salient distractor present; distractor absent,shape-singleton search display with an optional colour-singleton distractor,,synchronous,none,标准配置（最早发表，即 first_source）：形状单例搜索，部分试次出现颜色单例干扰物。本类暂无其他具体范式（no sibling protocol yet）。,TBD,,curator_a,draft
PER-AEP-001,PER-AEP,perception,A,听觉诱发电位（纯音/短声）,Auditory evoked potentials (N1-P2),1,tone or click onset,"pure tones or clicks presented passively, ISI about 1 s or longer",ISI、强度、上升时间为参数；D-041 待例会。本类暂无其他具体范式（no sibling protocol yet）。,synchronous,none,标准配置（最早发表，即 first_source）：被动聆听纯音/短声，ISI ≥ 1 s，测 N1–P2。本类暂无其他具体范式（no sibling protocol yet）。,TBD,,curator_a,draft
PER-AMASK-001,PER-AMASK,perception,A,听觉掩蔽,Auditory masking,2,target in quiet; target in masker,target tones or speech with or without background noise / competing masker at varying SNR,,synchronous,none,标准配置（最早发表，即 first_source）：靶声在安静与掩蔽噪声条件下呈现，信噪比为参数。本类暂无其他具体范式（no sibling protocol yet）。,TBD,,curator_a,draft
PER-BODY-001,PER-BODY,perception,A,身体知觉,Body perception,2,bodies / body parts; control objects,"static images of headless bodies vs objects (or faces, scrambled)",,block,none,标准配置（最早发表，即 first_source）：组块呈现无头身体图像与物体图像对比（定位器）。本类暂无其他具体范式（no sibling protocol yet）。,待核实,,curator_a,draft
PER-BOI-001,PER-BOI,perception,A,身体拥有错觉（橡胶手）,Body ownership illusion,2,synchronous stroking; asynchronous stroking,visuo-tactile stroking of a seen rubber hand and the hidden real hand,,block,none,标准配置（最早发表，即 first_source）：橡胶手与真手同步/异步触刷的组块对比。本类暂无其他具体范式（no sibling protocol yet）。,待核实,,curator_a,draft
PER-BR-001,PER-BR,perception,A,双眼竞争与双稳态知觉,Binocular rivalry / bistable perception,2,percept A dominant; percept B dominant,"dissimilar images presented dichoptically, perceptual switches reported by key press",频率标记版本拆为 PER-BR-002（准则 2）；歧义图形版本在 split_log 中提议。,continuous,none,标准配置（最早发表，即 first_source）：双眼分视不同图像，被试连续按键报告当前主导知觉。同类其他具体范式：PER-BR-002（区别见各自 distinguishing；维护者 sprint 2 QA 更正）。,TBD,,curator_a,draft
PER-BR-002,PER-BR,perception,A,频率标记双眼竞争,Frequency-tagged binocular rivalry,2,percept at f1 dominant; percept at f2 dominant,"dichoptic images, each flickering at its own frequency",frequency tagging of each eye's image,continuous,none,准则 2（编码方案）：两眼图像各带频率标记，以稳态响应读出主导知觉；-001 无频率标记，以报告与 BOLD 为读出。,TBD,,curator_a,draft
PER-CAT-001,PER-CAT,perception,A,视觉物体类别识别,Visual object categorization,,"object categories (e.g. faces, bodies, places, tools, animals)","images of objects from several categories, often in rapid succession",,synchronous,none,标准配置（最早发表，即 first_source）：多类别物体图像逐一呈现，按类别对比/解码。本类暂无其他具体范式（no sibling protocol yet）。,待核实,,curator_a,draft
PER-CB-001,PER-CB,perception,A,变化盲,Change blindness,2,change detected; change not detected,two versions of a scene alternating with a brief blank (flicker paradigm),,synchronous,none,标准配置（最早发表，即 first_source）：两版场景以空屏间隔交替（闪烁范式），报告是否有变化。本类暂无其他具体范式（no sibling protocol yet）。,TBD,,curator_a,draft
PER-CTXC-001,PER-CTXC,perception,A,情境线索效应,Contextual cueing,2,repeated configuration; novel configuration,"search displays, some configurations repeated across blocks",,synchronous,none,标准配置（最早发表，即 first_source）：重复与新异的搜索布局在组间交替出现。本类暂无其他具体范式（no sibling protocol yet）。,待核实,,curator_a,draft
PER-CUE-001,PER-CUE,perception,A,Posner 空间线索,Posner spatial cueing,3,valid; invalid; neutral,central symbolic cue (arrow) predicting the target location (endogenous),外周闪光线索（外源性）拆为 PER-CUE-002（准则 2）。,synchronous,none,标准配置（最早发表，即 first_source）：中央符号（箭头）线索，有效/无效/中性三种条件（内源性线索）。同类其他具体范式：PER-CUE-002（区别见各自 distinguishing；维护者 sprint 2 QA 更正）。,待核实,,curator_a,draft
PER-CUE-002,PER-CUE,perception,A,外周（外源性）线索的 Posner 范式,Posner cueing with peripheral (exogenous) cues,2,cued location; uncued location,brief peripheral flash at one of the target locations (non-predictive),,synchronous,none,准则 2（提示类型）：外周突显线索（外源性、通常无预测性）取代 -001 的中央符号线索。,待核实,,curator_a,draft
PER-CVA-001,PER-CVA,perception,A,隐蔽空间注意（α 偏侧化）,Covert spatial attention (alpha lateralization),2,attend left; attend right,central cue directing covert attention to the left or right hemifield,闭环 α 偏侧化 BCI 拆为 PER-CVA-002（准则 4）。,synchronous,none,标准配置（最早发表，即 first_source）：中央线索指引隐蔽注意左/右视野，测线索–靶间期 α 偏侧化，开环。同类其他具体范式：PER-CVA-002（区别见各自 distinguishing；维护者 sprint 2 QA 更正）。,待核实,,curator_a,draft
PER-CVA-002,PER-CVA,perception,A,隐蔽注意 α 偏侧化脑机接口,Covert-attention alpha lateralization BCI,2,attend left; attend right,cue or instruction to attend covertly to one hemifield,,synchronous,discrete,准则 4（反馈方式）：单试次在线分类并反馈（闭环）；-001 为开环的线索–靶实验。,TBD,,curator_a,draft
PER-FACE-001,PER-FACE,perception,A,面孔知觉,Face perception,2,faces; non-face objects or scrambled images,photographs of faces vs other object categories,fMRI 组块定位器与 ERP 事件相关设计目前作为同一配置记录，待第二遍核对。,synchronous,none,标准配置（最早发表，即 first_source）：面孔与非面孔物体图像逐一呈现的事件相关设计（ERP）。本类暂无其他具体范式（no sibling protocol yet）。,待核实,"A multi-subject, multi-modal human neuroimaging dataset (Wakeman & Henson faces); SPM multimodal faces dataset",curator_a,draft
PER-FVEP-001,PER-FVEP,perception,A,闪光视觉诱发电位,Flash VEP,1,diffuse flash,diffuse light flashes (goggles or through closed eyelids),,synchronous,none,标准配置（最早发表，即 first_source）：弥散闪光刺激，被动观察。本类暂无其他具体范式（no sibling protocol yet）。,TBD,,curator_a,draft
PER-GATE-001,PER-GATE,perception,A,配对短声感觉门控,Paired-click sensory gating,2,S1 (first click); S2 (second click),"pairs of identical clicks about 500 ms apart, several seconds between pairs",,synchronous,none,标准配置（最早发表，即 first_source）：成对短声（约 500 ms 间隔），比较 S2/S1 的 P50。本类暂无其他具体范式（no sibling protocol yet）。,TBD,,curator_a,draft
PER-GEP-001,PER-GEP,perception,A,味觉诱发电位,Gustatory evoked potentials,1,taste stimulus onset,brief taste pulses from a gustometer embedded in a constant rinsing flow,,synchronous,none,标准配置（最早发表，即 first_source）：味觉仪在恒定冲洗流中给短味觉脉冲。本类暂无其他具体范式（no sibling protocol yet）。,TBD,,curator_a,draft
PER-HBD-001,PER-HBD,perception,A,心跳觉察（内感受）,Heartbeat detection,2,tones synchronous with heartbeat; tones delayed relative to heartbeat,external tones triggered by the R-wave at short or long delays,默数心跳（Schandry 计数版）拆为 PER-HBD-002（准则 2）。,synchronous,none,标准配置（最早发表，即 first_source）：心跳辨别：外部声音与心跳同步或延迟，被试判断是否同步。同类其他具体范式：PER-HBD-002（区别见各自 distinguishing；维护者 sprint 2 QA 更正）。,待核实,,curator_a,draft
PER-HBD-002,PER-HBD,perception,A,心跳计数任务,Heartbeat counting task,1,silent heartbeat counting,start and stop signals only; no external stimulus during counting,,block,none,准则 2;3：无外部刺激的默数任务（以时段为单位的组块），取代 -001 由 R 波触发的外部刺激同步判断。,待核实,,curator_a,draft
PER-IB-001,PER-IB,perception,A,非注意盲,Inattentional blindness,2,aware of pattern; unaware of pattern,task-irrelevant patterns during a demanding task; awareness probed by questionnaire after each phase,,block,none,标准配置（最早发表，即 first_source）：多阶段设计，每阶段后问卷判定是否察觉无关图形。本类暂无其他具体范式（no sibling protocol yet）。,TBD,,curator_a,draft
PER-IC-001,PER-IC,perception,A,错觉轮廓知觉,Illusory contour perception,2,illusory contour configuration; rotated inducers,Kanizsa-type inducers forming or not forming an illusory shape,,synchronous,none,标准配置（最早发表，即 first_source）：Kanizsa 诱导物构成/不构成错觉图形。本类暂无其他具体范式（no sibling protocol yet）。,TBD,,curator_a,draft
PER-LEP-001,PER-LEP,perception,A,激光诱发电位（痛觉）,Laser-evoked potentials (nociception),1,laser heat pulse,brief radiant heat pulses (CO2 or solid-state laser) on the skin,,synchronous,none,标准配置（最早发表，即 first_source）：短激光热脉冲刺激皮肤。本类暂无其他具体范式（no sibling protocol yet）。,待核实,,curator_a,draft
PER-LG-001,PER-LG,perception,A,局部-全局范式,Local-global paradigm,4,local standard / global standard; local deviant / global standard; local standard / global deviant; local deviant / global deviant,"five-tone sequences, one sequence type frequent within each block",,block,none,标准配置（最早发表，即 first_source）：五音序列，组块内某一序列类型高频，局部 × 全局 2×2 条件。本类暂无其他具体范式（no sibling protocol yet）。,待核实,,curator_a,draft
PER-MASK-001,PER-MASK,perception,A,掩蔽与阈限知觉,Masking / threshold perception,2,seen; unseen,brief target followed by a backward mask at variable target-mask SOA,元对比掩蔽在 split_log 中提议，暂无专门线索。,synchronous,none,标准配置（最早发表，即 first_source）：后向掩蔽，靶–掩蔽 SOA 围绕阈限变化，按看见/未看见分类。本类暂无其他具体范式（no sibling protocol yet）。,待核实,,curator_a,draft
PER-MLR-001,PER-MLR,perception,A,听觉中潜伏期反应,Auditory middle-latency response,1,click / tone burst,clicks or tone bursts at moderate rate,,synchronous,none,标准配置（最早发表，即 first_source）：中等速率短声/短纯音，分析 10–80 ms。本类暂无其他具体范式（no sibling protocol yet）。,TBD,,curator_a,draft
PER-MMN-001,PER-MMN,perception,A,被动 oddball（失匹配负波）,Passive oddball (mismatch negativity),2,standard tone; deviant tone,"tone sequence with infrequent deviants in one physical feature, sounds ignored",语音对比 MMN 拆为 PER-MMN-002（准则 2），多特征范式拆为 PER-MMN-003（准则 1）。,synchronous,none,标准配置（最早发表，即 first_source）：被动 oddball：纯音序列中单一物理特征的低频偏差，被试忽略声音。同类其他具体范式：PER-MMN-002、PER-MMN-003（区别见各自 distinguishing；维护者 sprint 2 QA 更正）。,待核实,,curator_a,draft
PER-MMN-002,PER-MMN,perception,A,语音（音位对比）失匹配负波,Speech-sound (phoneme-contrast) MMN,2,standard speech sound; deviant speech sound,"syllables or vowels as standards and deviants, sounds ignored",,synchronous,none,准则 2（刺激类型）：语音音节/元音取代 -001 的纯音。,待核实,,curator_a,draft
PER-MMN-003,PER-MMN,perception,A,多特征失匹配负波范式（Optimum-1）,Multi-feature MMN paradigm (Optimum-1),6,standard; frequency deviant; intensity deviant; duration deviant; location deviant; gap deviant,"one tone sequence with five deviant types, standards and deviants alternating","standard-deviant alternation, five deviant types in one sequence",synchronous,none,准则 1（条件集）：一个序列内 5 种偏差类型，取代 -001 的单一偏差类型。,待核实,,curator_a,draft
PER-MOT-001,PER-MOT,perception,A,多目标追踪,Multiple object tracking,,number of tracked targets (load levels),"identical moving objects, a subset briefly highlighted as targets",,synchronous,none,标准配置（最早发表，即 first_source）：若干相同物体运动，追踪事先高亮的靶子，负荷水平为条件。本类暂无其他具体范式（no sibling protocol yet）。,待核实,,curator_a,draft
PER-MSI-001,PER-MSI,perception,A,视听多感觉整合,Audiovisual multisensory integration,3,congruent audiovisual speech; incongruent audiovisual speech (McGurk); auditory-only speech,audiovisual syllables with congruent or incongruent lip movements,简单刺激（纯音 + 闪光）的加性模型配置拆为 PER-MSI-002（准则 1;2）。,synchronous,none,标准配置（最早发表，即 first_source）：视听音节，口型与语音一致或不一致（McGurk）。同类其他具体范式：PER-MSI-002（区别见各自 distinguishing；维护者 sprint 2 QA 更正）。,待核实,,curator_a,draft
PER-MSI-002,PER-MSI,perception,A,简单刺激的视听交互（加性模型）,Audiovisual interaction with simple stimuli (additive model),3,auditory only; visual only; audiovisual,"tones, flashes and their combination in random order",,synchronous,none,准则 1;2：条件集为 A、V、AV（加性模型），刺激为非言语简单刺激；-001 为一致/不一致视听语音。,TBD,,curator_a,draft
PER-MVEP-001,PER-MVEP,perception,A,运动起始视觉诱发电位,Motion-onset VEP (mVEP),1,motion onset,brief onset of visual motion with low contrast / luminance change,多目标 mVEP BCI 拆为 PER-MVEP-002（准则 1;4）。,synchronous,none,标准配置（最早发表，即 first_source）：短暂运动起始刺激，被动观察（临床视觉检查）。同类其他具体范式：PER-MVEP-002（区别见各自 distinguishing；维护者 sprint 2 QA 更正）。,TBD,,curator_a,draft
PER-MVEP-002,PER-MVEP,perception,A,运动起始 VEP 脑机接口（多目标）,Motion-onset VEP BCI (multi-target),,on-screen targets (virtual buttons),"targets each with a moving element, motion onsets in random order",time-multiplexed motion onsets per target,synchronous,discrete,准则 1;4：类别为屏幕目标（多选一），逐次离散选择反馈；-001 为单一运动起始、被动观察。,待核实,,curator_a,draft
PER-NAT-001,PER-NAT,perception,A,自然图像与影片观看,Naturalistic image / movie viewing,1,continuous film,free viewing of a continuous feature film without task,静态自然图像观看在 split_log 中提议。,continuous,none,标准配置（最早发表，即 first_source）：自由观看连续影片，无任务，计算被试间相关。本类暂无其他具体范式（no sibling protocol yet）。,待核实,,curator_a,draft
PER-NAVON-001,PER-NAVON,perception,A,Navon 全局-局部,Navon global-local task,2,attend global level; attend local level,"hierarchical letters (large letter made of small letters), congruent or incongruent",,synchronous,none,标准配置（最早发表，即 first_source）：层级字母刺激，分别判断整体或局部层级。本类暂无其他具体范式（no sibling protocol yet）。,待核实,,curator_a,draft
PER-ODD-001,PER-ODD,perception,A,Oddball 范式（怪球范式）,Oddball paradigm,2,standard; target,"sequence of frequent standards and infrequent targets (auditory or visual), targets counted or responded to",,synchronous,none,标准配置（最早发表，即 first_source）：两刺激 oddball：高频标准刺激与低频靶刺激，被试计数或按键。同类其他具体范式：三刺激 -002（准则 1）；行/列拼写器 -003、RSVP -004、RSVP 拼写 -005、棋盘格 -006、单项闪烁 -007、听觉空间 -008、触觉 -009（维护者 sprint 2 QA：原写在 stimulus_coding 中的兄弟列表移到此处；两刺激 oddball 无编码方案，删去 stimulus_coding）。,待核实,,savorcode01; curator_a,draft
PER-ODD-002,PER-ODD,perception,A,三刺激 oddball,Three-stimulus oddball,3,standard; target; non-target distractor,"stimulus sequence with frequent standards, infrequent targets and infrequent non-target distractors",,synchronous,none,准则 1（条件集）：比 PER-ODD-001 多一个低频非靶干扰/新异刺激条件，用于分离 P3a 与 P3b。,待核实,,curator_a,draft
PER-ODD-003,PER-ODD,perception,A,P300 拼写器（行/列矩阵）,P300 speller (row/column matrix),,36 characters of a 6 x 6 matrix,character matrix with random row and column flashes,row/column flashing,synchronous,discrete,准则 1;2;4：类别集为矩阵中的字符（选择任务而非二类计数），刺激编码为行/列闪烁，逐字符离散反馈；-001 为两刺激开环计数。,待核实,"BNCI2014-008 (ALS patients, P300 speller)",curator_a,draft
PER-ODD-004,PER-ODD,perception,A,RSVP 靶检测（图像筛查）,RSVP target detection (image triage),2,target image; non-target image,rapid serial visual presentation of images at one location,,continuous,none,准则 2;3：刺激为同一位置的高速图像流（RSVP），以连续流而非离散试次呈现；与 -001 同为二类开环检测。,待核实,EEG Study data of Rapid Serial Visual Presentation (RSVP) in ESS format (NITRC),curator_a,draft
PER-ODD-005,PER-ODD,perception,A,RSVP 拼写器（不依赖注视）,RSVP speller (gaze-independent),,letters and symbols of the alphabet,rapid serial presentation of letters at fixation,rapid serial presentation of symbols at one location,synchronous,discrete,准则 1;4（相对 -004）：类别集为字母表（选择任务），逐字母离散反馈；准则 2（相对 -003）：中央 RSVP 而非矩阵行/列闪烁。,待核实,BNCI2015-010 RSVP speller,curator_a,draft
PER-ODD-006,PER-ODD,perception,A,P300 拼写器（棋盘格范式）,P300 speller (checkerboard paradigm),,72 items of an 8 x 9 matrix,character matrix with flash groups drawn from a virtual checkerboard,checkerboard flashing (rows/columns of two 6 x 6 sub-matrices),synchronous,discrete,准则 2（编码方案）：棋盘格分组闪烁，取代 -003 的物理行/列闪烁。矩阵规模（原始版本 8×9 共 72 项）为同质目标的参数，不构成准则 1（D-058）。,待核实,,curator_a,draft
PER-ODD-007,PER-ODD,perception,A,单项闪烁 P300 界面（六幅图像）,Single-item flashing P300 interface (six images),6,television; telephone; lamp; door; window; radio,six images each flashed individually in random order,single-item flashing,synchronous,discrete,准则 1;2（相对 -003）：6 个图像指令而非字符矩阵，每次只闪烁单个项目而非整行/整列。,待核实,"EPFL P300 dataset (5 disabled, 4 able-bodied subjects)",curator_a,draft
PER-ODD-008,PER-ODD,perception,A,听觉空间 P300 脑机接口（AMUSE）,Auditory spatial P300 BCI (AMUSE),,loudspeaker directions (e.g. 8 positions at 45 degree spacing),short band-pass noise bursts from loudspeakers around the head,spatial direction of sound source,synchronous,discrete,准则 2（刺激类型）：听觉空间方向编码取代 -003 的视觉矩阵闪烁。类别为扬声器方向（同质目标），扬声器个数为参数，不构成准则 1（D-058）。,待核实,BNCI2015-009 AMUSE,curator_a,draft
PER-ODD-009,PER-ODD,perception,A,触觉 P300 脑机接口,Tactile P300 BCI,,"tactor locations (2, 4 or 6 around the waist in the original)",vibrotactile stimuli delivered by tactors at different body sites,location of vibrotactile stimulus,synchronous,discrete,准则 2（刺激类型）：振动触觉刺激取代视觉/听觉刺激。类别为振动器位置（同质目标），振动器个数（2/4/6 个）为参数，不构成准则 1（D-058）。,待核实,,curator_a,draft
PER-OLF-001,PER-OLF,perception,A,嗅觉诱发电位,Olfactory event-related potentials,1,odour pulse,odour pulses embedded in a constant warm humidified air stream (olfactometer),,synchronous,none,标准配置（最早发表，即 first_source）：嗅觉仪在恒定气流中给短气味脉冲。本类暂无其他具体范式（no sibling protocol yet）。,TBD,,curator_a,draft
PER-OMIT-001,PER-OMIT,perception,A,刺激遗漏范式,Stimulus omission paradigm,2,sound; omission,"regular, externally timed sound sequence with occasional omissions",自发按键产生声音的遗漏版本拆为 PER-OMIT-002（准则 2;3）。,synchronous,none,标准配置（最早发表，即 first_source）：外部定时的规则声音序列中偶尔遗漏刺激。同类其他具体范式：PER-OMIT-002（区别见各自 distinguishing；维护者 sprint 2 QA 更正）。,TBD,,curator_a,draft
PER-OMIT-002,PER-OMIT,perception,A,自发产生声音的遗漏范式,Self-initiated sound omission,2,sound after press; omission after press,self-paced button presses that trigger sounds; occasional omissions,,asynchronous,none,准则 2;3：声音由被试自己的按键触发（运动–听觉耦合），按键自定步调；-001 为外部定时的序列。,待核实,,curator_a,draft
PER-ORN-001,PER-ORN,perception,A,失谐谐波与同时声音分离,Mistuned harmonic / concurrent sound segregation,2,tuned harmonic; mistuned harmonic,harmonic complex tones with one harmonic in tune or mistuned,,synchronous,none,标准配置（最早发表，即 first_source）：谐波复合音中某一谐波失谐或不失谐。本类暂无其他具体范式（no sibling protocol yet）。,待核实,,curator_a,draft
PER-PRVEP-001,PER-PRVEP,perception,A,棋盘格翻转 VEP,Pattern-reversal VEP,1,pattern reversal,"black-and-white checkerboard reversing at a fixed rate, central fixation",翻转率、方格大小为参数。本类暂无其他具体范式（no sibling protocol yet）。,synchronous,none,标准配置（最早发表，即 first_source）：黑白棋盘格以固定速率翻转，注视中心。本类暂无其他具体范式（no sibling protocol yet）。,TBD,,curator_a,draft
PER-RET-001,PER-RET,perception,A,视网膜拓扑映射,Retinotopic mapping,2,polar angle (rotating wedge); eccentricity (expanding ring),rotating wedges and expanding rings sweeping the visual field,phase-encoded (travelling wave),continuous,none,标准配置（最早发表，即 first_source）：旋转楔形与扩张环，相位编码（行波）设计。群体感受野（pRF）模型配置拆为 PER-RET-002（准则 2）。,待核实,,curator_a,draft
PER-RET-002,PER-RET,perception,A,群体感受野（pRF）映射,Population receptive field (pRF) mapping,,visual field positions (model-based),"aperture sequences (moving bars, rings, wedges) with blank periods",model-based aperture sequence (pRF),continuous,none,准则 2（编码方案）：基于模型拟合的孔径序列（含空白期），取代 -001 的相位编码行波；输出包含感受野大小。,待核实,,curator_a,draft
PER-RREP-001,PER-RREP,perception,A,呼吸相关诱发电位,Respiratory-related evoked potential,1,inspiratory occlusion,brief airway occlusion at inspiration onset through a mouthpiece,,synchronous,none,标准配置（最早发表，即 first_source）：吸气起始时经口器短暂阻断气道。本类暂无其他具体范式（no sibling protocol yet）。,TBD,,curator_a,draft
PER-SPN-001,PER-SPN,perception,A,视觉对称知觉,Visual symmetry perception,2,symmetrical pattern; random pattern,"symmetrical vs random dot or polygon patterns, about 1 s or longer",,synchronous,none,标准配置（最早发表，即 first_source）：对称与随机点阵/多边形图案对比。本类暂无其他具体范式（no sibling protocol yet）。,TBD,,curator_a,draft
PER-STREAM-001,PER-STREAM,perception,A,听觉流分离,Auditory stream segregation,2,segregated (two-stream) condition; integrated (one-stream) condition,alternating ABA- tone sequences with deviants defined within one stream; frequency separation and rate varied,,block,none,标准配置（最早发表，即 first_source）：ABA- 交替音序列，频率间隔/速率决定是否分流，流内偏差诱发 MMN。本类暂无其他具体范式（no sibling protocol yet）。,待核实,,curator_a,draft
PER-TACT-001,PER-TACT,perception,A,触觉空间注意,Tactile spatial attention,2,attended location; unattended location,"tactile stimuli to left and right hands, attend one side to detect infrequent targets",,synchronous,none,标准配置（最早发表，即 first_source）：左右手触觉刺激，注意一侧检测低频靶。本类暂无其他具体范式（no sibling protocol yet）。,TBD,,curator_a,draft
PER-TON-001,PER-TON,perception,A,音调拓扑映射,Tonotopic mapping,,tone frequency bands,tones or narrow-band sounds in progressions of frequency,phase-encoded frequency progression,continuous,none,标准配置（最早发表，即 first_source）：纯音/窄带声按频率递进呈现。本类暂无其他具体范式（no sibling protocol yet）。,待核实,,curator_a,draft
PER-VMMN-001,PER-VMMN,perception,A,视觉失匹配负波,Visual mismatch negativity,2,standard; visual deviant,frequent standard and rare deviant visual stimuli while performing an unrelated task,,synchronous,none,标准配置（最早发表，即 first_source）：视觉 oddball，被试执行无关任务。本类暂无其他具体范式（no sibling protocol yet）。,TBD,,curator_a,draft
PER-VOICE-001,PER-VOICE,perception,A,嗓音知觉（颞叶嗓音区定位）,Voice perception (temporal voice areas localizer),2,vocal sounds; non-vocal sounds,blocks of vocal sounds vs non-vocal environmental sounds,,block,none,标准配置（最早发表，即 first_source）：嗓音与非嗓音环境声的组块对比（定位器）。本类暂无其他具体范式（no sibling protocol yet）。,TBD,Human Voice Areas (Edinburgh Imaging image databank),curator_a,draft
PER-VS-001,PER-VS,perception,A,视觉搜索,Visual search,2,feature search; conjunction search,"display of a target among distractors, defined by one feature or a conjunction",,synchronous,none,标准配置（最早发表，即 first_source）：特征搜索与联合搜索，靶有/无，集合大小为参数。本类暂无其他具体范式（no sibling protocol yet）。,待核实,,curator_a,draft
SOC-ANIM-001,SOC-ANIM,social,E,几何图形动画心智化（Frith-Happé 动画）,Animated shapes mentalizing (Frith-Happé animations),3,theory-of-mind animations; goal-directed animations; random-movement animations,"animations of moving geometric shapes, described or classified by the participant",,block,none,"Standard configuration (earliest published or canonical; D-057 -001): Frith-Happé animations in three categories (Castelli et al. 2000, R1189).",待核实,,curator_e,draft
SOC-BIO-001,SOC-BIO,social,E,生物运动知觉,Biological motion perception,2,intact point-light action; scrambled point-light control,point-light displays of human actions,,synchronous,none,"Standard configuration (earliest published or canonical; D-057 -001): point-light biological motion versus scrambled control (display method of Johansson 1973, R0029).",待核实,,curator_e,draft
SOC-CONF-001,SOC-CONF,social,E,社会从众,Social conformity,2,group rating agrees with own rating; group rating conflicts with own rating,"face attractiveness rating followed by display of the group rating, then later re-rating",,synchronous,discrete,"Standard configuration (earliest published or canonical; D-057 -001): rate-feedback-rerate conformity design with per-trial group feedback (Klucharev et al. 2009, R1187).",待核实,,curator_e,draft
SOC-CYB-001,SOC-CYB,social,E,网络传球社会排斥（Cyberball）,Cyberball social exclusion,2,inclusion; exclusion,virtual ball-tossing game with two ostensible co-players,,block,none,"Standard configuration (earliest published or canonical; D-057 -001): Cyberball inclusion followed by exclusion (Williams, Cheung & Choi 2000, sprint-2 F06).",待核实,,curator_e,draft
SOC-DICT-001,SOC-DICT,social,E,独裁者博弈,Dictator game,1,dictator allocation between self and a passive recipient,endowment and recipient display; dictator chooses an allocation,,synchronous,none,"Standard configuration (earliest published or canonical; D-057 -001): dictator game with a passive anonymous recipient (Forsythe et al. 1994, R0114). Differs from SOC-DICT-002 (donation decisions to real charities).",待核实,,curator_e,draft
SOC-DICT-002,SOC-DICT,social,E,慈善捐赠任务,Charitable donation task,3,voluntary donation to a charity; monetary reward to self; mandatory transfer to a charity,charity name or logo with the proposed amounts,,synchronous,none,"Criterion 1 versus SOC-DICT-001: the recipient is a real charity and trials contrast voluntary giving with self-reward or mandatory transfer, rather than a single allocation to a passive person (Moll et al. 2006, R0341; Harbaugh et al. 2007, R0371).",待核实,,curator_e,draft
SOC-EYE-001,SOC-EYE,social,E,真人双向目光接触,Live eye-to-eye contact,2,live eye-to-eye contact; gaze at eyes in a photograph,"live partner seated face to face, alternating with a picture",,block,none,"Standard configuration (earliest published or canonical; D-057 -001): live eye contact versus photograph with dual-brain fNIRS (Hirsch et al. 2017, R1191).",待核实,,curator_e,draft
SOC-GAZE-001,SOC-GAZE,social,E,目光线索与共同注意,Gaze cueing and joint attention,2,target at gazed-at location; target at non-gazed location,"central face with a non-predictive gaze shift, then a peripheral target",,synchronous,none,Standard configuration (earliest published or canonical; D-057 -001): non-predictive gaze cueing (lead R1059). Differs from SOC-GAZE-002 (gaze-contingent interactive joint attention).,待核实,,curator_e,draft
SOC-GAZE-002,SOC-GAZE,social,E,注视联动的交互式共同注意,Gaze-contingent interactive joint attention,3,self-initiated joint attention; other-initiated joint attention; non-joint-attention control,virtual character whose gaze responds in real time to the participant's eye movements,,synchronous,discrete,"Criteria 1 and 4 versus SOC-GAZE-001: initiating versus responding joint-attention conditions, and the partner's gaze is contingent on the participant's own gaze (closed loop) instead of a pre-programmed cue (leads R0986, R0966).",待核实,,curator_e,draft
SOC-IAT-001,SOC-IAT,social,E,内隐联想测验,Implicit association test,2,compatible key pairing blocks; incompatible key pairing blocks,words or pictures of two concepts and two attributes sorted with two keys,,block,none,"Standard configuration (earliest published or canonical; D-057 -001): standard IAT block sequence (Greenwald et al. 1998, R0165).",待核实,,curator_e,draft
SOC-IMIT-001,SOC-IMIT,social,E,模仿抑制（自动模仿）,Imitation inhibition (automatic imitation),2,congruent observed finger movement; incongruent observed finger movement,video of a hand performing a finger movement while the participant executes a cued movement,,synchronous,none,"Standard configuration (earliest published or canonical; D-057 -001): finger-movement imitation-inhibition task (Brass et al. 2000, R0188).",待核实,,curator_e,draft
SOC-JA-001,SOC-JA,social,E,联合动作与人际协调,Joint action and interpersonal coordination,2,partners see each other's movements; vision of partner blocked,partner's finger movements visible or occluded,,synchronous,none,"Standard configuration (earliest published or canonical; D-057 -001): dyadic rhythmic finger movements with and without vision of the partner (Kelso et al., phi complex, R1172).",待核实,,curator_e,draft
SOC-MORAL-001,SOC-MORAL,social,E,道德两难判断,Moral dilemma judgment,3,moral-personal dilemmas; moral-impersonal dilemmas; non-moral dilemmas,written dilemmas with appropriateness judgement,,synchronous,none,"Standard configuration (earliest published or canonical; D-057 -001): personal versus impersonal versus non-moral dilemmas (Greene et al. 2001, R1186).",待核实,,curator_e,draft
SOC-NAME-001,SOC-NAME,social,E,自我名字范式,Own-name paradigm,2,own name; other names,"spoken (or visual) first names, own name presented infrequently",,synchronous,none,"Standard configuration (earliest published or canonical; D-057 -001): passive own-name oddball (Berlad & Pratt 1995, R1185). Differs from SOC-NAME-002 (instructed counting of own or other target name).",待核实,,curator_e,draft
SOC-NAME-002,SOC-NAME,social,E,主动计数自身名字范式,Active own-name counting paradigm,3,count own name; count another target name; passive listening,spoken name sequences with an instruction before each block,,block,none,"Criterion 1 versus SOC-NAME-001: instruction conditions (count own name, count other name, passive) are added, so the contrast is voluntary attention to a name rather than self-relevance alone (Schnakers et al. 2009).",待核实,,curator_e,draft
SOC-PAIN-001,SOC-PAIN,social,E,疼痛共情,Empathy for pain,4,painful stimulation to self; non-painful stimulation to self; painful stimulation to partner; non-painful stimulation to partner,"symbolic visual cues indicating who receives painful or non-painful stimulation, with the partner present",,synchronous,none,Standard configuration (earliest published or canonical; D-057 -001): cue-based self/other pain paradigm with a present partner (lead R0920). Differs from SOC-PAIN-002 (pictures of body parts in painful situations).,待核实,,curator_e,draft
SOC-PAIN-002,SOC-PAIN,social,E,疼痛共情图片任务,Pain-empathy picture task,2,painful situation pictures; non-painful situation pictures,photographs of hands or feet in everyday situations,,synchronous,none,"Criterion 2 versus SOC-PAIN-001: pictures of body parts in painful situations instead of symbolic cues signalling pain to a present partner (leads S2-10, R0919).",待核实,,curator_e,draft
SOC-RACE-001,SOC-RACE,social,E,种族与群体身份面孔分类,Race and group-membership face categorization,2,ingroup-race faces; outgroup-race faces,"face photographs varying in race and gender, categorised by race, gender or another feature",,synchronous,none,"Standard configuration (earliest published or canonical; D-057 -001): race and gender face categorisation with ERPs (Ito & Urland 2003, R1190).",待核实,,curator_e,draft
SOC-RME-001,SOC-RME,social,E,眼中读心测验,Reading the mind in the eyes,2,mental-state judgement; control judgement (age or gender),photographs of the eye region with four response words,,synchronous,none,"Standard configuration (earliest published or canonical; D-057 -001): revised Eyes test with a control judgement (Baron-Cohen et al. 2001, R0214).",待核实,,curator_e,draft
SOC-SELF-001,SOC-SELF,social,E,自我面孔识别,Self-face recognition,3,own face; familiar face; unfamiliar face,face photographs (optionally self-other morphs),,synchronous,none,Standard configuration (earliest published or canonical; D-057 -001): self versus familiar versus unfamiliar face recognition; origin publication TBD (D-031).,待核实,,curator_e,draft
SOC-SFB-001,SOC-SFB,social,E,社会评价反馈（社会判断范式）,Social evaluative feedback (social judgment paradigm),4,expected acceptance; unexpected acceptance; expected rejection; unexpected rejection,"peer photograph with the participant's expectation, followed by acceptance or rejection feedback",,synchronous,discrete,"Standard configuration (earliest published or canonical; D-057 -001): social judgment paradigm with expectancy-crossed feedback (Somerville et al. 2006, R1188).",待核实,,curator_e,draft
SOC-TOM-001,SOC-TOM,social,E,心理理论（错误信念）,Theory of mind (false belief),2,false-belief question; reality or memory control question,acted-out or narrated story with a location change unseen by the protagonist,,synchronous,none,"Standard configuration (earliest published or canonical; D-057 -001): unexpected-transfer false-belief story with control questions (Wimmer & Perner 1983, R0060). Differs from SOC-TOM-002 (fMRI localizer contrasting false-belief and false-photograph stories).",待核实,,curator_e,draft
SOC-TOM-002,SOC-TOM,social,E,错误信念－错误照片定位任务,False-belief versus false-photograph localizer,2,false-belief stories; false-photograph stories,written stories followed by a true/false question,,block,none,"Criteria 1 and 3 versus SOC-TOM-001: the control condition is a matched false-photograph story rather than reality questions, presented as a blocked fMRI localizer (Saxe & Kanwisher 2003, R0260).",待核实,,curator_e,draft
SOC-TPP-001,SOC-TPP,social,E,第三方惩罚,Third-party punishment,2,fair allocation observed; unfair allocation observed,"allocation decision between two other players, then the third party's punishment decision",,synchronous,none,"Standard configuration (earliest published or canonical; D-057 -001): third-party punishment of a dictator (behavioural origin, R1174).",待核实,,curator_e,draft
SOC-TRUST-001,SOC-TRUST,social,E,单次信任（投资）博弈,One-shot trust (investment) game,2,investor transfer decision; trustee return decision,endowment display; the transfer is multiplied before the trustee decides,,synchronous,discrete,"Standard configuration (earliest published or canonical; D-057 -001): one-shot investment game between anonymous partners (Berg, Dickhaut & McCabe 1995, R0127). Differs from SOC-TRUST-002 (iterated prisoner's dilemma) and SOC-TRUST-003 (multi-round trust game with a fixed partner).",待核实,,curator_e,draft
SOC-TRUST-002,SOC-TRUST,social,E,重复囚徒困境,Iterated prisoner's dilemma,2,cooperate; defect,"payoff matrix display; simultaneous choices, then both choices revealed",,synchronous,discrete,"Criteria 1 and 3 versus SOC-TRUST-001: symmetric simultaneous cooperate/defect choices over repeated rounds instead of a sequential one-shot investment (Rilling et al. 2002, R0217).",待核实,,curator_e,draft
SOC-TRUST-003,SOC-TRUST,social,E,固定搭档多轮信任博弈,Multi-round trust game with a fixed partner,2,investor transfer decision; trustee return decision,endowment display; partner's previous decision revealed before each new round,,synchronous,discrete,"Criterion 3 versus SOC-TRUST-001: repeated rounds with the same partner, so that trial outcomes depend on the interaction history (King-Casas et al. 2005, R0312). Dual-brain recording is not itself a numbering criterion (D-021).",待核实,,curator_e,draft
SOC-UG-001,SOC-UG,social,E,最后通牒博弈,Ultimatum game,2,fair offer; unfair offer,"proposer's offer displayed to the responder, who accepts or rejects",,synchronous,none,"Standard configuration (earliest published or canonical; D-057 -001): single-round responder decisions (Guth et al. 1982, R0054).",待核实,,curator_e,draft
SOC-VPT-001,SOC-VPT,social,E,视觉观点采择,Visual perspective taking,2,other's perspective; own perspective,scene with an agent; judgement of what is visible or how the scene looks from a viewpoint,,synchronous,none,"Standard configuration (earliest published or canonical; D-057 -001): self versus other visuospatial perspective judgements; origin publication TBD (first_source holds an fMRI study, D-031).",待核实,,curator_e,draft
SOC-WIT-001,SOC-WIT,social,E,武器识别任务,Weapons identification task,2,gun target; tool target,brief Black or White face prime followed by a gun or tool picture under a response deadline,,synchronous,none,"Standard configuration (earliest published or canonical; D-057 -001): weapons identification task (Payne 2001, R0212).",待核实,,curator_e,draft
SSR-ASSR-001,SSR-ASSR,steady_state,A,听觉稳态响应,Auditory steady-state response (ASSR),1,about 40 Hz click / modulation rate,click trains or amplitude-modulated tones at a constant rate (about 40 Hz),ASSR 听觉 BCI 拆为 SSR-ASSR-002（准则 1;2;4）；80–100 Hz 载频为参数。,continuous,none,标准配置（最早发表，即 first_source）：约 40 Hz 短声串/调幅音，被动聆听。同类其他具体范式：SSR-ASSR-002（区别见各自 distinguishing；维护者 sprint 2 QA 更正）。,待核实,,curator_a,draft
SSR-ASSR-002,SSR-ASSR,steady_state,A,基于 ASSR 的听觉脑机接口（选择性注意两路声流）,ASSR-based auditory BCI (selective attention to two streams),2,attend left stream; attend right stream,two concurrent tone-burst trains from left and right loudspeakers at different rates,frequency tagging of two concurrent auditory streams,synchronous,discrete,准则 1;2;4：两路并存、不同速率的声流，条件为注意哪一路，在线离散反馈；-001 为单一声流被动聆听。,待核实,,curator_a,draft
SSR-BEAT-001,SSR-BEAT,steady_state,A,节律与节拍跟随,Beat / rhythm entrainment,3,beat (no imagery); imagined binary meter; imagined ternary meter,"repeated rhythmic sound pattern, with or without imagined meter",,block,none,标准配置（最早发表，即 first_source）：聆听节律声音，有/无想象节拍（二拍/三拍）。本类暂无其他具体范式（no sibling protocol yet）。,待核实,,curator_a,draft
SSR-CVEP-001,SSR-CVEP,steady_state,A,编码调制视觉诱发电位,Code-modulated VEP (c-VEP),,targets coded by circular shifts of one m-sequence,targets flickering by time-shifted versions of one binary m-sequence,circularly shifted m-sequence,synchronous,discrete,标准配置（最早发表，即 first_source）：各目标使用同一 m 序列的循环移位编码，模板匹配，逐次选择反馈。Gold 码拆为 -002（准则 2），burst 码拆为 -003（准则 2）。,TBD,"Castillos c-VEP dataset, m-sequence, 100 % amplitude (4 targets)",curator_a,draft
SSR-CVEP-002,SSR-CVEP,steady_state,A,调制 Gold 码 c-VEP 拼写器,c-VEP speller with modulated Gold codes,,36 cells of a 6 x 6 matrix,"speller matrix, each cell flickering with its own modulated Gold code",modulated Gold codes,synchronous,discrete,准则 2（编码方案）：各目标使用不同的调制 Gold 码（非同一序列的循环移位），以重卷积模型生成模板；-001 为 m 序列循环移位。,待核实,Thielen 2015 c-VEP speller dataset,curator_a,draft
SSR-CVEP-003,SSR-CVEP,steady_state,A,突发（burst）编码 c-VEP,Burst c-VEP,4,target 1; target 2; target 3; target 4,four targets flickering with burst code sequences,burst codes,synchronous,discrete,准则 2（编码方案）：稀疏突发码取代 -001 的 m 序列循环移位与 -002 的 Gold 码。幅度深度（100%/40%）为参数。,待核实,"Castillos burst c-VEP dataset, 100 % amplitude; Castillos burst c-VEP dataset, 40 % amplitude",curator_a,draft
SSR-FFR-001,SSR-FFR,steady_state,A,频率跟随响应,Frequency-following response (FFR),1,periodic tone,low-frequency tones repeated many times,语音音节 FFR（cABR）拆为 SSR-FFR-002（准则 2）。,synchronous,none,标准配置（最早发表，即 first_source）：低频纯音重复呈现，平均锁相响应。同类其他具体范式：SSR-FFR-002（区别见各自 distinguishing；维护者 sprint 2 QA 更正）。,待核实,,curator_a,draft
SSR-FFR-002,SSR-FFR,steady_state,A,语音诱发 FFR（复杂声听觉脑干反应）,Speech-evoked FFR (complex auditory brainstem response),1,speech syllable,repeated consonant-vowel syllable or other complex sound,,synchronous,none,准则 2（刺激类型）：语音音节/复杂声取代 -001 的纯音，分析起始响应与基频/谐波跟随。,TBD,,curator_a,draft
SSR-FPAS-001,SSR-FPAS,steady_state,A,快速周期听觉刺激,Fast periodic auditory stimulation,2,base-rate sounds; oddball-category sounds (e.g. voices),sounds at a fast fixed rate with target-category sounds at a slower periodic rate,,continuous,none,标准配置（最早发表，即 first_source）：快速固定速率声音序列中按较慢周期插入目标类别声音。本类暂无其他具体范式（no sibling protocol yet）。,待核实,,curator_a,draft
SSR-FPVS-001,SSR-FPVS,steady_state,A,快速周期视觉刺激（频率标记）,Fast periodic visual stimulation (FPVS),2,base-rate images; oddball-category images,images at a fast fixed rate (e.g. 6 Hz) with oddball images at a slower periodic rate,面孔类别 vs 面孔身份等条件集在 split_log 中提议。,continuous,none,标准配置（最早发表，即 first_source）：快速固定速率图像序列中按较慢周期插入 oddball 图像。本类暂无其他具体范式（no sibling protocol yet）。,TBD,,curator_a,draft
SSR-IM-001,SSR-IM,steady_state,A,互调频率标记,Intermodulation frequency tagging,2,aligned parts; misaligned parts,two stimulus parts (e.g. face halves) flickering at f1 and f2,"frequency tagging of parts (f1, f2), intermodulation readout",continuous,none,标准配置（最早发表，即 first_source）：刺激两部分以 f1、f2 闪烁，比较对齐与错位。本类暂无其他具体范式（no sibling protocol yet）。,待核实,,curator_a,draft
SSR-NSSEP-001,SSR-NSSEP,steady_state,A,伤害性稳态诱发电位,Nociceptive steady-state evoked potentials,1,periodic laser heat stimulation,rapid periodic thermal (laser) stimulation of the skin (e.g. 7 Hz),,continuous,none,标准配置（最早发表，即 first_source）：皮肤快速周期性激光热刺激。本类暂无其他具体范式（no sibling protocol yet）。,待核实,,curator_a,draft
SSR-RVS-001,SSR-RVS,steady_state,A,节律性视觉刺激（α 夹带）,Rhythmic visual stimulation (alpha entrainment),2,target in phase with entrainer; target out of phase,rhythmic visual stream near alpha frequency followed by a near-threshold target,,synchronous,none,标准配置（最早发表，即 first_source）：近 α 频率的节律视觉流后呈现近阈靶，靶相位为条件。本类暂无其他具体范式（no sibling protocol yet）。,TBD,,curator_a,draft
SSR-SSMVEP-001,SSR-SSMVEP,steady_state,A,稳态运动视觉诱发电位,Steady-state motion VEP (SSMVEP),,one target per motion frequency,"oscillating Newton's rings (periodic motion, little luminance change)",frequency coding (periodic motion),synchronous,none,标准配置（最早发表，即 first_source）：牛顿环周期性收缩–扩张运动，各目标不同运动频率。本类暂无其他具体范式（no sibling protocol yet）。,待核实,,curator_a,draft
SSR-SSSEP-001,SSR-SSSEP,steady_state,A,稳态体感诱发电位,Steady-state somatosensory evoked potential (SSSEP),1,vibration at one frequency,vibrotactile stimulation at a constant frequency (typically 20-30 Hz) to a finger or wrist,双侧注意 BCI 拆为 SSR-SSSEP-002（准则 1;2）。,continuous,none,标准配置（最早发表，即 first_source）：单一部位恒定频率振动刺激，被动。同类其他具体范式：SSR-SSSEP-002（区别见各自 distinguishing；维护者 sprint 2 QA 更正）。,TBD,,curator_a,draft
SSR-SSSEP-002,SSR-SSSEP,steady_state,A,稳态触觉空间注意脑机接口,Steady-state tactile spatial attention BCI,2,attend left; attend right,simultaneous bilateral vibration at two distinct frequencies; cue to attend one side,frequency tagging of left and right stimulation sites,synchronous,discrete,准则 1;2：双侧并存、不同频率的振动刺激，条件为注意左/右；-001 为单一部位被动刺激。,待核实,,curator_a,draft
SSR-SSVEP-001,SSR-SSVEP,steady_state,A,稳态视觉诱发电位范式,Steady-state visual evoked potential paradigm,1,single flicker frequency (varied across runs),"single sinusoidally or square-wave modulated light, passive viewing",single-frequency modulation,synchronous,none,标准配置（最早发表，即 first_source）：单一调制光源，按运行改变频率，被动观察，开环（Regan 1966）。多目标频率编码 BCI -002（准则 1;4）、临床光驱动 -003（准则 1;3）、多刺激频率标记注意 -004（准则 1;2）、JFPM 拼写 -005（40 目标标准配置，12 目标为其变体；原 -006 已按 D-058 作废）、含静息类 -007、异步 -008。,待核实,,savorcode01; curator_a,draft
SSR-SSVEP-002,SSR-SSVEP,steady_state,A,频率编码多目标 SSVEP 脑机接口,Frequency-coded multi-target SSVEP BCI,,one target per flicker frequency,several targets flickering simultaneously at distinct frequencies,frequency coding,synchronous,discrete,准则 1;4：多个同时闪烁的目标（多选一）并逐次离散选择反馈；-001 为单一光源被动观察。准则 2（相对 -005）：仅频率编码，不编码相位。,待核实,,curator_a,draft
SSR-SSVEP-003,SSR-SSVEP,steady_state,A,光驱动（临床间断闪光刺激）,Photic driving (clinical intermittent photic stimulation),,stepped series of flash frequencies; eyes open / eyes closed,stroboscopic flash trains in a fixed sequence of frequencies,stepped flash frequency series,block,none,准则 1;3：按频率阶梯的闪光串组块（睁/闭眼）构成条件集，组块式呈现，用于临床判读；-001 为单一调制光的研究性记录。,待核实,,curator_a,draft
SSR-SSVEP-004,SSR-SSVEP,steady_state,A,并存刺激的频率标记注意,Frequency-tagged attention to concurrent stimuli,2,attend stimulus at f1; attend stimulus at f2,"concurrent stimuli in separate locations, each flickering at its own frequency; cue to attend one",frequency tagging of concurrent stimuli,synchronous,none,准则 1;2：多个并存刺激各带频率标记，条件为注意哪一个（隐蔽注意，注视中央）；与 -002 区别在于开环、无选择反馈且不注视目标（准则 4）。,待核实,,curator_a,draft
SSR-SSVEP-005,SSR-SSVEP,steady_state,A,联合频率–相位调制 40 目标 SSVEP 拼写器,Joint frequency-phase modulated 40-target SSVEP speller,,"40 characters (letters, digits, symbols)",virtual keyboard of 40 simultaneously flickering characters,joint frequency-phase modulation (JFPM),synchronous,discrete,准则 2（编码方案）：联合频率–相位编码，取代 -002 的纯频率编码。目标个数（标准配置 40 字符；12 目标布局见 variants）为同质目标的参数，不构成准则 1（D-058）。,待核实,Tsinghua SSVEP benchmark dataset (Wang et al. 2016); BETA: A Large Benchmark Database Toward SSVEP-BCI Application; Tsinghua 40-target SSVEP Benchmark (TorchEEG TSUBenckmarkDataset loader); Nakanishi 2015 12-class SSVEP dataset (12-target JFPM variant),curator_a,draft
SSR-SSVEP-006,SSR-SSVEP,steady_state,A,联合频率–相位调制 12 目标 SSVEP,Joint frequency-phase modulated 12-target SSVEP,12,9.25 Hz; 9.75 Hz; 10.25 Hz; 10.75 Hz; 11.25 Hz; 11.75 Hz; 12.25 Hz; 12.75 Hz; 13.25 Hz; 13.75 Hz; 14.25 Hz; 14.75 Hz,12 simultaneously flickering targets,joint frequency-phase modulation (JFPM),synchronous,none,准则 1（相对 -005）：12 目标而非 40 字符键盘；准则 2（相对 -002）：联合频率–相位编码。公开数据为离线记录（反馈未在数据集页面说明）。,待核实,Nakanishi 2015 12-class SSVEP dataset,curator_a,deprecated
SSR-SSVEP-007,SSR-SSVEP,steady_state,A,含静息（非控制）类的频率编码 SSVEP,Frequency-coded SSVEP with a no-control (rest) class,4,13 Hz; 17 Hz; 21 Hz; rest (no control),three flickering LEDs; auditory instruction of the target or rest,frequency coding,synchronous,discrete,准则 1（条件集）：在频率类之外加入明确的静息/非控制类；与 -008 不同，试次仍由提示驱动（同步）。,待核实,Kalunga 2016 SSVEP dataset (3 frequencies + rest),curator_a,draft
SSR-SSVEP-008,SSR-SSVEP,steady_state,A,异步（自定步调）SSVEP 脑机接口,Asynchronous (self-paced) SSVEP BCI,,idle state; one control class per target frequency,"continuously flickering frequency-coded targets, no trial cue",frequency coding,asynchronous,discrete,准则 3（试次结构）：异步、自定步调，需检测空闲/控制状态；-002、-007 为提示驱动的同步试次。,TBD,,curator_a,draft
SSR-SWEEP-001,SSR-SWEEP,steady_state,A,扫描 VEP（视敏度评估）,Sweep VEP,1,spatial-frequency sweep,pattern reversing at a fixed rate swept through spatial frequencies within one trial,对比度扫描在 split_log 中提议。,synchronous,none,标准配置（最早发表，即 first_source）：固定翻转率的图形在单试次内扫描空间频率。本类暂无其他具体范式（no sibling protocol yet）。,TBD,,curator_a,draft
STA-ANES-001,STA-ANES,state,E,麻醉与意识水平,Anesthesia and level of consciousness,3,responsive (awake); loss of responsiveness; return of responsiveness,anaesthetic administration with periodic auditory or verbal responsiveness probes,,continuous,none,"Standard configuration (earliest published or canonical; D-057 -001): anaesthetic induction and emergence with responsiveness probes; origin of the experimental protocol TBD (first_source is the bispectral analysis method, R0111).",待核实,,curator_e; maintainer,draft
STA-CLAS-001,STA-CLAS,state,E,睡眠慢振荡闭环听觉刺激,Closed-loop auditory stimulation of sleep slow oscillations,2,stimulation night (sounds phase-locked to slow-oscillation up-states); sham night (no sounds),brief pink-noise bursts triggered by online detection of slow-oscillation up-states,,continuous,discrete,"Standard configuration (earliest published or canonical; D-057 -001): closed-loop in-phase auditory stimulation versus sham (Ngo et al. 2013, R1192). feedback=discrete records the closed loop: each sound is triggered by the ongoing EEG; the sleeping participant receives no feedback display.",待核实,,curator_e; curator_b; maintainer,draft
STA-DREAM-001,STA-DREAM,state,E,系列唤醒梦境报告范式,Serial awakening dream report paradigm,3,experience reported; experience without recall; no experience,awakening sound followed by a structured experience interview,,synchronous,none,"Standard configuration (earliest published or canonical; D-057 -001): serial awakening paradigm (Siclari et al. 2017, R1193).",待核实,,curator_e,draft
STA-DRV-001,STA-DRV,state,E,模拟驾驶与持续警觉,Simulated driving and sustained vigilance,2,alert (short response time); drowsy (long response time),"random lane-departure events in a driving simulator, corrected by steering",,synchronous,none,"Standard configuration (earliest published or canonical; D-057 -001): event-related lane-departure task where response time to each deviation labels drowsiness (Lin et al. 2005, R1176). Differs from STA-DRV-002 (continuous driving with an eye-tracking vigilance label).",待核实,Multi-channel EEG recordings during a sustained-attention driving task (figshare),curator_e,draft
STA-DRV-002,STA-DRV,state,E,连续模拟驾驶（眼动警觉标注）,Continuous simulated driving with eye-tracking vigilance labels,1,continuous vigilance index (PERCLOS),virtual driving scene; no imposed events,,continuous,none,"Criteria 2 and 3 versus STA-DRV-001: no lane-departure events, and vigilance is labelled continuously from eye tracking rather than from response times to discrete events (SEED-VIG dataset).",TBD,SEED-VIG,curator_e,draft
STA-ENG-001,STA-ENG,state,E,自然视频与学习中的投入度,Engagement during naturalistic video and learning,1,naturalistic film or video viewing,film clips or instructional videos watched by several participants,,continuous,none,"Standard configuration (earliest published or canonical; D-057 -001): inter-subject correlation of EEG during repeated or scrambled film viewing (Dmochowski et al. 2012, R1178).",待核实,,curator_e,draft
STA-HYPN-001,STA-HYPN,state,E,催眠诱导,Hypnotic induction,3,hypnosis; rest; control (e.g. memory recall),recorded standardised hypnotic induction,,block,none,"Standard configuration (earliest published or canonical; D-057 -001): induction versus rest and control conditions in high and low hypnotizables; origin publication TBD (first_source holds an fMRI study, D-031).",待核实,,curator_e,draft
STA-MATB-001,STA-MATB,state,E,多属性任务组（MATB）,Multi-attribute task battery (MATB),2,low workload; high workload,"simultaneous monitoring, tracking, resource-management and communication subtasks",,block,none,Standard configuration (earliest published or canonical; D-057 -001): MATB with workload set by subtask rate and number (R1064/R0849); the number of workload levels is a parameter.,待核实,COG-BCI database (Zenodo),curator_e,draft
STA-MED-001,STA-MED,state,E,冥想,Meditation,2,meditation; rest or mind-wandering baseline,verbal instruction; eyes closed or open depending on tradition,,block,none,"Standard configuration (earliest published or canonical; D-057 -001): meditation blocks versus baseline; meditation style (focused attention, open monitoring) is kept as a parameter for now (split_log).",待核实,,curator_e,draft
STA-MW-001,STA-MW,state,E,走神（思维探测采样）,Mind wandering (probe-caught thought sampling),2,on-task report; off-task report,thought probes at unpredictable times during a monotonous task,,synchronous,none,"Standard configuration (earliest published or canonical; D-057 -001): experimenter-initiated thought probes (probe-caught; Antrobus et al. 1970, R0020). Differs from STA-MW-002 (participant-initiated self-caught reports).",待核实,,curator_e,draft
STA-MW-002,STA-MW,state,E,走神（自我觉察报告）,Mind wandering (self-caught reports),2,self-caught off-task report; on-task period,ongoing task (e.g. text reading); participant-initiated key press,,asynchronous,none,"Criterion 3 versus STA-MW-001: reports are initiated by the participant whenever they notice mind wandering (self-paced), instead of being elicited by experimenter-timed probes.",待核实,,curator_e,draft
STA-NF-001,STA-NF,state,E,脑电频段功率神经反馈,EEG band-power neurofeedback,1,target EEG band-power change (e.g. SMR increase),visual or auditory display or reward signal driven by the online band power,,continuous,continuous,"Standard configuration (earliest published or canonical; D-057 -001): operant training of one EEG frequency band with continuous feedback over sessions (earliest seen: Sterman & Friar 1972, SMR). Differs from STA-NF-002 (haemodynamic regional neurofeedback in regulate/rest blocks).",待核实,,curator_e,draft
STA-NF-002,STA-NF,state,E,血流动力学区域神经反馈（rtfMRI／fNIRS）,Haemodynamic regional neurofeedback (rtfMRI / fNIRS),2,regulate target region; rest baseline,"feedback display (e.g. thermometer) updated each volume, with block instructions",,block,continuous,"Criteria 1 and 3 versus STA-NF-001: a regional haemodynamic signal is trained in alternating regulate and rest blocks, instead of continuous training of an EEG frequency band (Weiskopf et al. 2003).",待核实,,curator_e,draft
STA-PSY-001,STA-PSY,state,E,致幻剂药物状态,Psychedelic drug state,2,psychedelic drug; placebo,drug administration followed by resting-state recording,,continuous,none,"Standard configuration (earliest published or canonical; D-057 -001): within-subject drug versus placebo resting recording; origin publication TBD (first_source holds a neural study, D-031).",待核实,,curator_e; maintainer,draft
STA-PVT-001,STA-PVT,state,E,精神运动警觉任务（PVT）,Psychomotor vigilance task (PVT),1,simple reaction to counter onset,millisecond counter appearing at random intervals; the reaction time is displayed,,synchronous,discrete,"Standard configuration (earliest published or canonical; D-057 -001): 10-minute visual PVT with response-time display after each response (Dinges & Powell 1985, R0070).",待核实,,curator_e,draft
STA-REST-001,STA-REST,state,E,静息态（单一连续条件）,Resting state (single continuous condition),1,rest (one eye condition held for the whole run),"no task; eyes closed, or eyes open on a fixation cross",,continuous,none,"Standard configuration (earliest published or canonical; D-057 -001): one continuous rest run without a task (Biswal et al. 1995, R0124). Differs from STA-REST-002 (alternating eyes-closed and eyes-open blocks).",待核实,A resting-state EEG dataset for sleep deprivation,curator_e,draft
STA-REST-002,STA-REST,state,E,闭眼／睁眼交替静息,Alternating eyes-closed / eyes-open rest,2,eyes closed; eyes open,verbal or auditory instruction to open or close the eyes,,block,none,"Criteria 1 and 3 versus STA-REST-001: two eye conditions alternate in blocks within a run, so eyes-closed and eyes-open rest are contrasted (Barry et al. 2007, R0362).",待核实,"MPI LEMON: A mind-brain-body dataset of MRI, EEG, cognition, emotion, and peripheral physiology in young and old adults",curator_e,draft
STA-SCP-001,STA-SCP,state,E,慢皮层电位自我调节训练（二分类）,SCP self-regulation training (binary),2,cortical negativity; cortical positivity,trial-wise visual cue indicating the required polarity; the SCP is shown as a moving cursor or object,,synchronous,continuous,"Standard configuration (earliest published or canonical; D-057 -001): binary negativity/positivity training with continuous visual SCP feedback, no spelling; the configuration from which the speller (STA-SCP-002) was built.",TBD,,curator_e,draft
STA-SCP-002,STA-SCP,state,E,慢皮层电位拼写装置（思维翻译装置）,SCP-driven spelling device (Thought Translation Device),2,select letter group (negativity); reject letter group (positivity),letter groups presented on screen in a binary selection tree,,synchronous,continuous,"Criterion 1 versus STA-SCP-001: the two SCP classes are mapped to selecting or rejecting letter groups in a binary spelling tree, so trials yield character selections (Birbaumer et al. 1999, R1177).",待核实,,curator_e,draft
STA-SLP-001,STA-SLP,state,E,睡眠分期（Rechtschaffen & Kales 规则）,Sleep staging (Rechtschaffen & Kales rules),6,wake; stage 1; stage 2; stage 3; stage 4; REM,none (overnight polysomnography),,continuous,none,"Standard configuration (earliest published or canonical; D-057 -001): 30-s epochs scored into six R&K stages (Rechtschaffen & Kales 1968, R1180). Differs from STA-SLP-002 (AASM five-stage scheme).",待核实,Sleep-EDF Database Expanded (PhysioNet),curator_e,draft
STA-SLP-002,STA-SLP,state,E,睡眠分期（AASM 规则）,Sleep staging (AASM rules),5,wake; N1; N2; N3; R,none (overnight polysomnography),,continuous,none,Criterion 1 versus STA-SLP-001: five AASM classes (stages 3 and 4 merged into N3; REM renamed R) instead of six R&K stages (Iber et al. 2007).,待核实,,curator_e,draft
STM-ADBS-001,STM-ADBS,stimulation,B,自适应（闭环）深部脑刺激,Adaptive (closed-loop) deep brain stimulation,2,adaptive (beta-triggered) stimulation; comparison stimulation (conventional or none),none,stimulation switched on when subthalamic beta power exceeds a threshold,continuous,continuous,Standard configuration (earliest published) / 标准配置（最早发表）: closed-loop on/off DBS triggered by subthalamic beta power (R1128; origin not established). No sibling protocol yet; continuously amplitude-scaled versions are proposed in split_log only if a lead is found.,待核实,,curator_b,draft
STM-CCEP-001,STM-CCEP,stimulation,B,皮层-皮层诱发电位,Cortico-cortical evoked potentials,1,single-pulse stimulation of an electrode pair,none,"repeated single electrical pulses, responses averaged",synchronous,none,Standard configuration (earliest published) / 标准配置（最早发表）: repeated single-pulse stimulation of one contact pair with averaging at all other contacts (Matsumoto et al. 2004). No sibling protocol yet.,待核实,,curator_b,draft
STM-DBSEP-001,STM-DBSEP,stimulation,B,深部脑刺激诱发电位,DBS-evoked potentials,1,DBS bursts or single pulses through the implanted lead,none,short bursts or single pulses,synchronous,none,Standard configuration (earliest published) / 标准配置（最早发表）: stimulation through the DBS lead with recording from non-stimulating contacts (ERNA; Sinclair et al. 2018). No sibling protocol yet.,待核实,,curator_b,draft
STM-GVS-001,STM-GVS,stimulation,B,直流电前庭刺激,Galvanic vestibular stimulation,2,galvanic vestibular stimulation; sham / cutaneous control,none,,block,none,Standard configuration (earliest published) / 标准配置（最早发表）: binaural mastoid GVS vs control stimulation in fMRI blocks (Bense et al. 2001). No sibling protocol yet.,待核实,,curator_b,draft
STM-PAS-001,STM-PAS,stimulation,B,成对联合刺激,Paired associative stimulation,1,median-nerve stimulation paired with motor-cortex TMS,none,peripheral pulse and TMS pulse at a fixed interstimulus interval,block,none,"Standard configuration (earliest published) / 标准配置（最早发表）: repeated fixed-interval pairing, excitability measured before and after the intervention (Stefan et al. 2000, MEP origin, D-031). No sibling protocol yet.",待核实,,curator_b,draft
STM-PBM-001,STM-PBM,stimulation,B,经颅光生物调节同步脑电,Transcranial photobiomodulation with EEG,2,active photobiomodulation; sham,none,,block,none,Standard configuration (earliest published) / 标准配置（最早发表）: near-infrared light over the forehead in active and sham blocks with EEG (R1253). No sibling protocol yet.,待核实,,curator_b; maintainer,draft
STM-PHTMS-001,STM-PHTMS,stimulation,B,脑电相位触发 TMS,EEG phase-triggered TMS,3,negative-peak triggered; positive-peak triggered; random phase,none,real-time EEG phase-locked triggering of TMS pulses (mu rhythm),asynchronous,discrete,"Standard configuration (earliest published) / 标准配置（最早发表）: each TMS pulse triggered by the real-time mu-rhythm phase (brain-state-dependent, pulse-wise closed loop), compared with random-phase stimulation (Zrenner et al. 2018). No sibling protocol yet.",待核实,,curator_b,draft
STM-SEP-001,STM-SEP,stimulation,B,正中神经体感诱发电位,Median-nerve somatosensory evoked potential,1,median-nerve stimulation at the wrist,none,brief electrical pulses at a low repetition rate,synchronous,none,Standard configuration (earliest published) / 标准配置（最早发表）: low-rate median-nerve pulses averaged for the N20 (Dawson 1947). No sibling protocol yet.,待核实,,curator_b,draft
STM-TACS-001,STM-TACS,stimulation,B,经颅交流电刺激同步脑电,Transcranial alternating current stimulation with EEG,2,tACS at the individual alpha frequency; sham,none,sinusoidal current at a fixed frequency,block,none,Standard configuration (earliest published) / 标准配置（最早发表）: fixed-frequency tACS vs sham with EEG before and after stimulation (Zaehle et al. 2010). No sibling protocol yet; closed-loop phase-locked tACS is not split (no lead).,待核实,,curator_b,draft
STM-TAVNS-001,STM-TAVNS,stimulation,B,经皮耳迷走神经刺激,Transcutaneous auricular vagus nerve stimulation,2,cymba conchae stimulation; sham (earlobe) stimulation,visual oddball task during stimulation,,block,none,Standard configuration (earliest published) / 标准配置（最早发表）: taVNS vs earlobe sham with a concurrent oddball task for the P3b (Ventura-Bort et al. 2018). No sibling protocol yet.,待核实,,curator_b,draft
STM-TDCS-001,STM-TDCS,stimulation,B,经颅直流电刺激同步记录,Transcranial direct current stimulation with EEG / fNIRS,3,anodal; cathodal; sham,none,constant current for several minutes,block,none,"Standard configuration (earliest published) / 标准配置（最早发表）: polarity-dependent offline tDCS with recordings before/during/after (Nitsche & Paulus 2000, MEP origin, D-031). No sibling protocol yet.",待核实,,curator_b,draft
STM-TEP-001,STM-TEP,stimulation,B,TMS 诱发脑电,TMS-evoked potentials (TMS-EEG),1,single TMS pulse to a cortical target,none,"single pulses, responses averaged",synchronous,none,Standard configuration (earliest published) / 标准配置（最早发表）: single-pulse TMS with TMS-compatible EEG and averaging (Ilmoniemi et al. 1997). No sibling protocol yet.,待核实,,curator_b,draft
STM-TI-001,STM-TI,stimulation,B,时间干涉电刺激,Temporal interference stimulation,2,temporal interference stimulation; control stimulation,task during stimulation,two kHz currents with a small frequency difference,block,none,Standard configuration (earliest published) / 标准配置（最早发表）: TI targeting the hippocampus with BOLD readout during a task (R1129). No sibling protocol yet.,待核实,,curator_b,draft
STM-TMSFMRI-001,STM-TMSFMRI,stimulation,B,TMS 与功能磁共振同步,Concurrent TMS-fMRI,2,TMS interleaved with image acquisition; no-TMS / sham baseline,none,,block,none,"Standard configuration (earliest published) / 标准配置（最早发表）: TMS trains interleaved with echo-planar imaging, BOLD at the stimulated and connected regions (Bohning et al. 1998). No sibling protocol yet.",待核实,,curator_b,draft
STM-TUS-001,STM-TUS,stimulation,B,经颅超声刺激,Transcranial focused ultrasound stimulation,2,focused ultrasound time-locked to median-nerve stimulation; sham sonication,none,ultrasound pulse time-locked to a peripheral sensory stimulus,synchronous,none,"Standard configuration (earliest published) / 标准配置（最早发表）: TUS of S1 delivered with median-nerve stimulation, SEP readout (Legon et al. 2014). Sibling proposed in split_log: TUS alone with fMRI readout (criterion 2; no checked lead).",待核实,,curator_b,draft
STM-VIB-001,STM-VIB,stimulation,B,肌腱振动运动错觉,Tendon vibration kinesthetic illusion,2,tendon vibration (illusion); skin vibration control,none,high-frequency vibration of a tendon,block,none,Standard configuration (earliest published) / 标准配置（最早发表）: tendon vibration inducing kinaesthetic illusion vs nearby skin vibration in fMRI (R1130; origin not established). No sibling protocol yet.,待核实,,curator_b,draft
