entity_type,entity_id,variant_name,pkg,pkg_reviewer,check_status,source_api,matched_doi,matched_pmid,corrected_fields,note,checker,date
concrete,PER-AAD-001,,A,curator_e,corrected,Crossref (works/DOI),10.1093/cercor/bht355,,"citation,year","YAML had title+journal only; authors, year (issue 2015; online 2014), volume/issue/pages added from Crossref",curator_e,2026-10-05
concrete,PER-AB-001,,A,curator_e,confirmed,"OpenAlex (works/doi, fallback; Crossref 429)",10.1037/0096-1523.18.3.849,,,title/first author/year/venue agree; APA-style citation kept,curator_e,2026-10-05
concrete,PER-ABR-001,,A,curator_e,tbd_resolved,"OpenAlex (works/doi; DOI candidate from curator memory, record title matched)",10.1093/brain/94.4.681,5132966,"citation,doi,year","queries: Sohmer & Feinmesser 1967 (10.1177/000348946707600211) -> 429 not retried; Jewett & Williston 1971 -> record matched. Sohmer & Feinmesser 1967 (Ann Otol Rhinol Laryngol 76:427-435) is the earlier surface-electrode report named in R0856 and should be checked for priority; D-073: candidate from memory, record confirmed by API",curator_e,2026-10-05
concrete,PER-ACC-001,,A,curator_e,tbd_resolved,"OpenAlex (works/doi; DOI candidate from curator memory, record title matched)",10.1097/00003446-199808000-00004,9728724,"citation,doi,year","query: Ostroff, Martin & Boothroyd 1998 -> record matched (paper that named the acoustic change complex); D-073: candidate from memory, record confirmed by API",curator_e,2026-10-05
concrete,PER-ADDS-001,,A,curator_e,tbd_resolved,"OpenAlex (works/doi; DOI candidate from curator memory, record title matched)",10.3758/BF03211656,1620571,"citation,doi,year","query: Theeuwes 1992 -> record matched (origin of the additional-singleton task). First neural recording of the Pd (Hickey, Di Lollo & McDonald 2009, J Cogn Neurosci) not fetched (budget); for notes per D-031 item 3; D-073: candidate from memory, record confirmed by API",curator_e,2026-10-05
concrete,PER-AEP-001,,A,curator_e,tbd_resolved,"OpenAlex (works/doi; DOI candidate from curator memory, record title matched)",10.1152/jn.1939.2.6.494,,"citation,doi,year","query: Davis PA 1939 (the ""1939 vertex-potential report"" hinted in the file notes) -> record matched; D-073: candidate from memory, record confirmed by API",curator_e,2026-10-05
concrete,PER-AMASK-001,,A,curator_e,tbd_resolved,"OpenAlex (works/doi; DOI candidate from curator memory, record title matched)",10.1103/PhysRev.23.266,,"citation,doi,year","query: Wegel & Lane 1924 -> record matched (origin of the tone-on-tone masking procedure; psychophysical, D-031 item 1). First ERP masking study not identified; D-073: candidate from memory, record confirmed by API",curator_e,2026-10-05
concrete,PER-BODY-001,,A,curator_e,corrected,Crossref (works/DOI),10.1126/science.1063414,,"citation,year","YAML had title only; authors, journal, year 2001, 293(5539):2470-2473 added from Crossref",curator_e,2026-10-05
concrete,PER-BOI-001,,A,curator_e,confirmed,"OpenAlex (works/doi, fallback; Crossref 429)",10.1038/35784,9486643,,agree; record pmid 9486643 matches YAML,curator_e,2026-10-05
concrete,PER-BR-001,,A,curator_e,tbd_resolved,"OpenAlex (works/doi; DOI candidate from curator memory, record title matched)",10.1098/rstl.1838.0019,,"citation,doi,year","query: Wheatstone 1838 (hint in file notes) -> record matched (stereoscope paper describing dichoptic rivalry). Behavioural origin per D-031; first neural recording candidates (Lansing 1964 EEG; Tong et al. 1998 fMRI) for notes; D-073: candidate from memory, record confirmed by API",curator_e,2026-10-05
concrete,PER-BR-002,,A,curator_e,tbd_resolved,"OpenAlex (works/doi; DOI candidate from curator memory, record title matched)",10.1126/science.146.3649.1325,14207465,"citation,doi,year","query: Lansing 1964 -> record matched (first flicker-tagged rivalry EEG; earlier than the late-1990s MEG/EEG studies hinted in the TBD text, e.g. Brown & Norcia 1997); D-073: candidate from memory, record confirmed by API",curator_e,2026-10-05
concrete,PER-CAT-001,,A,curator_e,not_found,"Crossref/OpenAlex search (429, unavailable)",,,,"book chapter (Ungerleider & Mishkin 1982, in Analysis of Visual Behavior, MIT Press); no DOI; Crossref/OpenAlex bibliographic search endpoints returned 429 throughout the session, so no record could be retrieved. D-031 weak_origin flag already noted by pkg A",curator_e,2026-10-05
concrete,PER-CB-001,,A,curator_e,tbd_resolved,"OpenAlex (works/doi; DOI candidate from curator memory, record title matched)",10.1111/j.1467-9280.1997.tb00427.x,,"citation,doi,year","query: Rensink, O'Regan & Clark 1997 -> record matched (flicker change-detection paradigm origin); D-073: candidate from memory, record confirmed by API",curator_e,2026-10-05
concrete,PER-CTXC-001,,A,curator_e,confirmed,Crossref (works/DOI),10.1006/cogp.1998.0681,,,agree,curator_e,2026-10-05
concrete,PER-CUE-001,,A,curator_e,confirmed,Crossref (works/DOI),10.1080/00335558008248231,,,agree,curator_e,2026-10-05
concrete,PER-CUE-002,,A,curator_e,confirmed,Crossref (works/DOI),10.1080/00335558008248231,,,"agree (same source as PER-CUE-001; record reused, no extra fetch)",curator_e,2026-10-05
concrete,PER-CVA-001,,A,curator_e,confirmed,Crossref (works/DOI),10.1523/JNEUROSCI.0875-06.2006,,,agree,curator_e,2026-10-05
concrete,PER-CVA-002,,A,curator_e,tbd_resolved,"OpenAlex (works/doi; DOI candidate from curator memory, record title matched)",10.1016/j.jneumeth.2009.01.016,19428515,"citation,doi,year","query: van Gerven & Jensen 2009 (lead in TBD text) -> record matched; D-073: candidate from memory, record confirmed by API",curator_e,2026-10-05
concrete,PER-FACE-001,,A,curator_e,corrected,"OpenAlex (works/doi; DOI candidate from curator memory, record title matched)",10.1162/jocn.1996.8.6.551,20740065,"citation,doi,year","title-only YAML; search endpoints were throttled (429), so the DOI known to the checker was fetched and the record title matched exactly; full citation + DOI written; D-073: candidate from memory, record confirmed by API",curator_e,2026-10-05
concrete,PER-FVEP-001,,A,curator_e,tbd_resolved,"Crossref (works/DOI; DOI candidate from curator memory, record title matched)",10.1016/0013-4694(61)90132-8,,"citation,doi,year","query: Ciganek 1961 -> Crossref record matched (classic description of the averaged flash VEP waveform). Earlier flicker reports (Adrian & Matthews 1934) belong to steady-state stimulation; D-073: candidate from memory, record confirmed by API",curator_e,2026-10-05
concrete,PER-GATE-001,,A,curator_e,tbd_resolved,"OpenAlex (works/pmid, fallback; PubMed reCAPTCHA)",,7104417,"citation,doi,year","query: PMID 7104417 (the ""commonly cited 1982 schizophrenia gating paper"" of SA39) -> record matched; no DOI exists for this record",curator_e,2026-10-05
concrete,PER-GEP-001,,A,curator_e,tbd_resolved,"OpenAlex (works/doi; DOI candidate from curator memory, record title matched)",10.1016/0168-5597(85)90055-3,2415341,"citation,doi,year","query: Kobal 1985 -> record matched; D-073: candidate from memory, record confirmed by API",curator_e,2026-10-05
concrete,PER-HBD-001,,A,curator_e,confirmed,Crossref (works/DOI),10.1007/bf00998623,,,agree,curator_e,2026-10-05
concrete,PER-HBD-002,,A,curator_e,confirmed,Crossref (works/DOI),10.1111/j.1469-8986.1981.tb02486.x,,,agree,curator_e,2026-10-05
concrete,PER-IB-001,,A,curator_e,tbd_resolved,"OpenAlex (works/doi; DOI candidate from curator memory, record title matched)",10.7551/mitpress/3707.001.0001,,"citation,doi,year","query: Mack & Rock 1998 -> record matched (monograph reporting the original cross-task experiments; book, not a review). The ERP version in the description (aware vs unaware, VAN) is Pitts et al. 2012 J Cogn Neurosci - first neural recording candidate for notes (D-031 item 3); D-073: candidate from memory, record confirmed by API",curator_e,2026-10-05
concrete,PER-IC-001,,A,curator_e,tbd_resolved,"OpenAlex (works/doi; DOI candidate from curator memory, record title matched)",10.1038/scientificamerican0476-48,1257734,"citation,doi,year","query: Kanizsa 1976 -> record matched. The original description (Kanizsa 1955, Rivista di Psicologia 49:7-30) has no DOI/record; 1976 is the earliest bibliographically identifiable one - maintainer may prefer to cite 1955 in notes; D-073: candidate from memory, record confirmed by API",curator_e,2026-10-05
concrete,PER-LEP-001,,A,curator_e,corrected,"OpenAlex (works/pmid, fallback; PubMed reCAPTCHA)",,1763252,citation,second author Treede RD was missing; 147(10):625-643 added; no DOI exists for this record,curator_e,2026-10-05
concrete,PER-LG-001,,A,curator_e,corrected,"OpenAlex (works/doi; DOI candidate from curator memory, record title matched)",10.1073/pnas.0809667106,19164526,"citation,doi,year","title-only YAML; record title matched exactly; full citation + DOI written; D-073: candidate from memory, record confirmed by API",curator_e,2026-10-05
concrete,PER-MASK-001,,A,curator_e,confirmed,Crossref (works/DOI),10.1371/journal.pbio.0050260,,,agree,curator_e,2026-10-05
concrete,PER-MLR-001,,A,curator_e,tbd_resolved,"OpenAlex (works/doi; DOI candidate from curator memory, record title matched)",10.1126/science.128.3333.1210,13592309,"citation,doi,year","query: Geisler, Frishkopf & Rosenblith 1958 -> record matched (first averaged scalp middle-latency click responses); D-073: candidate from memory, record confirmed by API",curator_e,2026-10-05
concrete,PER-MMN-001,,A,curator_e,confirmed,Crossref (works/DOI),10.1016/0001-6918(78)90006-9,,,agree (diacritics Näätänen/Mäntysalo omitted in YAML; not treated as an error),curator_e,2026-10-05
concrete,PER-MMN-002,,A,curator_e,corrected,"OpenAlex (works/pmid, fallback; PubMed reCAPTCHA)",10.1016/0301-0511(81)90043-0,7342998,"citation,doi,year","YAML had title only; authors, journal, year 1981, 13:281-288 and DOI added (via PMID 7342998)",curator_e,2026-10-05
concrete,PER-MMN-003,,A,curator_e,corrected,"OpenAlex (works/pmid, fallback; PubMed reCAPTCHA)",10.1016/j.clinph.2003.04.001,14706481,"citation,doi","authors, 115(1):140-144 and DOI added (via PMID 14706481). Year kept 2004 = print issue 115(1) Jan 2004; OpenAlex lists online date 2003-12-04",curator_e,2026-10-05
concrete,PER-MOT-001,,A,curator_e,confirmed,Crossref (works/DOI),10.1163/156856888x00122,,,agree,curator_e,2026-10-05
concrete,PER-MSI-001,,A,curator_e,confirmed,Crossref (works/DOI),10.1038/264746a0,,,agree,curator_e,2026-10-05
concrete,PER-MSI-002,,A,curator_e,tbd_resolved,"OpenAlex (works/doi; DOI candidate from curator memory, record title matched)",10.1162/089892999563544,10511637,"citation,doi,year","query: Giard & Peronnet 1999 -> record matched (additive-model AV ERP paradigm with simple stimuli); D-073: candidate from memory, record confirmed by API",curator_e,2026-10-05
concrete,PER-MVEP-001,,A,curator_e,tbd_resolved,"OpenAlex (works/doi; DOI candidate from curator memory, record title matched)",10.1007/BF00161234,1505342,"citation,doi,year","query: Kuba & Kubova 1992 -> record matched. Earlier motion-reversal VEP reports (Clarke 1972, Brain Res) not fetched; D-073: candidate from memory, record confirmed by API",curator_e,2026-10-05
concrete,PER-MVEP-002,,A,curator_e,confirmed,Crossref (works/DOI),10.1088/1741-2560/5/4/011,,,"agree; record adds issue 4, pages 477-485 (not written: no field wrong)",curator_e,2026-10-05
concrete,PER-NAT-001,,A,curator_e,corrected,"OpenAlex (works/pmid, fallback; PubMed reCAPTCHA)",10.1126/science.1089506,15016991,"citation,doi","YAML had title+journal+year; authors, 303(5664):1634-1640 and DOI added (via PMID 15016991)",curator_e,2026-10-05
concrete,PER-NAVON-001,,A,curator_e,confirmed,Crossref (works/DOI),10.1016/0010-0285(77)90012-3,,,agree,curator_e,2026-10-05
concrete,PER-ODD-001,,A,curator_e,confirmed,Crossref (works/DOI),10.1126/science.150.3700.1187,,,agree,curator_e,2026-10-05
concrete,PER-ODD-002,,A,curator_e,confirmed,Crossref (works/DOI),10.1016/0013-4694(75)90263-1,,,agree,curator_e,2026-10-05
concrete,PER-ODD-003,,A,curator_e,confirmed,Crossref (works/DOI),10.1016/0013-4694(88)90149-6,,,agree,curator_e,2026-10-05
concrete,PER-ODD-004,,A,curator_e,confirmed,Crossref (works/DOI),10.1037/0278-7393.2.5.509,,,agree,curator_e,2026-10-05
concrete,PER-ODD-005,,A,curator_e,confirmed,Crossref (works/DOI),10.1016/j.clinph.2012.12.050,,,agree,curator_e,2026-10-05
concrete,PER-ODD-006,,A,curator_e,confirmed,Crossref (works/DOI),10.1016/j.clinph.2010.01.030,,,agree,curator_e,2026-10-05
concrete,PER-ODD-007,,A,curator_e,confirmed,Crossref (works/DOI),10.1016/j.jneumeth.2007.03.005,,,agree; record adds 167(1):115-125,curator_e,2026-10-05
concrete,PER-ODD-008,,A,curator_e,confirmed,Crossref (works/DOI),10.3389/fnins.2011.00112,,,agree (Crossref record lacks article number; YAML 5:112 kept),curator_e,2026-10-05
concrete,PER-ODD-009,,A,curator_e,confirmed,Crossref (works/DOI),10.3389/fnins.2010.00019,,,agree on title/first author/year/venue (Crossref author list truncated in record),curator_e,2026-10-05
concrete,PER-OLF-001,,A,curator_e,tbd_resolved,"OpenAlex (works/doi; DOI candidate from curator memory, record title matched)",10.1016/0168-5597(88)90023-8,2454788,"citation,doi,year","query: Kobal & Hummel 1988 -> record matched (olfactometer OERP procedure in English; Kobal & Plattig 1978, Z EEG-EMG, is earlier but has no record); D-073: candidate from memory, record confirmed by API",curator_e,2026-10-05
concrete,PER-OMIT-001,,A,curator_e,tbd_resolved,"OpenAlex (works/doi; DOI candidate from curator memory, record title matched)",10.1126/science.155.3768.1436,6018511,"citation,doi,year","query: Sutton, Tueting, Zubin & John 1967 -> record matched (potentials to omitted/absent stimuli); D-073: candidate from memory, record confirmed by API",curator_e,2026-10-05
concrete,PER-OMIT-002,,A,curator_e,corrected,Crossref (works/DOI),10.1523/JNEUROSCI.5821-12.2013,,citation,"""et al."" expanded to full author list; issue and page range added",curator_e,2026-10-05
concrete,PER-ORN-001,,A,curator_e,corrected,"OpenAlex (works/doi; DOI candidate from curator memory, record title matched)",10.1121/1.1434942,11863201,"citation,doi,year","title-only YAML; first DOI tried (Alain, Arnott, Picton 2001) was a different paper; second record title matched exactly; full citation + DOI written; D-073: candidate from memory, record confirmed by API",curator_e,2026-10-05
concrete,PER-PRVEP-001,,A,curator_e,tbd_resolved,"OpenAlex (works/doi; DOI candidate from curator memory, record title matched)",10.1016/S0140-6736(72)91155-5,4112367,"citation,doi,year","query: Halliday, McDonald & Mushin 1972 -> record matched (clinical pattern-reversal VEP origin); D-073: candidate from memory, record confirmed by API",curator_e,2026-10-05
concrete,PER-RET-001,,A,curator_e,confirmed,Crossref (works/DOI),10.1073/pnas.93.6.2382,,,agree,curator_e,2026-10-05
concrete,PER-RET-002,,A,curator_e,confirmed,Crossref (works/DOI),10.1016/j.neuroimage.2007.09.034,,,agree,curator_e,2026-10-05
concrete,PER-RREP-001,,A,curator_e,tbd_resolved,"OpenAlex (works/doi; DOI candidate from curator memory, record title matched)",10.1152/jappl.1986.60.6.1843,3722053,"citation,doi,year","query: Davenport et al. 1986 -> record matched; D-073: candidate from memory, record confirmed by API",curator_e,2026-10-05
concrete,PER-SPN-001,,A,curator_e,tbd_resolved,"OpenAlex (works/doi; DOI candidate from curator memory, record title matched)",10.1111/j.1469-8986.1987.tb00353.x,3438435,"citation,doi,year","query: Damen & Brunia 1987 -> record matched (time-estimation SPN paradigm); D-073: candidate from memory, record confirmed by API",curator_e,2026-10-05
concrete,PER-STREAM-001,,A,curator_e,corrected,"OpenAlex (works/doi; DOI candidate from curator memory, record title matched)",10.1017/S0048577299971056,10098377,"citation,doi,year","title-only YAML; record title matched exactly; full citation + DOI written; D-073: candidate from memory, record confirmed by API",curator_e,2026-10-05
concrete,PER-TACT-001,,A,curator_e,tbd_resolved,"Crossref (works/DOI; DOI candidate from curator memory, record title matched)",10.1113/jphysiol.1977.sp012025,,"citation,doi,year","queries: OpenAlex -> 429; Crossref -> record matched (attended vs unattended finger SEPs, N140 enhancement); D-073: candidate from memory, record confirmed by API",curator_e,2026-10-05
concrete,PER-TON-001,,A,curator_e,corrected,"OpenAlex (works/doi, fallback; Crossref 429)",10.1152/jn.01125.2002,14614108,citation,"""et al."" expanded to full author list; 91(3):1282-1296 added (OpenAlex; Crossref 429)",curator_e,2026-10-05
concrete,PER-VMMN-001,,A,curator_e,tbd_resolved,"OpenAlex (works/doi; DOI candidate from curator memory, record title matched)",10.1097/00001756-199911080-00020,10599846,"citation,doi,year","query: Tales et al. 1999 -> record matched. Czigler & Csibra 1990 (Psychophysiology 27:669-681) is sometimes cited as earlier; not fetched (budget); D-073: candidate from memory, record confirmed by API",curator_e,2026-10-05
concrete,PER-VOICE-001,,A,curator_e,tbd_resolved,"OpenAlex (works/doi; DOI candidate from curator memory, record title matched)",10.1038/35002078,10659849,"citation,doi,year","query: Belin et al. 2000 -> record matched (voice localizer origin); D-073: candidate from memory, record confirmed by API",curator_e,2026-10-05
concrete,PER-VS-001,,A,curator_e,confirmed,Crossref (works/DOI),10.1016/0010-0285(80)90005-5,,,agree,curator_e,2026-10-05
concrete,SSR-ASSR-001,,A,curator_e,corrected,"OpenAlex (works/doi; DOI candidate from curator memory, record title matched)",10.1073/pnas.78.4.2643,6941317,"citation,doi,year","YAML had title + ""(Alzforum paper record)""; record title matched exactly; full citation + DOI written; D-073: candidate from memory, record confirmed by API",curator_e,2026-10-05
concrete,SSR-ASSR-002,,A,curator_e,confirmed,"OpenAlex (works/doi, fallback; Crossref 429)",10.1016/j.jneumeth.2011.02.007,21335029,,agree,curator_e,2026-10-05
concrete,SSR-BEAT-001,,A,curator_e,confirmed,Crossref (works/DOI),10.1523/JNEUROSCI.0411-11.2011,,,agree; record adds 31(28):10234-10240,curator_e,2026-10-05
concrete,SSR-CVEP-001,,A,curator_e,tbd_resolved,"OpenAlex (works/doi; DOI candidate from curator memory, record title matched)",10.1016/0745-7138(92)90045-7,,"citation,doi,year","query: Sutter 1992 -> record matched (first full description of the m-sequence/code-VEP speller; Sutter 1984 proceedings has no record); D-073: candidate from memory, record confirmed by API",curator_e,2026-10-05
concrete,SSR-CVEP-002,,A,curator_e,confirmed,"OpenAlex (works/doi, fallback; Crossref 429)",10.1371/journal.pone.0133797,26208328,,agree,curator_e,2026-10-05
concrete,SSR-CVEP-003,,A,curator_e,confirmed,Crossref (works/DOI),10.1016/j.neuroimage.2023.120446,,,agree,curator_e,2026-10-05
variant,SSR-CVEP-003,Reduced amplitude depth (40 %),A,curator_e,corrected,Crossref (works/DOI),10.1016/j.neuroimage.2023.120446,,citation,"variant source had ""et al."" and no title; full author list and title written (same DOI as SSR-CVEP-003; record reused). Dataset tag kept in variant note",curator_e,2026-10-05
concrete,SSR-FFR-001,,A,curator_e,confirmed,"OpenAlex (works/doi, fallback; Crossref 429)",10.1016/0013-4694(68)90085-0,4174782,,agree,curator_e,2026-10-05
concrete,SSR-FFR-002,,A,curator_e,tbd_resolved,"OpenAlex (works/doi; DOI candidate from curator memory, record title matched)",10.1016/j.clinph.2004.04.003,15294204,"citation,doi,year","query: Russo et al. 2004 -> record matched (/da/ syllable cABR procedure). First author appears as ""Russo N"" in the journal byline; OpenAlex canonical name used. Greenberg 1980 (hint) is a thesis without a record; D-073: candidate from memory, record confirmed by API",curator_e,2026-10-05
concrete,SSR-FPAS-001,,A,curator_e,not_found,"Crossref/OpenAlex search (429, unavailable)",,,,"conference abstract (B-Audio 2019, Louvain-la-Neuve); not indexed by Crossref; search endpoints 429. A later journal version by the same authors may exist - maintainer to decide (D-062 item 3: do not replace with a non-original record)",curator_e,2026-10-05
concrete,SSR-FPVS-001,,A,curator_e,tbd_resolved,"OpenAlex (works/doi; DOI candidate from curator memory, record title matched)",10.1016/j.neuropsychologia.2013.10.022,24200921,"citation,doi,year","query: Liu-Shuang, Norcia & Rossion -> record matched (fast periodic oddball design). Year written 2014 = print volume 52; OpenAlex lists online 2013. Heinrich, Mell & Bach 2009 (Int J Psychophysiol) may be an earlier frequency-domain oddball - not fetched; D-073: candidate from memory, record confirmed by API",curator_e,2026-10-05
concrete,SSR-IM-001,,A,curator_e,confirmed,Crossref (works/DOI),10.1111/ejn.12663,,,agree; record adds 40(6):2987-2997,curator_e,2026-10-05
concrete,SSR-NSSEP-001,,A,curator_e,confirmed,"OpenAlex (works/doi, fallback; Crossref 429)",10.1523/JNEUROSCI.3977-10.2011,21508233,,agree; record adds 31(16):6079-6087,curator_e,2026-10-05
concrete,SSR-RVS-001,,A,curator_e,tbd_resolved,"OpenAlex (works/doi; DOI candidate from curator memory, record title matched)",10.1162/jocn_a_00288,22905825,"citation,doi,year","query: Mathewson et al. 2012 -> record matched; D-073: candidate from memory, record confirmed by API",curator_e,2026-10-05
concrete,SSR-SSMVEP-001,,A,curator_e,corrected,"OpenAlex (works/doi; DOI candidate from curator memory, record title matched)",10.1371/journal.pone.0039707,22724028,"citation,doi","title-only YAML; record title matched; authors, 7(6):e39707 and DOI written; D-073: candidate from memory, record confirmed by API",curator_e,2026-10-05
concrete,SSR-SSSEP-001,,A,curator_e,tbd_resolved,"OpenAlex (works/doi; DOI candidate from curator memory, record title matched)",10.1016/0168-5597(92)90007-X,1375885,"citation,doi,year","query: Snyder 1992 -> record matched (technique paper for vibrotactile SSSEP); D-073: candidate from memory, record confirmed by API",curator_e,2026-10-05
concrete,SSR-SSSEP-002,,A,curator_e,corrected,"OpenAlex (works/doi, fallback; Crossref 429)",10.3389/fnhum.2015.00716,26834611,"citation,year","YAML had title+journal only; authors, year 2016 (vol 9, article 716) added. NB: this source is a review, not an original study (D-031/D-062) - for the maintainer",curator_e,2026-10-05
concrete,SSR-SSVEP-001,,A,curator_e,confirmed,"OpenAlex (works/doi, fallback; Crossref 429)",10.1016/0013-4694(66)90088-5,4160391,,agree,curator_e,2026-10-05
concrete,SSR-SSVEP-002,,A,curator_e,confirmed,"OpenAlex (works/doi, fallback; Crossref 429)",10.1109/86.847819,10896190,,"agree (initials abbreviated in YAML: McMillan GR, Calhoun GL in record)",curator_e,2026-10-05
concrete,SSR-SSVEP-003,,A,curator_e,not_found,"Crossref/OpenAlex search (429, unavailable)",,,,"title-only guideline record (""guidelines for visual sensitive eeg testing"", Can J Neurol Sci); no DOI, no authors/year; search endpoints 429. D-062 already rules that this guideline does not replace Regan 1966 at class level",curator_e,2026-10-05
concrete,SSR-SSVEP-004,,A,curator_e,confirmed,"OpenAlex (works/doi, fallback; Crossref 429)",10.1073/pnas.93.10.4770,8643478,,agree; record pages 4770-4774 (YAML 4770 = first page),curator_e,2026-10-05
variant,SSR-SSVEP-004,High-frequency / imperceptible-flicker SSVEP,A,curator_e,corrected,"OpenAlex (works/doi; DOI candidate from curator memory, record title matched)",10.1162/imag_a_00223,40800282,"citation,doi","""Ladouce et al."" expanded to the record author list (Ladouce S, Dehais F); volume 2 and DOI added; D-073: candidate from memory, record confirmed by API",curator_e,2026-10-05
concrete,SSR-SSVEP-005,,A,curator_e,corrected,"OpenAlex (works/doi; DOI candidate from curator memory, record title matched)",10.1073/pnas.1508080112,26483479,"citation,doi","title-only YAML; record title matched exactly; authors, 112(44):E6058-E6067 and DOI written; D-073: candidate from memory, record confirmed by API",curator_e,2026-10-05
variant,SSR-SSVEP-005,12-target JFPM layout (Nakanishi et al. 2015),A,curator_e,confirmed,"OpenAlex (works/doi, fallback; Crossref 429)",10.1371/journal.pone.0140703,26479067,,agree,curator_e,2026-10-05
concrete,SSR-SSVEP-007,,A,curator_e,corrected,"OpenAlex (works/doi, fallback; Crossref 429)",10.1016/j.neucom.2016.01.007,,citation,"three missing authors (Djouani, Monacelli, Hamam) added; 191:55-68 added",curator_e,2026-10-05
concrete,SSR-SSVEP-008,,A,curator_e,tbd_resolved,"OpenAlex (works/doi; DOI candidate from curator memory, record title matched)",10.1155/2009/864564,19421416,"citation,doi,year","query: Parini et al. 2009 -> record matched (self-paced SSVEP with idle-state rejection; earlier than the Zhang & Deng 2013 lead). Whether an earlier asynchronous SSVEP BCI exists (e.g. Lalor et al. 2005 game control) is for content verification; D-073: candidate from memory, record confirmed by API",curator_e,2026-10-05
concrete,SSR-SWEEP-001,,A,curator_e,tbd_open,none (search endpoints 429),,,,"queries planned: Regan 1973 ""Rapid objective refraction using evoked brain potentials"" Invest Ophthalmol 12(9):669-679; Tyler, Apkarian, Levi & Nakayama 1979 ""Rapid assessment of visual function: an electronic sweep technique for the pattern visual evoked potential"" Invest Ophthalmol Vis Sci 18(7):703-713. Neither has a DOI known to the checker and Crossref/OpenAlex search endpoints returned 429 for the whole session, so no record was fetched; both remain unverified candidates",curator_e,2026-10-05
class,PER-AAD,,A,curator_e,corrected,Crossref (works/DOI),10.1093/cercor/bht355,,"citation,year","class first_source identical to PER-AAD-001 (record reused, no extra fetch); YAML had title+journal only; authors, year (issue 2015; online 2014), volume/issue/pages added from Crossref",curator_e,2026-10-05
class,PER-AB,,A,curator_e,confirmed,"OpenAlex (works/doi, fallback; Crossref 429)",10.1037/0096-1523.18.3.849,,,"class first_source identical to PER-AB-001 (record reused, no extra fetch); title/first author/year/venue agree; APA-style citation kept",curator_e,2026-10-05
class,PER-ABR,,A,curator_e,tbd_resolved,"OpenAlex (works/doi; DOI candidate from curator memory, record title matched)",10.1093/brain/94.4.681,5132966,"citation,doi,year","class first_source identical to PER-ABR-001 (record reused, no extra fetch); queries: Sohmer & Feinmesser 1967 (10.1177/000348946707600211) -> 429 not retried; Jewett & Williston 1971 -> record matched. Sohmer & Feinmesser 1967 (Ann Otol Rhinol Laryngol 76:427-435) is the earlier surface-electrode report named in R0856 and should be checked for priority; D-073: candidate from memory, record confirmed by API",curator_e,2026-10-05
class,PER-ACC,,A,curator_e,tbd_resolved,"OpenAlex (works/doi; DOI candidate from curator memory, record title matched)",10.1097/00003446-199808000-00004,9728724,"citation,doi,year","class first_source identical to PER-ACC-001 (record reused, no extra fetch); query: Ostroff, Martin & Boothroyd 1998 -> record matched (paper that named the acoustic change complex); D-073: candidate from memory, record confirmed by API",curator_e,2026-10-05
class,PER-ADDS,,A,curator_e,tbd_resolved,"OpenAlex (works/doi; DOI candidate from curator memory, record title matched)",10.3758/BF03211656,1620571,"citation,doi,year","class first_source identical to PER-ADDS-001 (record reused, no extra fetch); query: Theeuwes 1992 -> record matched (origin of the additional-singleton task). First neural recording of the Pd (Hickey, Di Lollo & McDonald 2009, J Cogn Neurosci) not fetched (budget); for notes per D-031 item 3; D-073: candidate from memory, record confirmed by API",curator_e,2026-10-05
class,PER-AEP,,A,curator_e,tbd_resolved,"OpenAlex (works/doi; DOI candidate from curator memory, record title matched)",10.1152/jn.1939.2.6.494,,"citation,doi,year","class first_source identical to PER-AEP-001 (record reused, no extra fetch); query: Davis PA 1939 (the ""1939 vertex-potential report"" hinted in the file notes) -> record matched; D-073: candidate from memory, record confirmed by API",curator_e,2026-10-05
class,PER-AMASK,,A,curator_e,tbd_resolved,"OpenAlex (works/doi; DOI candidate from curator memory, record title matched)",10.1103/PhysRev.23.266,,"citation,doi,year","class first_source identical to PER-AMASK-001 (record reused, no extra fetch); query: Wegel & Lane 1924 -> record matched (origin of the tone-on-tone masking procedure; psychophysical, D-031 item 1). First ERP masking study not identified; D-073: candidate from memory, record confirmed by API",curator_e,2026-10-05
class,PER-BODY,,A,curator_e,corrected,Crossref (works/DOI),10.1126/science.1063414,,"citation,year","class first_source identical to PER-BODY-001 (record reused, no extra fetch); YAML had title only; authors, journal, year 2001, 293(5539):2470-2473 added from Crossref",curator_e,2026-10-05
class,PER-BOI,,A,curator_e,confirmed,"OpenAlex (works/doi, fallback; Crossref 429)",10.1038/35784,9486643,,"class first_source identical to PER-BOI-001 (record reused, no extra fetch); agree; record pmid 9486643 matches YAML",curator_e,2026-10-05
class,PER-BR,,A,curator_e,tbd_resolved,"OpenAlex (works/doi; DOI candidate from curator memory, record title matched)",10.1098/rstl.1838.0019,,"citation,doi,year","class first_source identical to PER-BR-001 (record reused, no extra fetch); query: Wheatstone 1838 (hint in file notes) -> record matched (stereoscope paper describing dichoptic rivalry). Behavioural origin per D-031; first neural recording candidates (Lansing 1964 EEG; Tong et al. 1998 fMRI) for notes. D-062: class origin = earliest configuration; PER-BR-001 (Wheatstone 1838) precedes PER-BR-002 (Lansing 1964); D-073: candidate from memory, record confirmed by API",curator_e,2026-10-05
class,PER-CAT,,A,curator_e,not_found,"Crossref/OpenAlex search (429, unavailable)",,,,"class first_source identical to PER-CAT-001 (record reused, no extra fetch); book chapter (Ungerleider & Mishkin 1982, in Analysis of Visual Behavior, MIT Press); no DOI; Crossref/OpenAlex bibliographic search endpoints returned 429 throughout the session, so no record could be retrieved. D-031 weak_origin flag already noted by pkg A",curator_e,2026-10-05
class,PER-CB,,A,curator_e,tbd_resolved,"OpenAlex (works/doi; DOI candidate from curator memory, record title matched)",10.1111/j.1467-9280.1997.tb00427.x,,"citation,doi,year","class first_source identical to PER-CB-001 (record reused, no extra fetch); query: Rensink, O'Regan & Clark 1997 -> record matched (flicker change-detection paradigm origin); D-073: candidate from memory, record confirmed by API",curator_e,2026-10-05
class,PER-CTXC,,A,curator_e,confirmed,Crossref (works/DOI),10.1006/cogp.1998.0681,,,"class first_source identical to PER-CTXC-001 (record reused, no extra fetch); agree",curator_e,2026-10-05
class,PER-CUE,,A,curator_e,confirmed,Crossref (works/DOI),10.1080/00335558008248231,,,"class first_source identical to PER-CUE-001 (record reused, no extra fetch); agree",curator_e,2026-10-05
class,PER-CVA,,A,curator_e,confirmed,Crossref (works/DOI),10.1523/JNEUROSCI.0875-06.2006,,,"class first_source identical to PER-CVA-001 (record reused, no extra fetch); agree",curator_e,2026-10-05
class,PER-FACE,,A,curator_e,corrected,"OpenAlex (works/doi; DOI candidate from curator memory, record title matched)",10.1162/jocn.1996.8.6.551,20740065,"citation,doi,year","class first_source identical to PER-FACE-001 (record reused, no extra fetch); title-only YAML; search endpoints were throttled (429), so the DOI known to the checker was fetched and the record title matched exactly; full citation + DOI written; D-073: candidate from memory, record confirmed by API",curator_e,2026-10-05
class,PER-FVEP,,A,curator_e,tbd_resolved,"Crossref (works/DOI; DOI candidate from curator memory, record title matched)",10.1016/0013-4694(61)90132-8,,"citation,doi,year","class first_source identical to PER-FVEP-001 (record reused, no extra fetch); query: Ciganek 1961 -> Crossref record matched (classic description of the averaged flash VEP waveform). Earlier flicker reports (Adrian & Matthews 1934) belong to steady-state stimulation; D-073: candidate from memory, record confirmed by API",curator_e,2026-10-05
class,PER-GATE,,A,curator_e,tbd_resolved,"OpenAlex (works/pmid, fallback; PubMed reCAPTCHA)",,7104417,"citation,doi,year","class first_source identical to PER-GATE-001 (record reused, no extra fetch); query: PMID 7104417 (the ""commonly cited 1982 schizophrenia gating paper"" of SA39) -> record matched; no DOI exists for this record",curator_e,2026-10-05
class,PER-GEP,,A,curator_e,tbd_resolved,"OpenAlex (works/doi; DOI candidate from curator memory, record title matched)",10.1016/0168-5597(85)90055-3,2415341,"citation,doi,year","class first_source identical to PER-GEP-001 (record reused, no extra fetch); query: Kobal 1985 -> record matched; D-073: candidate from memory, record confirmed by API",curator_e,2026-10-05
class,PER-HBD,,A,curator_e,confirmed,Crossref (works/DOI),10.1007/bf00998623,,,"class first_source identical to PER-HBD-001 (record reused, no extra fetch); agree",curator_e,2026-10-05
class,PER-IB,,A,curator_e,tbd_resolved,"OpenAlex (works/doi; DOI candidate from curator memory, record title matched)",10.7551/mitpress/3707.001.0001,,"citation,doi,year","class first_source identical to PER-IB-001 (record reused, no extra fetch); query: Mack & Rock 1998 -> record matched (monograph reporting the original cross-task experiments; book, not a review). The ERP version in the description (aware vs unaware, VAN) is Pitts et al. 2012 J Cogn Neurosci - first neural recording candidate for notes (D-031 item 3); D-073: candidate from memory, record confirmed by API",curator_e,2026-10-05
class,PER-IC,,A,curator_e,tbd_resolved,"OpenAlex (works/doi; DOI candidate from curator memory, record title matched)",10.1038/scientificamerican0476-48,1257734,"citation,doi,year","class first_source identical to PER-IC-001 (record reused, no extra fetch); query: Kanizsa 1976 -> record matched. The original description (Kanizsa 1955, Rivista di Psicologia 49:7-30) has no DOI/record; 1976 is the earliest bibliographically identifiable one - maintainer may prefer to cite 1955 in notes; D-073: candidate from memory, record confirmed by API",curator_e,2026-10-05
class,PER-LEP,,A,curator_e,corrected,"OpenAlex (works/pmid, fallback; PubMed reCAPTCHA)",,1763252,citation,"class first_source identical to PER-LEP-001 (record reused, no extra fetch); second author Treede RD was missing; 147(10):625-643 added; no DOI exists for this record",curator_e,2026-10-05
class,PER-LG,,A,curator_e,corrected,"OpenAlex (works/doi; DOI candidate from curator memory, record title matched)",10.1073/pnas.0809667106,19164526,"citation,doi,year","class first_source identical to PER-LG-001 (record reused, no extra fetch); title-only YAML; record title matched exactly; full citation + DOI written; D-073: candidate from memory, record confirmed by API",curator_e,2026-10-05
class,PER-MASK,,A,curator_e,confirmed,Crossref (works/DOI),10.1371/journal.pbio.0050260,,,"class first_source identical to PER-MASK-001 (record reused, no extra fetch); agree",curator_e,2026-10-05
class,PER-MLR,,A,curator_e,tbd_resolved,"OpenAlex (works/doi; DOI candidate from curator memory, record title matched)",10.1126/science.128.3333.1210,13592309,"citation,doi,year","class first_source identical to PER-MLR-001 (record reused, no extra fetch); query: Geisler, Frishkopf & Rosenblith 1958 -> record matched (first averaged scalp middle-latency click responses); D-073: candidate from memory, record confirmed by API",curator_e,2026-10-05
class,PER-MMN,,A,curator_e,confirmed,Crossref (works/DOI),10.1016/0001-6918(78)90006-9,,,"class first_source identical to PER-MMN-001 (record reused, no extra fetch); agree (diacritics Näätänen/Mäntysalo omitted in YAML; not treated as an error)",curator_e,2026-10-05
class,PER-MOT,,A,curator_e,confirmed,Crossref (works/DOI),10.1163/156856888x00122,,,"class first_source identical to PER-MOT-001 (record reused, no extra fetch); agree",curator_e,2026-10-05
class,PER-MSI,,A,curator_e,confirmed,Crossref (works/DOI),10.1038/264746a0,,,"class first_source identical to PER-MSI-001 (record reused, no extra fetch); agree",curator_e,2026-10-05
class,PER-MVEP,,A,curator_e,tbd_resolved,"OpenAlex (works/doi; DOI candidate from curator memory, record title matched)",10.1007/BF00161234,1505342,"citation,doi,year","class first_source identical to PER-MVEP-001 (record reused, no extra fetch); query: Kuba & Kubova 1992 -> record matched. Earlier motion-reversal VEP reports (Clarke 1972, Brain Res) not fetched; D-073: candidate from memory, record confirmed by API",curator_e,2026-10-05
class,PER-NAT,,A,curator_e,corrected,"OpenAlex (works/pmid, fallback; PubMed reCAPTCHA)",10.1126/science.1089506,15016991,"citation,doi","class first_source identical to PER-NAT-001 (record reused, no extra fetch); YAML had title+journal+year; authors, 303(5664):1634-1640 and DOI added (via PMID 15016991)",curator_e,2026-10-05
class,PER-NAVON,,A,curator_e,confirmed,Crossref (works/DOI),10.1016/0010-0285(77)90012-3,,,"class first_source identical to PER-NAVON-001 (record reused, no extra fetch); agree",curator_e,2026-10-05
class,PER-ODD,,A,curator_e,confirmed,Crossref (works/DOI),10.1126/science.150.3700.1187,,,"class first_source identical to PER-ODD-001 (record reused, no extra fetch); agree",curator_e,2026-10-05
class,PER-OLF,,A,curator_e,tbd_resolved,"OpenAlex (works/doi; DOI candidate from curator memory, record title matched)",10.1016/0168-5597(88)90023-8,2454788,"citation,doi,year","class first_source identical to PER-OLF-001 (record reused, no extra fetch); query: Kobal & Hummel 1988 -> record matched (olfactometer OERP procedure in English; Kobal & Plattig 1978, Z EEG-EMG, is earlier but has no record); D-073: candidate from memory, record confirmed by API",curator_e,2026-10-05
class,PER-OMIT,,A,curator_e,tbd_resolved,"OpenAlex (works/doi; DOI candidate from curator memory, record title matched)",10.1126/science.155.3768.1436,6018511,"citation,doi,year","class first_source identical to PER-OMIT-001 (record reused, no extra fetch); query: Sutton, Tueting, Zubin & John 1967 -> record matched (potentials to omitted/absent stimuli); D-073: candidate from memory, record confirmed by API",curator_e,2026-10-05
class,PER-ORN,,A,curator_e,corrected,"OpenAlex (works/doi; DOI candidate from curator memory, record title matched)",10.1121/1.1434942,11863201,"citation,doi,year","class first_source identical to PER-ORN-001 (record reused, no extra fetch); title-only YAML; first DOI tried (Alain, Arnott, Picton 2001) was a different paper; second record title matched exactly; full citation + DOI written; D-073: candidate from memory, record confirmed by API",curator_e,2026-10-05
class,PER-PRVEP,,A,curator_e,tbd_resolved,"OpenAlex (works/doi; DOI candidate from curator memory, record title matched)",10.1016/S0140-6736(72)91155-5,4112367,"citation,doi,year","class first_source identical to PER-PRVEP-001 (record reused, no extra fetch); query: Halliday, McDonald & Mushin 1972 -> record matched (clinical pattern-reversal VEP origin); D-073: candidate from memory, record confirmed by API",curator_e,2026-10-05
class,PER-RET,,A,curator_e,confirmed,Crossref (works/DOI),10.1073/pnas.93.6.2382,,,"class first_source identical to PER-RET-001 (record reused, no extra fetch); agree",curator_e,2026-10-05
class,PER-RREP,,A,curator_e,tbd_resolved,"OpenAlex (works/doi; DOI candidate from curator memory, record title matched)",10.1152/jappl.1986.60.6.1843,3722053,"citation,doi,year","class first_source identical to PER-RREP-001 (record reused, no extra fetch); query: Davenport et al. 1986 -> record matched; D-073: candidate from memory, record confirmed by API",curator_e,2026-10-05
class,PER-SPN,,A,curator_e,tbd_resolved,"OpenAlex (works/doi; DOI candidate from curator memory, record title matched)",10.1111/j.1469-8986.1987.tb00353.x,3438435,"citation,doi,year","class first_source identical to PER-SPN-001 (record reused, no extra fetch); query: Damen & Brunia 1987 -> record matched (time-estimation SPN paradigm); D-073: candidate from memory, record confirmed by API",curator_e,2026-10-05
class,PER-STREAM,,A,curator_e,corrected,"OpenAlex (works/doi; DOI candidate from curator memory, record title matched)",10.1017/S0048577299971056,10098377,"citation,doi,year","class first_source identical to PER-STREAM-001 (record reused, no extra fetch); title-only YAML; record title matched exactly; full citation + DOI written; D-073: candidate from memory, record confirmed by API",curator_e,2026-10-05
class,PER-TACT,,A,curator_e,tbd_resolved,"Crossref (works/DOI; DOI candidate from curator memory, record title matched)",10.1113/jphysiol.1977.sp012025,,"citation,doi,year","class first_source identical to PER-TACT-001 (record reused, no extra fetch); queries: OpenAlex -> 429; Crossref -> record matched (attended vs unattended finger SEPs, N140 enhancement); D-073: candidate from memory, record confirmed by API",curator_e,2026-10-05
class,PER-TON,,A,curator_e,corrected,"OpenAlex (works/doi, fallback; Crossref 429)",10.1152/jn.01125.2002,14614108,citation,"class first_source identical to PER-TON-001 (record reused, no extra fetch); ""et al."" expanded to full author list; 91(3):1282-1296 added (OpenAlex; Crossref 429)",curator_e,2026-10-05
class,PER-VMMN,,A,curator_e,tbd_resolved,"OpenAlex (works/doi; DOI candidate from curator memory, record title matched)",10.1097/00001756-199911080-00020,10599846,"citation,doi,year","class first_source identical to PER-VMMN-001 (record reused, no extra fetch); query: Tales et al. 1999 -> record matched. Czigler & Csibra 1990 (Psychophysiology 27:669-681) is sometimes cited as earlier; not fetched (budget); D-073: candidate from memory, record confirmed by API",curator_e,2026-10-05
class,PER-VOICE,,A,curator_e,tbd_resolved,"OpenAlex (works/doi; DOI candidate from curator memory, record title matched)",10.1038/35002078,10659849,"citation,doi,year","class first_source identical to PER-VOICE-001 (record reused, no extra fetch); query: Belin et al. 2000 -> record matched (voice localizer origin); D-073: candidate from memory, record confirmed by API",curator_e,2026-10-05
class,PER-VS,,A,curator_e,confirmed,Crossref (works/DOI),10.1016/0010-0285(80)90005-5,,,"class first_source identical to PER-VS-001 (record reused, no extra fetch); agree",curator_e,2026-10-05
class,SSR-ASSR,,A,curator_e,corrected,"OpenAlex (works/doi; DOI candidate from curator memory, record title matched)",10.1073/pnas.78.4.2643,6941317,"citation,doi,year","class first_source identical to SSR-ASSR-001 (record reused, no extra fetch); YAML had title + ""(Alzforum paper record)""; record title matched exactly; full citation + DOI written; D-073: candidate from memory, record confirmed by API",curator_e,2026-10-05
class,SSR-BEAT,,A,curator_e,confirmed,Crossref (works/DOI),10.1523/JNEUROSCI.0411-11.2011,,,"class first_source identical to SSR-BEAT-001 (record reused, no extra fetch); agree; record adds 31(28):10234-10240",curator_e,2026-10-05
class,SSR-CVEP,,A,curator_e,tbd_resolved,"OpenAlex (works/doi; DOI candidate from curator memory, record title matched)",10.1016/0745-7138(92)90045-7,,"citation,doi,year","class first_source identical to SSR-CVEP-001 (record reused, no extra fetch); query: Sutter 1992 -> record matched (first full description of the m-sequence/code-VEP speller; Sutter 1984 proceedings has no record); D-073: candidate from memory, record confirmed by API",curator_e,2026-10-05
class,SSR-FFR,,A,curator_e,confirmed,"OpenAlex (works/doi, fallback; Crossref 429)",10.1016/0013-4694(68)90085-0,4174782,,"class first_source identical to SSR-FFR-001 (record reused, no extra fetch); agree",curator_e,2026-10-05
class,SSR-FPAS,,A,curator_e,not_found,"Crossref/OpenAlex search (429, unavailable)",,,,"class first_source identical to SSR-FPAS-001 (record reused, no extra fetch); conference abstract (B-Audio 2019, Louvain-la-Neuve); not indexed by Crossref; search endpoints 429. A later journal version by the same authors may exist - maintainer to decide (D-062 item 3: do not replace with a non-original record)",curator_e,2026-10-05
class,SSR-FPVS,,A,curator_e,tbd_resolved,"OpenAlex (works/doi; DOI candidate from curator memory, record title matched)",10.1016/j.neuropsychologia.2013.10.022,24200921,"citation,doi,year","class first_source identical to SSR-FPVS-001 (record reused, no extra fetch); query: Liu-Shuang, Norcia & Rossion -> record matched (fast periodic oddball design). Year written 2014 = print volume 52; OpenAlex lists online 2013. Heinrich, Mell & Bach 2009 (Int J Psychophysiol) may be an earlier frequency-domain oddball - not fetched; D-073: candidate from memory, record confirmed by API",curator_e,2026-10-05
class,SSR-IM,,A,curator_e,confirmed,Crossref (works/DOI),10.1111/ejn.12663,,,"class first_source identical to SSR-IM-001 (record reused, no extra fetch); agree; record adds 40(6):2987-2997",curator_e,2026-10-05
class,SSR-NSSEP,,A,curator_e,confirmed,"OpenAlex (works/doi, fallback; Crossref 429)",10.1523/JNEUROSCI.3977-10.2011,21508233,,"class first_source identical to SSR-NSSEP-001 (record reused, no extra fetch); agree; record adds 31(16):6079-6087",curator_e,2026-10-05
class,SSR-RVS,,A,curator_e,tbd_resolved,"OpenAlex (works/doi; DOI candidate from curator memory, record title matched)",10.1162/jocn_a_00288,22905825,"citation,doi,year","class first_source identical to SSR-RVS-001 (record reused, no extra fetch); query: Mathewson et al. 2012 -> record matched; D-073: candidate from memory, record confirmed by API",curator_e,2026-10-05
class,SSR-SSMVEP,,A,curator_e,corrected,"OpenAlex (works/doi; DOI candidate from curator memory, record title matched)",10.1371/journal.pone.0039707,22724028,"citation,doi","class first_source identical to SSR-SSMVEP-001 (record reused, no extra fetch); title-only YAML; record title matched; authors, 7(6):e39707 and DOI written; D-073: candidate from memory, record confirmed by API",curator_e,2026-10-05
class,SSR-SSSEP,,A,curator_e,tbd_resolved,"OpenAlex (works/doi; DOI candidate from curator memory, record title matched)",10.1016/0168-5597(92)90007-X,1375885,"citation,doi,year","class first_source identical to SSR-SSSEP-001 (record reused, no extra fetch); query: Snyder 1992 -> record matched (technique paper for vibrotactile SSSEP); D-073: candidate from memory, record confirmed by API",curator_e,2026-10-05
class,SSR-SSVEP,,A,curator_e,confirmed,"OpenAlex (works/doi, fallback; Crossref 429)",10.1016/0013-4694(66)90088-5,4160391,,"class first_source identical to SSR-SSVEP-001 (record reused, no extra fetch); agree. D-062 ruling kept: Regan 1966 stays class origin (SSR-SSVEP-003 guideline not an original study)",curator_e,2026-10-05
class,SSR-SWEEP,,A,curator_e,tbd_open,none (search endpoints 429),,,,"class first_source identical to SSR-SWEEP-001 (record reused, no extra fetch); queries planned: Regan 1973 ""Rapid objective refraction using evoked brain potentials"" Invest Ophthalmol 12(9):669-679; Tyler, Apkarian, Levi & Nakayama 1979 ""Rapid assessment of visual function: an electronic sweep technique for the pattern visual evoked potential"" Invest Ophthalmol Vis Sci 18(7):703-713. Neither has a DOI known to the checker and Crossref/OpenAlex search endpoints returned 429 for the whole session, so no record was fetched; both remain unverified candidates",curator_e,2026-10-05
concrete,IMG-AUD-001,,B,curator_a,corrected,Crossref,10.1162/jocn.1996.8.1.29,,doi,"Crossref bibliographic search top hit matches title, first author, year and venue; DOI added",curator_a,2026-10-05
concrete,IMG-AUD-002,,B,curator_a,corrected,Crossref,10.1093/cercor/9.7.697,,doi,Crossref top hit matches; DOI added. The Crossref record lists only Halpern AR as author; the second author (Zatorre RJ) is kept from the existing citation,curator_a,2026-10-05
concrete,IMG-CMD-001,,B,curator_a,corrected,OpenAlex,10.1126/science.1130197,,authors;venue;year;volume;issue;pages;doi,title-only record completed from the OpenAlex PMID record; DOI added,curator_a,2026-10-05
concrete,IMG-CMD-002,,B,curator_a,corrected,OpenAlex,10.1016/s0140-6736(11)61224-5,,authors;venue;year;volume;issue;pages;doi,title-only record completed; DOI added,curator_a,2026-10-05
concrete,IMG-CMD-003,,B,curator_a,corrected,OpenAlex,10.1056/NEJMoa0905370,,doi;authors,"Crossref search top hit was the NEJM correspondence (362(20):1936-1938), not the article; the article DOI was verified against the OpenAlex record (title, authors, 362(7):579-589 match); DOI added, ""et al."" expanded",curator_a,2026-10-05
concrete,IMG-MA-001,,B,curator_a,not_found,Crossref/OpenAlex,,,,"title-only citation ""A new mode of EEG based communication"" (R0842, Monash URL) could not be resolved: Crossref search 429 (2 attempts), OpenAlex search 429. The memory lead Keirn & Aunon 1990 was looked up (doi 10.1109/10.64464, IEEE TBME 37(12):1209-1214, PMID 2149711) but its title is ""A new mode of communication between man and his surroundings"", i.e. a different title from R0842 -> not written; maintainer to decide (D-063: R0842 is only a class-origin candidate)",curator_a,2026-10-05
concrete,IMG-MA-002,,B,curator_a,corrected,Crossref,10.1371/journal.pone.0123727,,title;authors;volume;issue;pages,"title was missing (""title not displayed""); full author list and volume/issue/article number from Crossref",curator_a,2026-10-05
concrete,IMG-OLF-001,,B,curator_a,corrected,OpenAlex,10.1016/j.neuroimage.2004.09.035,,doi;authors;issue,"search endpoints 429; candidate DOI verified against the OpenAlex record (title, first author, vol/pages match). ""et al."" expanded; issue added. OpenAlex publication_year 2004 (online); print year 2005 kept",curator_a,2026-10-05
concrete,IMG-ROT-001,,B,curator_a,confirmed,Crossref,10.1126/science.171.3972.701,,,,curator_a,2026-10-05
concrete,IMG-SAO-001,,B,curator_a,confirmed,OpenAlex,10.1371/journal.pone.0064784,,,"Crossref 429; OpenAlex record agrees (title, authors, PLoS ONE 2013;8(6):e64784)",curator_a,2026-10-05
concrete,IMG-SAO-002,,B,curator_a,corrected,OpenAlex,10.1109/tnsre.2016.2572226,,authors;venue;year;volume;issue;pages;doi,"title-only record completed; DOI added. OpenAlex publication_year is 2016 (early access); 25(1) is the 2017 print issue, so year 2017 is used; Crossref 429, print date not re-checked",curator_a,2026-10-05
concrete,IMG-SPI-001,,B,curator_a,corrected,OpenAlex,10.1016/j.neunet.2009.05.008,,doi,search endpoints 429; candidate DOI verified against the OpenAlex record (exact match); DOI added,curator_a,2026-10-05
concrete,IMG-SPI-002,,B,curator_a,corrected,OpenAlex,10.1038/s41597-022-01147-2,,doi;author spelling,candidate DOI verified against the OpenAlex record; Kamienkoski J -> Kamienkowski JE; Spies R -> Spies RD,curator_a,2026-10-05
concrete,IMG-SPI-003,,B,curator_a,corrected,OpenAlex,10.1109/ICASSP.2015.7178118,,title;venue;pages;doi,"title was missing (secondary citation via Varshney & Khan 2022); candidate DOI verified against the OpenAlex record (authors, year match; title is the ICASSP 2015 paper describing the 12-subject imagined-speech dataset per the secondary source). Content (phoneme/word set) still to be checked in the original",curator_a,2026-10-05
concrete,IMG-TACT-001,,B,curator_a,confirmed,Crossref,10.1523/ENEURO.0455-22.2023,,,,curator_a,2026-10-05
concrete,IMG-VIS-001,,B,curator_a,corrected,Crossref,10.1126/science.284.5411.167,,authors,"mixed author format and ""et al.""; full 9-author list from Crossref",curator_a,2026-10-05
concrete,IMG-VIS-002,,B,curator_a,corrected,OpenAlex,10.1162/08989290051137549,,title;volume;issue;pages;doi,"title was missing; candidate DOI verified against the OpenAlex record (authors, venue, year match)",curator_a,2026-10-05
concrete,MOT-ATT-001,,B,curator_a,corrected,OpenAlex,10.1016/j.brainres.2006.12.052,,authors;venue;year;volume;issue;pages;doi,"title-only record completed; DOI added. OpenAlex publication_year 2006 (online); vol. 1137 is the 2007 print volume, year 2007 used",curator_a,2026-10-05
concrete,MOT-ATT-002,,B,curator_a,corrected,OpenAlex,10.1371/journal.pone.0049933,,authors;venue;year;volume;issue;pages;doi,title-only record completed; DOI added,curator_a,2026-10-05
concrete,MOT-ATT-003,,B,curator_a,corrected,Crossref,10.1038/s41598-019-43594-9,,authors,"""Ofner P, et al."" expanded to the full author list",curator_a,2026-10-05
concrete,MOT-BIMAN-001,,B,curator_a,corrected,Crossref,10.1152/ajpregu.1984.246.6.r1000,,issue,issue number added,curator_a,2026-10-05
concrete,MOT-CURSOR-001,,B,curator_a,corrected,Crossref,10.1016/0013-4694(91)90040-B,,author initials;issue,Wolpaw J -> Wolpaw JR; issue added,curator_a,2026-10-05
concrete,MOT-CURSOR-002,,B,curator_a,corrected,Crossref,10.1073/pnas.0403504101,,issue,issue added,curator_a,2026-10-05
concrete,MOT-CURSOR-003,,B,curator_a,corrected,OpenAlex,10.7554/elife.18554,,authors;venue;year;volume;pages;doi,title-only record completed; DOI added; article number from the DOI suffix,curator_a,2026-10-05
concrete,MOT-FORCE-001,,B,curator_a,corrected,OpenAlex,10.1113/jphysiol.1995.sp021104,,authors;venue;year;volume;issue;pages;doi,title-only record completed; DOI added,curator_a,2026-10-05
concrete,MOT-GRASP-001,,B,curator_a,corrected,OpenAlex,10.1016/j.neuroimage.2011.06.084,,authors;venue;year;volume;issue;pages;doi,"title-only record completed; DOI added. OpenAlex publication_year 2011 (online); 59(1) is the January 2012 print issue, year 2012 used",curator_a,2026-10-05
concrete,MOT-GRASP-002,,B,curator_a,corrected,OpenAlex,10.1007/s00429-014-0902-x,,authors;venue;year;volume;issue;pages;doi,"title-only record completed; DOI added. OpenAlex publication_year 2014 (online); 221(1) is the 2016 print issue, year 2016 used",curator_a,2026-10-05
concrete,MOT-GRASP-003,,B,curator_a,confirmed,OpenAlex,10.3389/fnins.2020.00849,,,Crossref 429; OpenAlex agrees,curator_a,2026-10-05
concrete,MOT-GRASP-004,,B,curator_a,corrected,OpenAlex,10.1038/sdata.2014.47,,authors;year;volume;pages;doi,authors and year were missing; DOI inferred in sprint 1 from the URL (sdata201447) now verified against the OpenAlex record (exact title match),curator_a,2026-10-05
concrete,MOT-HW-001,,B,curator_a,corrected,Crossref,10.1101/2020.07.01.183384,,title;authors;year,"title-only record; Crossref title reads ""via imagined handwriting""; authors and year added; posted-content (preprint). Peer-reviewed version (Nature 2021, R0947) not fetched",curator_a,2026-10-05
concrete,MOT-HW-002,,B,curator_a,confirmed,OpenAlex,10.1016/j.compbiomed.2024.109132,,,,curator_a,2026-10-05
concrete,MOT-IB-001,,B,curator_a,confirmed,Crossref,10.1038/nn827,,,,curator_a,2026-10-05
concrete,MOT-LIBET-001,,B,curator_a,confirmed,OpenAlex,10.1093/brain/106.3.623,,,YAML title carries the full subtitle; record title is the main title only; same paper,curator_a,2026-10-05
concrete,MOT-ME-001,,B,curator_a,corrected,OpenAlex,,,authors;year;pages,"authors, year and pages from the OpenAlex PMID record; the record carries no journal name and no DOI, so the venue is left out (to be completed from PubMed when reachable)",curator_a,2026-10-05
concrete,MOT-ME-002,,B,curator_a,corrected,OpenAlex,10.1109/iembs.2011.6091341,,authors;venue;year;volume;pages;doi,title-only record completed; DOI added (conference paper),curator_a,2026-10-05
concrete,MOT-ME-003,,B,curator_a,tbd_resolved,OpenAlex,10.1152/jn.00105.2010,,first_source,"query: earliest high-density EEG recorded during treadmill walking (Gwin/Gramann/Makeig/Ferris 2010) -> record found and verified. Companion paper Gwin et al. 2011 NeuroImage (gait-cycle coupling) not fetched. Whether an earlier EEG walking protocol exists (e.g. low-density EEG or fNIRS gait studies, Miyai et al. 2001) is a content question; D-073: candidate from memory, record confirmed by API",curator_a,2026-10-05
concrete,MOT-ME-004,,B,curator_a,corrected,Crossref,10.1016/s0926-6410(00)00022-7,,author spelling,Jancke -> Jäncke,curator_a,2026-10-05
concrete,MOT-ME-005,,B,curator_a,confirmed,OpenAlex,10.1371/journal.pone.0182578,,,,curator_a,2026-10-05
concrete,MOT-MI-001,,B,curator_a,confirmed,OpenAlex,10.1016/S0304-3940(97)00889-6,,,Crossref 429; OpenAlex agrees,curator_a,2026-10-05
concrete,MOT-MI-002,,B,curator_a,corrected,OpenAlex,10.1016/j.neuroimage.2005.12.003,,issue,issue added,curator_a,2026-10-05
concrete,MOT-MI-003,,B,curator_a,confirmed,OpenAlex,10.1371/journal.pone.0182578,,,,curator_a,2026-10-05
concrete,MOT-MI-004,,B,curator_a,corrected,OpenAlex,10.1016/j.clinph.2008.09.027,,authors;venue;year;volume;issue;pages;doi,"title-only record completed; DOI added. OpenAlex publication_year 2008 (online); 120(1) is the January 2009 print issue, year 2009 used",curator_a,2026-10-05
concrete,MOT-MI-005,,B,curator_a,tbd_resolved,OpenAlex,10.1097/00004691-199907000-00010,,first_source,"queries: (1) Neuper/Schlögl/Pfurtscheller 1999 feedback-regulated left/right MI -> record found (two-class L/R MI with continuous feedback bar, Graz); (2) Pfurtscheller, Flotzinger & Kalcher 1993 ""Brain-computer interface - a new communication device for handicapped persons"" (J Microcomput Appl) -> DOI not resolvable (404); Crossref/OpenAlex search endpoints 429. Earlier Graz BCI feedback studies (1993, Kalcher et al. 1996) remain unverified memory leads; whether 1999 is the earliest two-class continuous-feedback MI publication is a content question; D-073: candidate from memory, record confirmed by API",curator_a,2026-10-05
concrete,MOT-MI-006,,B,curator_a,tbd_resolved,OpenAlex,10.1109/TBME.2004.827088,,first_source,"query: Berlin BCI data-provider publication for BCI Competition III dataset IVa (BNCI2003_004: right hand vs foot, cue-based, 118 channels) -> Dornhege et al. 2004 record found and verified. This is the dataset publication, not necessarily the earliest right-hand-vs-feet MI protocol; D-031 origin check pending; D-073: candidate from memory, record confirmed by API",curator_a,2026-10-05
concrete,MOT-MI-007,,B,curator_a,confirmed,Crossref,10.1109/tnsre.2012.2189584,,,,curator_a,2026-10-05
concrete,MOT-MI-008,,B,curator_a,corrected,OpenAlex,10.1371/journal.pone.0162657,,pages,article number added,curator_a,2026-10-05
concrete,MOT-MI-009,,B,curator_a,tbd_resolved,OpenAlex,10.1016/j.neuroimage.2007.01.051,,first_source,"query: Berlin BCI publication referenced for BCI Competition IV dataset 1 -> Blankertz et al. 2007 record found and verified. Dataset-provider publication; earlier asynchronous MI BCIs (Millán & Mouriño 2003 IEEE TNSRE; Scherer et al. 2004 IEEE TBME; Mason & Birch 2000 attempted-movement switch) are unverified memory leads for the class-level origin; D-073: candidate from memory, record confirmed by API",curator_a,2026-10-05
concrete,MOT-MI-010,,B,curator_a,confirmed,Crossref,10.1109/TBME.2004.827072,,,,curator_a,2026-10-05
concrete,MOT-MI-011,,B,curator_a,confirmed,OpenAlex,10.1093/gigascience/giaa098,,,record has no page/article number; citation left as 9(10),curator_a,2026-10-05
concrete,MOT-MIRR-001,,B,curator_a,confirmed,Crossref,10.1037/0735-7044.107.6.899,,,,curator_a,2026-10-05
concrete,MOT-MRCP-001,,B,curator_a,corrected,OpenAlex,10.1007/bf00412364,,volume;issue;pages,volume/issue/pages added (284(1):1-17); journal name kept as the historical title (OpenAlex lists the current title Pflügers Archiv - European Journal of Physiology),curator_a,2026-10-05
concrete,MOT-MRCP-002,,B,curator_a,confirmed,Crossref,10.3390/brainsci9060127,,,,curator_a,2026-10-05
concrete,MOT-MRCP-003,,B,curator_a,confirmed,Crossref,10.3390/brainsci9060127,,,,curator_a,2026-10-05
concrete,MOT-MSL-001,,B,curator_a,corrected,OpenAlex,10.1073/pnas.95.3.861,,authors,"""et al."" expanded to the full 7-author list",curator_a,2026-10-05
concrete,MOT-MVF-001,,B,curator_a,confirmed,Crossref,10.3389/fneur.2019.01227,,,,curator_a,2026-10-05
concrete,MOT-OBS-001,,B,curator_a,corrected,OpenAlex,10.1152/jn.1995.73.6.2608,,authors;venue;year;volume;issue;pages;doi,title-only record completed; DOI added,curator_a,2026-10-05
concrete,MOT-PASS-001,,B,curator_a,confirmed,OpenAlex,10.1016/j.neuroimage.2014.11.026,,,OpenAlex publication_year 2014 (online first); YAML keeps print year 2015 for vol. 106; Crossref 429 so the print date was not re-checked,curator_a,2026-10-05
concrete,MOT-PERT-001,,B,curator_a,confirmed,OpenAlex,10.1016/j.neulet.2014.06.017,,,,curator_a,2026-10-05
concrete,MOT-PURS-001,,B,curator_a,corrected,OpenAlex,10.1152/jn.1999.82.1.463,,volume;issue;pages;doi,volume/issue/pages and DOI added,curator_a,2026-10-05
concrete,MOT-REACH-001,,B,curator_a,corrected,OpenAlex,10.1523/jneurosci.02-11-01527.1982,,authors;venue;year;volume;issue;pages;doi,title-only record completed; DOI added (animal study; see D-031),curator_a,2026-10-05
concrete,MOT-REACH-002,,B,curator_a,tbd_resolved,Crossref,10.1523/JNEUROSCI.5171-07.2008,,first_source,"query: Freiburg/Tübingen data-provider publication for BCI Competition IV dataset 3 (MEG, four wrist-movement directions) -> Waldert et al. 2008 record found (Crossref; OpenAlex 429). Dataset-provider publication; cue, manipulandum and direction labels still to be checked in the paper; D-073: candidate from memory, record confirmed by API",curator_a,2026-10-05
concrete,MOT-RT-001,,B,curator_a,confirmed,OpenAlex,10.1037/0096-1523.14.3.331,,,,curator_a,2026-10-05
concrete,MOT-SACC-001,,B,curator_a,not_found,Crossref,,,,"Crossref bibliographic search returned no record for Javal 1878 (hits: 2010 CUP reprint of Javal's book, unrelated 1878/1906 items). Placeholder with qa_flag weak_origin (D-031) left unchanged",curator_a,2026-10-05
concrete,MOT-SACC-002,,B,curator_a,corrected,OpenAlex,10.1523/JNEUROSCI.5330-05.2006,,doi,candidate DOI verified against the OpenAlex record (exact match); DOI added,curator_a,2026-10-05
concrete,MOT-SMS-001,,B,curator_a,not_found,Crossref,,,,Crossref bibliographic search returned no record for the FAU dissertation (Mayville 2000); dissertations are not indexed. Citation left unchanged,curator_a,2026-10-05
concrete,MOT-SRT-001,,B,curator_a,corrected,OpenAlex,10.1016/0010-0285(87)90002-8,,volume;issue;pages,volume/issue/pages added,curator_a,2026-10-05
concrete,MOT-TRACK-001,,B,curator_a,corrected,OpenAlex,10.1109/iembs.2009.5334606,,authors;venue;year;pages;doi,title-only record completed; DOI added (conference paper),curator_a,2026-10-05
concrete,MOT-TRACK-002,,B,curator_a,corrected,OpenAlex,10.1109/embc44109.2020.9175723,,authors;venue;year;pages;doi,title-only record completed; DOI added (conference paper),curator_a,2026-10-05
concrete,STM-ADBS-001,,B,curator_a,corrected,OpenAlex,10.3791/51403,,authors;venue;year;issue;pages;doi,"title-only record (lead N10 = PMC4217393) completed from the OpenAlex record (PMCID matches); this is a JoVE methods article; the original aDBS study (Little et al. 2013 Ann Neurol, memory lead) was not fetched - D-031 origin check pending",curator_a,2026-10-05
concrete,STM-CCEP-001,,B,curator_a,corrected,Crossref,10.1093/brain/awh246,,issue;pages,issue and pages added,curator_a,2026-10-05
concrete,STM-DBSEP-001,,B,curator_a,corrected,OpenAlex,10.1002/ana.25234,,volume;issue;pages;doi,candidate DOI verified against the OpenAlex record (exact match); volume/issue/pages and DOI added,curator_a,2026-10-05
concrete,STM-GVS-001,,B,curator_a,corrected,OpenAlex,10.1152/jn.2001.85.2.886,,volume;issue;pages;doi,volume/issue/pages and DOI added,curator_a,2026-10-05
concrete,STM-PAS-001,,B,curator_a,corrected,OpenAlex,10.1093/brain/123.3.572,,doi;issue,"candidate DOI verified against the OpenAlex record (title, first author, 123:572-584 match; record lists first author only, co-authors kept from the existing citation); DOI added",curator_a,2026-10-05
concrete,STM-PBM-001,,B,curator_a,corrected,Crossref,10.1117/1.NPh.6.2.025013,,authors;year,authors and year were missing; added from Crossref (OpenAlex agrees),curator_a,2026-10-05
concrete,STM-PHTMS-001,,B,curator_a,confirmed,OpenAlex,10.1016/j.brs.2017.11.016,,,OpenAlex publication_year 2017 (online 2017-11-24); YAML keeps print year 2018 for 11(2),curator_a,2026-10-05
concrete,STM-SEP-001,,B,curator_a,corrected,OpenAlex,10.1136/jnnp.10.3.134,,pages;doi,candidate DOI verified against the OpenAlex record (exact match); pages and DOI added,curator_a,2026-10-05
concrete,STM-TACS-001,,B,curator_a,corrected,OpenAlex,10.1371/journal.pone.0013766,,doi,candidate DOI verified against the OpenAlex record (exact match); DOI added,curator_a,2026-10-05
concrete,STM-TAVNS-001,,B,curator_a,confirmed,OpenAlex,10.3389/fnhum.2018.00202,,,Crossref 429; OpenAlex agrees,curator_a,2026-10-05
concrete,STM-TDCS-001,,B,curator_a,corrected,OpenAlex,10.1111/j.1469-7793.2000.t01-1-00633.x,,volume;issue;pages,volume/issue/pages added,curator_a,2026-10-05
concrete,STM-TEP-001,,B,curator_a,corrected,OpenAlex,10.1097/00001756-199711100-00024,,doi;issue;author initials,"candidate DOI verified against the OpenAlex record (exact match); DOI and issue added; initials per record (Ilmoniemi RJ, Aronen HJ)",curator_a,2026-10-05
concrete,STM-TI-001,,B,curator_a,corrected,OpenAlex,10.1038/s41593-023-01456-8,,authors;year;volume;issue;pages;doi,title+journal-only record (lead N11) completed from the OpenAlex record (exact title match); DOI added,curator_a,2026-10-05
concrete,STM-TMSFMRI-001,,B,curator_a,confirmed,OpenAlex,10.1097/00004424-199806000-00004,,,,curator_a,2026-10-05
concrete,STM-TUS-001,,B,curator_a,confirmed,OpenAlex,10.1038/nn.3620,,,,curator_a,2026-10-05
concrete,STM-VIB-001,,B,curator_a,corrected,OpenAlex,10.1111/j.1460-9568.2007.05587.x,,issue,issue added,curator_a,2026-10-05
class,MOT-ATT,,B,curator_a,corrected,OpenAlex,10.1016/j.brainres.2006.12.052,,authors;venue;year;volume;issue;pages;doi,"title-only record completed; DOI added. OpenAlex publication_year 2006 (online); vol. 1137 is the 2007 print volume, year 2007 used",curator_a,2026-10-05
class,MOT-BIMAN,,B,curator_a,corrected,Crossref,10.1152/ajpregu.1984.246.6.r1000,,issue,issue number added,curator_a,2026-10-05
class,MOT-CURSOR,,B,curator_a,corrected,Crossref,10.1016/0013-4694(91)90040-B,,author initials;issue,Wolpaw J -> Wolpaw JR; issue added,curator_a,2026-10-05
class,MOT-FORCE,,B,curator_a,corrected,OpenAlex,10.1113/jphysiol.1995.sp021104,,authors;venue;year;volume;issue;pages;doi,title-only record completed; DOI added,curator_a,2026-10-05
class,MOT-GRASP,,B,curator_a,corrected,OpenAlex,10.1016/j.neuroimage.2011.06.084,,authors;venue;year;volume;issue;pages;doi,"title-only record completed; DOI added. OpenAlex publication_year 2011 (online); 59(1) is the January 2012 print issue, year 2012 used",curator_a,2026-10-05
class,MOT-HW,,B,curator_a,corrected,Crossref,10.1101/2020.07.01.183384,,title;authors;year,"title-only record; Crossref title reads ""via imagined handwriting""; authors and year added; posted-content (preprint). Peer-reviewed version (Nature 2021, R0947) not fetched",curator_a,2026-10-05
class,MOT-IB,,B,curator_a,confirmed,Crossref,10.1038/nn827,,,,curator_a,2026-10-05
class,MOT-LIBET,,B,curator_a,confirmed,OpenAlex,10.1093/brain/106.3.623,,,YAML title carries the full subtitle; record title is the main title only; same paper,curator_a,2026-10-05
class,MOT-ME,,B,curator_a,corrected,OpenAlex,,,authors;year;pages,"authors, year and pages from the OpenAlex PMID record; the record carries no journal name and no DOI, so the venue is left out (to be completed from PubMed when reachable)",curator_a,2026-10-05
class,MOT-MI,,B,curator_a,confirmed,OpenAlex,10.1016/S0304-3940(97)00889-6,,,Crossref 429; OpenAlex agrees,curator_a,2026-10-05
class,MOT-MIRR,,B,curator_a,confirmed,Crossref,10.1037/0735-7044.107.6.899,,,,curator_a,2026-10-05
class,MOT-MRCP,,B,curator_a,corrected,OpenAlex,10.1007/bf00412364,,volume;issue;pages,volume/issue/pages added (284(1):1-17); journal name kept as the historical title (OpenAlex lists the current title Pflügers Archiv - European Journal of Physiology),curator_a,2026-10-05
class,MOT-MSL,,B,curator_a,corrected,OpenAlex,10.1073/pnas.95.3.861,,authors,"""et al."" expanded to the full 7-author list",curator_a,2026-10-05
class,MOT-MVF,,B,curator_a,confirmed,Crossref,10.3389/fneur.2019.01227,,,,curator_a,2026-10-05
class,MOT-OBS,,B,curator_a,corrected,OpenAlex,10.1152/jn.1995.73.6.2608,,authors;venue;year;volume;issue;pages;doi,title-only record completed; DOI added,curator_a,2026-10-05
class,MOT-PASS,,B,curator_a,confirmed,OpenAlex,10.1016/j.neuroimage.2014.11.026,,,OpenAlex publication_year 2014 (online first); YAML keeps print year 2015 for vol. 106; Crossref 429 so the print date was not re-checked,curator_a,2026-10-05
class,MOT-PERT,,B,curator_a,confirmed,OpenAlex,10.1016/j.neulet.2014.06.017,,,,curator_a,2026-10-05
class,MOT-PURS,,B,curator_a,corrected,OpenAlex,10.1152/jn.1999.82.1.463,,volume;issue;pages;doi,volume/issue/pages and DOI added,curator_a,2026-10-05
class,MOT-REACH,,B,curator_a,corrected,OpenAlex,10.1523/jneurosci.02-11-01527.1982,,authors;venue;year;volume;issue;pages;doi,title-only record completed; DOI added (animal study; see D-031),curator_a,2026-10-05
class,MOT-RT,,B,curator_a,confirmed,OpenAlex,10.1037/0096-1523.14.3.331,,,,curator_a,2026-10-05
class,MOT-SACC,,B,curator_a,not_found,Crossref,,,,"Crossref bibliographic search returned no record for Javal 1878 (hits: 2010 CUP reprint of Javal's book, unrelated 1878/1906 items). Placeholder with qa_flag weak_origin (D-031) left unchanged",curator_a,2026-10-05
class,MOT-SMS,,B,curator_a,not_found,Crossref,,,,Crossref bibliographic search returned no record for the FAU dissertation (Mayville 2000); dissertations are not indexed. Citation left unchanged,curator_a,2026-10-05
class,MOT-SRT,,B,curator_a,corrected,OpenAlex,10.1016/0010-0285(87)90002-8,,volume;issue;pages,volume/issue/pages added,curator_a,2026-10-05
class,MOT-TRACK,,B,curator_a,corrected,OpenAlex,10.1109/iembs.2009.5334606,,authors;venue;year;pages;doi,title-only record completed; DOI added (conference paper),curator_a,2026-10-05
class,IMG-AUD,,B,curator_a,corrected,Crossref,10.1162/jocn.1996.8.1.29,,doi,"Crossref bibliographic search top hit matches title, first author, year and venue; DOI added",curator_a,2026-10-05
class,IMG-CMD,,B,curator_a,corrected,OpenAlex,10.1126/science.1130197,,authors;venue;year;volume;issue;pages;doi,title-only record completed from the OpenAlex PMID record; DOI added,curator_a,2026-10-05
class,IMG-MA,,B,curator_a,not_found,Crossref/OpenAlex,,,,"title-only citation ""A new mode of EEG based communication"" (R0842, Monash URL) could not be resolved: Crossref search 429 (2 attempts), OpenAlex search 429. The memory lead Keirn & Aunon 1990 was looked up (doi 10.1109/10.64464, IEEE TBME 37(12):1209-1214, PMID 2149711) but its title is ""A new mode of communication between man and his surroundings"", i.e. a different title from R0842 -> not written; maintainer to decide (D-063: R0842 is only a class-origin candidate)",curator_a,2026-10-05
class,IMG-OLF,,B,curator_a,corrected,OpenAlex,10.1016/j.neuroimage.2004.09.035,,doi;authors;issue,"search endpoints 429; candidate DOI verified against the OpenAlex record (title, first author, vol/pages match). ""et al."" expanded; issue added. OpenAlex publication_year 2004 (online); print year 2005 kept",curator_a,2026-10-05
class,IMG-ROT,,B,curator_a,confirmed,Crossref,10.1126/science.171.3972.701,,,,curator_a,2026-10-05
class,IMG-SAO,,B,curator_a,confirmed,OpenAlex,10.1371/journal.pone.0064784,,,"Crossref 429; OpenAlex record agrees (title, authors, PLoS ONE 2013;8(6):e64784)",curator_a,2026-10-05
class,IMG-SPI,,B,curator_a,corrected,OpenAlex,10.1016/j.neunet.2009.05.008,,doi,search endpoints 429; candidate DOI verified against the OpenAlex record (exact match); DOI added,curator_a,2026-10-05
class,IMG-TACT,,B,curator_a,confirmed,Crossref,10.1523/ENEURO.0455-22.2023,,,,curator_a,2026-10-05
class,IMG-VIS,,B,curator_a,corrected,Crossref,10.1126/science.284.5411.167,,authors,"mixed author format and ""et al.""; full 9-author list from Crossref",curator_a,2026-10-05
class,STM-ADBS,,B,curator_a,corrected,OpenAlex,10.3791/51403,,authors;venue;year;issue;pages;doi,"title-only record (lead N10 = PMC4217393) completed from the OpenAlex record (PMCID matches); this is a JoVE methods article; the original aDBS study (Little et al. 2013 Ann Neurol, memory lead) was not fetched - D-031 origin check pending",curator_a,2026-10-05
class,STM-CCEP,,B,curator_a,corrected,Crossref,10.1093/brain/awh246,,issue;pages,issue and pages added,curator_a,2026-10-05
class,STM-DBSEP,,B,curator_a,corrected,OpenAlex,10.1002/ana.25234,,volume;issue;pages;doi,candidate DOI verified against the OpenAlex record (exact match); volume/issue/pages and DOI added,curator_a,2026-10-05
class,STM-GVS,,B,curator_a,corrected,OpenAlex,10.1152/jn.2001.85.2.886,,volume;issue;pages;doi,volume/issue/pages and DOI added,curator_a,2026-10-05
class,STM-PAS,,B,curator_a,corrected,OpenAlex,10.1093/brain/123.3.572,,doi;issue,"candidate DOI verified against the OpenAlex record (title, first author, 123:572-584 match; record lists first author only, co-authors kept from the existing citation); DOI added",curator_a,2026-10-05
class,STM-PBM,,B,curator_a,corrected,Crossref,10.1117/1.NPh.6.2.025013,,authors;year,authors and year were missing; added from Crossref (OpenAlex agrees),curator_a,2026-10-05
class,STM-PHTMS,,B,curator_a,confirmed,OpenAlex,10.1016/j.brs.2017.11.016,,,OpenAlex publication_year 2017 (online 2017-11-24); YAML keeps print year 2018 for 11(2),curator_a,2026-10-05
class,STM-SEP,,B,curator_a,corrected,OpenAlex,10.1136/jnnp.10.3.134,,pages;doi,candidate DOI verified against the OpenAlex record (exact match); pages and DOI added,curator_a,2026-10-05
class,STM-TACS,,B,curator_a,corrected,OpenAlex,10.1371/journal.pone.0013766,,doi,candidate DOI verified against the OpenAlex record (exact match); DOI added,curator_a,2026-10-05
class,STM-TAVNS,,B,curator_a,confirmed,OpenAlex,10.3389/fnhum.2018.00202,,,Crossref 429; OpenAlex agrees,curator_a,2026-10-05
class,STM-TDCS,,B,curator_a,corrected,OpenAlex,10.1111/j.1469-7793.2000.t01-1-00633.x,,volume;issue;pages,volume/issue/pages added,curator_a,2026-10-05
class,STM-TEP,,B,curator_a,corrected,OpenAlex,10.1097/00001756-199711100-00024,,doi;issue;author initials,"candidate DOI verified against the OpenAlex record (exact match); DOI and issue added; initials per record (Ilmoniemi RJ, Aronen HJ)",curator_a,2026-10-05
class,STM-TI,,B,curator_a,corrected,OpenAlex,10.1038/s41593-023-01456-8,,authors;year;volume;issue;pages;doi,title+journal-only record (lead N11) completed from the OpenAlex record (exact title match); DOI added,curator_a,2026-10-05
class,STM-TMSFMRI,,B,curator_a,confirmed,OpenAlex,10.1097/00004424-199806000-00004,,,,curator_a,2026-10-05
class,STM-TUS,,B,curator_a,confirmed,OpenAlex,10.1038/nn.3620,,,,curator_a,2026-10-05
class,STM-VIB,,B,curator_a,corrected,OpenAlex,10.1111/j.1460-9568.2007.05587.x,,issue,issue added,curator_a,2026-10-05
concrete,CTL-AMBIG-001,,C,curator_b,corrected,Crossref-search,10.1126/science.1115327,,pages added; doi added,,curator_b,2026-10-05
concrete,CTL-ANAL-001,,C,curator_b,corrected,Crossref-search,10.1093/cercor/bhh126,,pages added; doi added,"Crossref record lists only the first author; citation text kept, DOI added. Crossref issued 2004 (online); print 15(3) 2005. Crossref issued 2004 = online; print vol 15(3) 2005",curator_b,2026-10-05
concrete,CTL-ANT-001,,C,curator_b,corrected,Crossref,10.1162/089892902317361886,,authors (et al. expanded); pages added,,curator_b,2026-10-05
concrete,CTL-ANT-002,,C,curator_b,confirmed,Crossref,10.1016/j.bandc.2004.02.012,,,,curator_b,2026-10-05
concrete,CTL-AS-001,,C,curator_b,corrected,Crossref,10.1016/0042-6989(78)90218-3,,issue 11->10; pages added,,curator_b,2026-10-05
variant,CTL-AS-001,"Internationally standardised antisaccade protocol (blocked pro- and antisaccade trials, fixed timing)",C,curator_b,corrected,Crossref,10.1016/j.visres.2013.02.007,,authors (et al. expanded); pages added,,curator_b,2026-10-05
concrete,CTL-AUT-001,,C,curator_b,corrected,Crossref-search,10.1002/hbm.20538,,authors (et al. expanded); doi added,Crossref issued 2008 = online; print vol 30(3) 2009,curator_b,2026-10-05
concrete,CTL-BART-001,,C,curator_b,corrected,Crossref,10.1037/1076-898x.8.2.75,,authors (et al. expanded),,curator_b,2026-10-05
concrete,CTL-CNV-001,,C,curator_b,corrected,Crossref,10.1038/203380a0,,authors (et al. expanded); pages added,,curator_b,2026-10-05
concrete,CTL-CONF-001,,C,curator_b,confirmed,Crossref,10.1523/JNEUROSCI.0797-14.2015,,,,curator_b,2026-10-05
concrete,CTL-CPT-001,,C,curator_b,corrected,Crossref,10.1037/h0043220,,authors (et al. expanded); pages added,,curator_b,2026-10-05
concrete,CTL-CPT-002,,C,curator_b,confirmed,Crossref,10.1001/archpsyc.1996.01830120037008,,,"Crossref record lists only the first author and only the first page (JAMA legacy record); title, first author, year, venue, 53(12):1105 agree; citation text kept.",curator_b,2026-10-05
concrete,CTL-CPT-003,,C,curator_b,corrected,Crossref,10.1093/cercor/bhs261,,pages added,Crossref issued 2012 (online-first); print 23(11) is 2013 - year kept 2013. Crossref issued 2012 = online-first; print volume 23 is 2013,curator_b,2026-10-05
concrete,CTL-DD-001,,C,curator_b,corrected,Crossref,10.1901/jeab.1991.55-233,,authors (et al. expanded),,curator_b,2026-10-05
concrete,CTL-DT-001,,C,curator_b,corrected,Crossref-search,10.1037/h0073262,,title; pages 1-35->1-36; doi added,,curator_b,2026-10-05
concrete,CTL-EFF-001,,C,curator_b,corrected,Crossref,10.1371/journal.pone.0006598,,pages added,,curator_b,2026-10-05
concrete,CTL-FLK-001,,C,curator_b,corrected,OpenAlex,10.3758/bf03203267,,issue 2->1; pages added,,curator_b,2026-10-05
concrete,CTL-FLK-002,,C,curator_b,tbd_open,,,,,"tbd_open: no bibliographic search performed - WebFetch quota exhausted (429) before the TBD rows were reached; planned queries (max 3, D-031 criteria): (1) arrow flanker task origin ERP; (2) Kopp Rist Mattler 1996 N2 flanker arrows; (3) Botvinick Nystrom Fissell Carter Cohen 1999 conflict monitoring flanker",curator_b,2026-10-05
concrete,CTL-FORAGE-001,,C,curator_b,confirmed,Crossref,10.1126/science.1216930,,,,curator_b,2026-10-05
concrete,CTL-GNG-001,,C,curator_b,corrected,Crossref,10.1016/0001-6918(69)90065-1,,pages added,"Crossref record is the 1969 Acta Psychologica translation; the ""(orig. 1868)"" remark remains in the entry notes (Donders 1868/1969).",curator_b,2026-10-05
concrete,CTL-IGT-001,,C,curator_b,corrected,Crossref,10.1016/0010-0277(94)90018-3,,authors (et al. expanded),,curator_b,2026-10-05
concrete,CTL-MIXG-001,,C,curator_b,corrected,OpenAlex,10.1126/science.1134239,,pages added,,curator_b,2026-10-05
concrete,CTL-MRP-001,,C,curator_b,not_found,,,,,"not checked: Crossref bibliographic search not performed - WebFetch proxy rate limit (HTTP 429) exhausted after ~85 requests; no YAML change; search deferred (planned query: Eimer Schlaghecken 1998 masked stimuli motor activation (2 queries sent, both 429))",curator_b,2026-10-05
concrete,CTL-MSIT-001,,C,curator_b,corrected,Crossref,10.1038/sj.mp.4001217,,"authors added (Bush G, Shin LM, Holmes J, Rosen BR, Vogt BA)",,curator_b,2026-10-05
concrete,CTL-PDM-001,,C,curator_b,corrected,Crossref,10.1523/jneurosci.12-12-04745.1992,,authors (et al. expanded); pages added,,curator_b,2026-10-05
concrete,CTL-PDM-002,,C,curator_b,corrected,Crossref,10.1523/JNEUROSCI.3355-13.2013,,pages added,,curator_b,2026-10-05
concrete,CTL-RAT-001,,C,curator_b,corrected,Crossref,10.1037/h0048850,,pages added,,curator_b,2026-10-05
concrete,CTL-RAVEN-001,,C,curator_b,corrected,Crossref-search,10.1111/j.2044-8341.1936.tb00690.x,,pages added; doi added,,curator_b,2026-10-05
concrete,CTL-RNG-001,,C,curator_b,corrected,Crossref-search,10.1006/nimg.2000.0647,,doi added,,curator_b,2026-10-05
concrete,CTL-SART-001,,C,curator_b,corrected,Crossref,10.1016/s0028-3932(97)00015-8,,authors (et al. expanded); pages added,,curator_b,2026-10-05
concrete,CTL-SIM-001,,C,curator_b,corrected,Crossref,10.1037/h0020586,,pages added,,curator_b,2026-10-05
concrete,CTL-SIM-002,,C,curator_b,tbd_open,,,,,"tbd_open: no bibliographic search performed - WebFetch quota exhausted (429) before the TBD rows were reached; planned queries (max 3, D-031 criteria): (1) Craft Simon 1970 processing symbolic information from a visual display interference irrelevant directional cue; (2) Simon 1969 reactions toward the source of stimulation; (3) Hedge Marsh 1975 logical recoding",curator_b,2026-10-05
concrete,CTL-SST-001,,C,curator_b,corrected,Crossref,10.1037/0033-295x.91.3.295,,pages added,,curator_b,2026-10-05
concrete,CTL-STR-001,,C,curator_b,corrected,Crossref,10.1037/h0054651,,pages added,,curator_b,2026-10-05
concrete,CTL-STR-002,,C,curator_b,tbd_open,,,,,"tbd_open: no bibliographic search performed - WebFetch quota exhausted (429) before the TBD rows were reached; planned queries (max 3, D-031 criteria): (1) Liotti Woldorff Perez Mayberg 2000 ERP Stroop N450 manual response; (2) West Alain 1999 event-related neural activity Stroop; (3) MacLeod 1991 review as pointer only (not an origin)",curator_b,2026-10-05
concrete,CTL-SW-001,,C,curator_b,corrected,Crossref,10.1037/0096-3445.124.2.207,,title; pages added,"Crossref/APA title spelling ""predictible"" (as in the record) replaces ""predictable"".",curator_b,2026-10-05
concrete,CTL-SW-002,,C,curator_b,corrected,Crossref-search,10.1037/0278-7393.22.6.1423,,doi added,,curator_b,2026-10-05
concrete,CTL-SW-003,,C,curator_b,tbd_open,,,,,"tbd_open: no bibliographic search performed - WebFetch quota exhausted (429) before the TBD rows were reached; planned queries (max 3, D-031 criteria): (1) Arrington Logan 2004 the cost of a voluntary task switch Psychological Science; (2) Arrington Logan 2005 voluntary task switching chasing the elusive homunculus; (3) Mayr Bell 2006 on how to be unpredictable",curator_b,2026-10-05
concrete,CTL-SYLL-001,,C,curator_b,corrected,Crossref-search,10.1006/nimg.2000.0636,,doi added,,curator_b,2026-10-05
concrete,CTL-TOL-001,,C,curator_b,corrected,Crossref,10.1098/rstb.1982.0082,,venue (full journal title); pages added,,curator_b,2026-10-05
concrete,CTL-VBC-001,,C,curator_b,confirmed,Crossref,10.1523/JNEUROSCI.2131-07.2007,,,,curator_b,2026-10-05
concrete,CTL-WASON-001,,C,curator_b,not_found,,,,,"not checked: Crossref bibliographic search not performed - WebFetch proxy rate limit (HTTP 429) exhausted after ~85 requests; no YAML change; search deferred (planned query: Wason 1966 Reasoning, New Horizons in Psychology (book chapter; unlikely to be in Crossref))",curator_b,2026-10-05
concrete,CTL-WCST-001,,C,curator_b,corrected,Crossref-search,10.1037/h0059831,,volume ->38; doi added,,curator_b,2026-10-05
concrete,ERR-AAF-001,,C,curator_b,tbd_open,,,,,"tbd_open: no bibliographic search performed - WebFetch quota exhausted (429) before the TBD rows were reached; planned queries (max 3, D-031 criteria): (1) Burnett Freedland Larson Hain 1998 voice F0 responses to manipulations in pitch feedback JASA; (2) Elman 1981 effects of frequency-shifted feedback on the pitch of vocal productions; (3) Kawahara 1994 interactions of speech production and perception under auditory feedback perturbations",curator_b,2026-10-05
concrete,ERR-ADAPT-001,,C,curator_b,corrected,Crossref-search,10.1523/jneurosci.20-23-08916.2000,,authors (et al. expanded); pages added; doi added,,curator_b,2026-10-05
concrete,ERR-ADAPT-002,,C,curator_b,corrected,Crossref,10.1101/262576,,"authors added (Palidis DJ, Cashaback JGA, Gribble PL); year 2018 added; venue bioRxiv (preprint, posted 2018-02-09)",,curator_b,2026-10-05
concrete,ERR-APC-001,,C,curator_b,corrected,Crossref-search,10.1016/s0896-6273(03)00169-7,,"authors added (O'Doherty JP, Dayan P, Friston K, Critchley H, Dolan RJ); volume/issue/pages added; doi added",,curator_b,2026-10-05
concrete,ERR-AWARE-001,,C,curator_b,corrected,Crossref,10.1037/0096-1523.26.1.141,,pages 141-51->141-151,,curator_b,2026-10-05
concrete,ERR-AWARE-002,,C,curator_b,corrected,OpenAlex,10.1111/1469-8986.3850752,11577898,pages 752-60->752-760,,curator_b,2026-10-05
concrete,ERR-AWARE-003,,C,curator_b,corrected,Crossref-search,10.1016/j.neuroimage.2005.04.035,,doi added,,curator_b,2026-10-05
concrete,ERR-BANDIT-001,,C,curator_b,corrected,Crossref,10.1038/nature04766,,authors (et al. expanded); pages added,,curator_b,2026-10-05
concrete,ERR-CAUS-001,,C,curator_b,confirmed,OpenAlex,10.1080/14640748408401502,,,,curator_b,2026-10-05
concrete,ERR-CHGPT-001,,C,curator_b,corrected,Crossref,10.1523/JNEUROSCI.0822-10.2010,,pages added,,curator_b,2026-10-05
concrete,ERR-CHGPT-002,,C,curator_b,corrected,Crossref,10.7554/eLife.46975,,pages added,,curator_b,2026-10-05
concrete,ERR-ERRP-001,,C,curator_b,not_found,,,,,"not checked: Crossref bibliographic search not performed - WebFetch proxy rate limit (HTTP 429) exhausted after ~85 requests; no YAML change; search deferred (planned query: Ferrez Millan 2008 error-related EEG potentials simulated brain-computer interaction (1 query sent, 429))",curator_b,2026-10-05
concrete,ERR-ERRP-002,,C,curator_b,corrected,Crossref,10.1109/TNSRE.2010.2053387,,title added (Learning From EEG Error-Related Potentials in Noninvasive Brain-Computer Interfaces); volume/issue/pages added,,curator_b,2026-10-05
concrete,ERR-ERRP-003,,C,curator_b,tbd_open,,,,,"tbd_open: no bibliographic search performed - WebFetch quota exhausted (429) before the TBD rows were reached; planned queries (max 3, D-031 criteria): (1) Dal Seno Matteucci Mainardi 2010 online detection of P300 and error potentials in a BCI speller; (2) Spuler Bensch Kleih Rosenstiel Bogdan Kubler 2012 online use of error-related potentials P300-BCI; (3) Perrin Maby Daligault Bertrand Mattout 2012 objective and subjective evaluation of online error correction P300 spelling",curator_b,2026-10-05
concrete,ERR-ERRP-004,,C,curator_b,corrected,Crossref,10.3389/fnhum.2015.00155,,pages added,,curator_b,2026-10-05
concrete,ERR-GAM-001,,C,curator_b,not_found,,,,,not checked: Crossref bibliographic search not performed - WebFetch proxy rate limit (HTTP 429) exhausted after ~85 requests; no YAML change; search deferred (planned query: Gehring Willoughby 2002 medial frontal cortex rapid processing monetary gains losses Science (PMID 11910116 in entry)),curator_b,2026-10-05
concrete,ERR-GAM-002,,C,curator_b,tbd_open,,,,,"tbd_open: no bibliographic search performed - WebFetch quota exhausted (429) before the TBD rows were reached; planned queries (max 3, D-031 criteria): (1) Dunning Hajcak 2007 error-related negativities elicited by monetary loss and cues that predict loss NeuroReport; (2) Foti Hajcak 2009 depression and reduced sensitivity to non-rewards versus rewards; (3) Hajcak Moser Holroyd Simons 2006 feedback-related negativity binary evaluation",curator_b,2026-10-05
concrete,ERR-GAM-003,,C,curator_b,not_found,,,,,not checked: Crossref bibliographic search not performed - WebFetch proxy rate limit (HTTP 429) exhausted after ~85 requests; no YAML change; search deferred (planned query: Yeung Holroyd Cohen 2004/2005 ERP correlates of feedback and reward processing in the presence and absence of response choice (memory candidate for the R0714 citation; identity to be confirmed against the R0714 reference list)),curator_b,2026-10-05
concrete,ERR-INST-001,,C,curator_b,corrected,Crossref,10.1126/science.1094285,,pages added,,curator_b,2026-10-05
concrete,ERR-OBS-001,,C,curator_b,corrected,Crossref,10.1038/nn1239,,authors (et al. expanded); pages added,,curator_b,2026-10-05
concrete,ERR-OBS-002,,C,curator_b,not_found,,,,,not checked: Crossref bibliographic search not performed - WebFetch proxy rate limit (HTTP 429) exhausted after ~85 requests; no YAML change; search deferred (planned query: Bates Patel Liddle 2005 external behavior monitoring mirrors internal behavior monitoring ERN observed errors (memory candidate for the R0714 citation)),curator_b,2026-10-05
concrete,ERR-OBS-003,,C,curator_b,not_found,,,,,not checked: Crossref bibliographic search not performed - WebFetch proxy rate limit (HTTP 429) exhausted after ~85 requests; no YAML change; search deferred (planned query: Pavone Tieri Rizza Tidoni Grisoni Aglioti 2016 embodying others immersive virtual reality avatar errors J Neurosci (memory candidate for the R0714 citation)),curator_b,2026-10-05
concrete,ERR-OGNG-001,,C,curator_b,not_found,,,,,"not checked: Crossref bibliographic search not performed - WebFetch proxy rate limit (HTTP 429) exhausted after ~85 requests; no YAML change; search deferred (planned query: Guitart-Masip 2012 Go and no-go learning in reward and punishment interactions between affect and effect NeuroImage (author/year from memory, unconfirmed))",curator_b,2026-10-05
concrete,ERR-PCL-001,,C,curator_b,corrected,Crossref,10.1101/lm.1.2.106,,pages added,,curator_b,2026-10-05
concrete,ERR-PRL-001,,C,curator_b,corrected,Crossref,10.1523/jneurosci.22-11-04563.2002,,pages added,,curator_b,2026-10-05
concrete,ERR-PRT-001,,C,curator_b,not_found,,,,,not checked: Crossref bibliographic search not performed - WebFetch proxy rate limit (HTTP 429) exhausted after ~85 requests; no YAML change; search deferred (planned query: Pizzagalli Jahn O'Shea 2005 objective characterization anhedonic phenotype signal-detection Biological Psychiatry),curator_b,2026-10-05
concrete,ERR-PSEL-001,,C,curator_b,corrected,Crossref,10.1126/science.1102941,,pages added,,curator_b,2026-10-05
concrete,ERR-TE-001,,C,curator_b,corrected,Crossref,10.1162/jocn.1997.9.6.788,,pages added,,curator_b,2026-10-05
concrete,ERR-TS-001,,C,curator_b,corrected,Crossref,10.1016/j.neuron.2011.02.027,,authors (et al. expanded); pages added,,curator_b,2026-10-05
concrete,ERR-TS-002,,C,curator_b,corrected,Crossref,10.1371/journal.pcbi.1005090,,pages added,,curator_b,2026-10-05
concrete,ERR-VRPE-001,,C,curator_b,corrected,Crossref,10.1145/3290605.3300657,,venue (proceedings title); pages 427-437->1-11 (Crossref; 427 is the paper number); author initials Chen H-T->HT,,curator_b,2026-10-05
variant,ERR-VRPE-001,EMS force-feedback condition (visual + vibrotactile + electrical muscle stimulation),C,curator_b,corrected,Crossref,10.3389/fnrgo.2024.1411305,,pages added,,curator_b,2026-10-05
class,ERR-AAF,,C,curator_b,tbd_open,,,,,"same TBD as ERR-AAF-001: tbd_open: no bibliographic search performed - WebFetch quota exhausted (429) before the TBD rows were reached; planned queries (max 3, D-031 criteria): (1) Burnett Freedland Larson Hain 1998 voice F0 responses to manipulations in pitch feedback JASA; (2) Elman 1981 effects of frequency-shifted feedback on the pitch of vocal productions; (3) Kawahara 1994 interactions of speech production and perception under auditory feedback perturbations",curator_b,2026-10-05
class,ERR-ADAPT,,C,curator_b,corrected,Crossref-search,10.1523/jneurosci.20-23-08916.2000,,authors (et al. expanded); pages added; doi added,,curator_b,2026-10-05
class,ERR-APC,,C,curator_b,corrected,Crossref-search,10.1016/s0896-6273(03)00169-7,,"authors added (O'Doherty JP, Dayan P, Friston K, Critchley H, Dolan RJ); volume/issue/pages added; doi added",,curator_b,2026-10-05
class,ERR-AWARE,,C,curator_b,corrected,Crossref,10.1037/0096-1523.26.1.141,,pages 141-51->141-151,,curator_b,2026-10-05
class,ERR-BANDIT,,C,curator_b,corrected,Crossref,10.1038/nature04766,,authors (et al. expanded); pages added,,curator_b,2026-10-05
class,ERR-CAUS,,C,curator_b,confirmed,OpenAlex,10.1080/14640748408401502,,,,curator_b,2026-10-05
class,ERR-CHGPT,,C,curator_b,corrected,Crossref,10.1523/JNEUROSCI.0822-10.2010,,pages added,,curator_b,2026-10-05
class,ERR-ERRP,,C,curator_b,not_found,,,,,"same source as ERR-ERRP-001: not checked: Crossref bibliographic search not performed - WebFetch proxy rate limit (HTTP 429) exhausted after ~85 requests; no YAML change; search deferred (planned query: Ferrez Millan 2008 error-related EEG potentials simulated brain-computer interaction (1 query sent, 429))",curator_b,2026-10-05
class,ERR-GAM,,C,curator_b,not_found,,,,,same source as ERR-GAM-001: not checked: Crossref bibliographic search not performed - WebFetch proxy rate limit (HTTP 429) exhausted after ~85 requests; no YAML change; search deferred (planned query: Gehring Willoughby 2002 medial frontal cortex rapid processing monetary gains losses Science (PMID 11910116 in entry)),curator_b,2026-10-05
class,ERR-INST,,C,curator_b,corrected,Crossref,10.1126/science.1094285,,pages added,,curator_b,2026-10-05
class,ERR-OBS,,C,curator_b,corrected,Crossref,10.1038/nn1239,,authors (et al. expanded); pages added,,curator_b,2026-10-05
class,ERR-OGNG,,C,curator_b,not_found,,,,,"same source as ERR-OGNG-001: not checked: Crossref bibliographic search not performed - WebFetch proxy rate limit (HTTP 429) exhausted after ~85 requests; no YAML change; search deferred (planned query: Guitart-Masip 2012 Go and no-go learning in reward and punishment interactions between affect and effect NeuroImage (author/year from memory, unconfirmed))",curator_b,2026-10-05
class,ERR-PCL,,C,curator_b,corrected,Crossref,10.1101/lm.1.2.106,,pages added,,curator_b,2026-10-05
class,ERR-PRL,,C,curator_b,corrected,Crossref,10.1523/jneurosci.22-11-04563.2002,,pages added,,curator_b,2026-10-05
class,ERR-PRT,,C,curator_b,not_found,,,,,same source as ERR-PRT-001: not checked: Crossref bibliographic search not performed - WebFetch proxy rate limit (HTTP 429) exhausted after ~85 requests; no YAML change; search deferred (planned query: Pizzagalli Jahn O'Shea 2005 objective characterization anhedonic phenotype signal-detection Biological Psychiatry),curator_b,2026-10-05
class,ERR-PSEL,,C,curator_b,corrected,Crossref,10.1126/science.1102941,,pages added,,curator_b,2026-10-05
class,ERR-TE,,C,curator_b,corrected,Crossref,10.1162/jocn.1997.9.6.788,,pages added,,curator_b,2026-10-05
class,ERR-TS,,C,curator_b,corrected,Crossref,10.1016/j.neuron.2011.02.027,,authors (et al. expanded); pages added,,curator_b,2026-10-05
class,ERR-VRPE,,C,curator_b,corrected,Crossref,10.1145/3290605.3300657,,venue (proceedings title); pages 427-437->1-11 (Crossref; 427 is the paper number); author initials Chen H-T->HT,,curator_b,2026-10-05
class,CTL-AMBIG,,C,curator_b,corrected,Crossref-search,10.1126/science.1115327,,pages added; doi added,,curator_b,2026-10-05
class,CTL-ANAL,,C,curator_b,corrected,Crossref-search,10.1093/cercor/bhh126,,pages added; doi added,"Crossref record lists only the first author; citation text kept, DOI added. Crossref issued 2004 (online); print 15(3) 2005. Crossref issued 2004 = online; print vol 15(3) 2005",curator_b,2026-10-05
class,CTL-ANT,,C,curator_b,corrected,Crossref,10.1162/089892902317361886,,authors (et al. expanded); pages added,,curator_b,2026-10-05
class,CTL-AS,,C,curator_b,corrected,Crossref,10.1016/0042-6989(78)90218-3,,issue 11->10; pages added,,curator_b,2026-10-05
class,CTL-AUT,,C,curator_b,corrected,Crossref-search,10.1002/hbm.20538,,authors (et al. expanded); doi added,Crossref issued 2008 = online; print vol 30(3) 2009,curator_b,2026-10-05
class,CTL-BART,,C,curator_b,corrected,Crossref,10.1037/1076-898x.8.2.75,,authors (et al. expanded),,curator_b,2026-10-05
class,CTL-CNV,,C,curator_b,corrected,Crossref,10.1038/203380a0,,authors (et al. expanded); pages added,,curator_b,2026-10-05
class,CTL-CONF,,C,curator_b,confirmed,Crossref,10.1523/JNEUROSCI.0797-14.2015,,,,curator_b,2026-10-05
class,CTL-CPT,,C,curator_b,corrected,Crossref,10.1037/h0043220,,authors (et al. expanded); pages added,,curator_b,2026-10-05
class,CTL-DD,,C,curator_b,corrected,Crossref,10.1901/jeab.1991.55-233,,authors (et al. expanded),,curator_b,2026-10-05
class,CTL-DT,,C,curator_b,corrected,Crossref-search,10.1037/h0073262,,title; pages 1-35->1-36; doi added,,curator_b,2026-10-05
class,CTL-EFF,,C,curator_b,corrected,Crossref,10.1371/journal.pone.0006598,,pages added,,curator_b,2026-10-05
class,CTL-FLK,,C,curator_b,corrected,OpenAlex,10.3758/bf03203267,,issue 2->1; pages added,,curator_b,2026-10-05
class,CTL-FORAGE,,C,curator_b,confirmed,Crossref,10.1126/science.1216930,,,,curator_b,2026-10-05
class,CTL-GNG,,C,curator_b,corrected,Crossref,10.1016/0001-6918(69)90065-1,,pages added,"Crossref record is the 1969 Acta Psychologica translation; the ""(orig. 1868)"" remark remains in the entry notes (Donders 1868/1969).",curator_b,2026-10-05
class,CTL-IGT,,C,curator_b,corrected,Crossref,10.1016/0010-0277(94)90018-3,,authors (et al. expanded),,curator_b,2026-10-05
class,CTL-MIXG,,C,curator_b,corrected,OpenAlex,10.1126/science.1134239,,pages added,,curator_b,2026-10-05
class,CTL-MRP,,C,curator_b,not_found,,,,,"same source as CTL-MRP-001: not checked: Crossref bibliographic search not performed - WebFetch proxy rate limit (HTTP 429) exhausted after ~85 requests; no YAML change; search deferred (planned query: Eimer Schlaghecken 1998 masked stimuli motor activation (2 queries sent, both 429))",curator_b,2026-10-05
class,CTL-MSIT,,C,curator_b,corrected,Crossref,10.1038/sj.mp.4001217,,"authors added (Bush G, Shin LM, Holmes J, Rosen BR, Vogt BA)",,curator_b,2026-10-05
class,CTL-PDM,,C,curator_b,corrected,Crossref,10.1523/jneurosci.12-12-04745.1992,,authors (et al. expanded); pages added,,curator_b,2026-10-05
class,CTL-RAT,,C,curator_b,corrected,Crossref,10.1037/h0048850,,pages added,,curator_b,2026-10-05
class,CTL-RAVEN,,C,curator_b,corrected,Crossref-search,10.1111/j.2044-8341.1936.tb00690.x,,pages added; doi added,,curator_b,2026-10-05
class,CTL-RNG,,C,curator_b,corrected,Crossref-search,10.1006/nimg.2000.0647,,doi added,,curator_b,2026-10-05
class,CTL-SART,,C,curator_b,corrected,Crossref,10.1016/s0028-3932(97)00015-8,,authors (et al. expanded); pages added,,curator_b,2026-10-05
class,CTL-SIM,,C,curator_b,corrected,Crossref,10.1037/h0020586,,pages added,,curator_b,2026-10-05
class,CTL-SST,,C,curator_b,corrected,Crossref,10.1037/0033-295x.91.3.295,,pages added,,curator_b,2026-10-05
class,CTL-STR,,C,curator_b,corrected,Crossref,10.1037/h0054651,,pages added,,curator_b,2026-10-05
class,CTL-SW,,C,curator_b,corrected,Crossref,10.1037/0096-3445.124.2.207,,title; pages added,"Crossref/APA title spelling ""predictible"" (as in the record) replaces ""predictable"".",curator_b,2026-10-05
class,CTL-SYLL,,C,curator_b,corrected,Crossref-search,10.1006/nimg.2000.0636,,doi added,,curator_b,2026-10-05
class,CTL-TOL,,C,curator_b,corrected,Crossref,10.1098/rstb.1982.0082,,venue (full journal title); pages added,,curator_b,2026-10-05
class,CTL-VBC,,C,curator_b,confirmed,Crossref,10.1523/JNEUROSCI.2131-07.2007,,,,curator_b,2026-10-05
class,CTL-WASON,,C,curator_b,not_found,,,,,"same source as CTL-WASON-001: not checked: Crossref bibliographic search not performed - WebFetch proxy rate limit (HTTP 429) exhausted after ~85 requests; no YAML change; search deferred (planned query: Wason 1966 Reasoning, New Horizons in Psychology (book chapter; unlikely to be in Crossref))",curator_b,2026-10-05
class,CTL-WCST,,C,curator_b,corrected,Crossref-search,10.1037/h0059831,,volume ->38; doi added,,curator_b,2026-10-05
concrete,LAN-AGL-001,,D,curator_c,confirmed,Crossref,10.1016/s0022-5371(67)80149-x,,,"title, first author, year, venue, volume/issue/pages agree with the record",curator_c,2026-10-05
concrete,LAN-CPS-001,,D,curator_c,corrected,Crossref,10.1038/5757,,doi;year;citation(authors/year/journal/volume/issue/pages),rewritten in house style from the Crossref record,curator_c,2026-10-05
concrete,LAN-CPS-002,,D,curator_c,corrected,OpenAlex,10.1023/a:1010443001646,11523275,doi;year;citation(authors/year/journal/volume/issue/pages),rewritten in house style from the OpenAlex record,curator_c,2026-10-05
concrete,LAN-GEST-001,,D,curator_c,tbd_resolved,OpenAlex,10.1016/s0093-934x(03)00335-3,,citation;doi;year,"candidate origin found by bibliographic search; content unverified. speech-gesture match/mismatch ERP paradigm (Kelly, Kravitz & Hopkins)",curator_c,2026-10-05
concrete,LAN-HIER-001,,D,curator_c,corrected,Crossref,10.1038/nn.4186,,citation(pages),rewritten in house style from the Crossref record; Crossref issued 2015 (online); print volume 19(1) is 2016 - citation year kept at 2016,curator_c,2026-10-05
concrete,LAN-LDT-001,,D,curator_c,confirmed,Crossref,10.1037/h0031564,5134329,,"title, first author, year, venue, volume/issue/pages agree with the record",curator_c,2026-10-05
concrete,LAN-LOC-001,,D,curator_c,corrected,OpenAlex,10.1152/jn.00032.2010,20410363,doi;citation(volume/issue/pages),rewritten in house style from the OpenAlex record,curator_c,2026-10-05
concrete,LAN-LOC-002,,D,curator_c,corrected,Crossref,10.1080/17588928.2016.1201466,,doi;citation(journal/volume/issue/pages),"rewritten in house style from the Crossref record; Crossref issued 2016 (online first); vol 8(3) printed 2017 (matches EvLab citation ""Scott et al., 2017""); year kept at 2017",curator_c,2026-10-05
concrete,LAN-MUS-001,,D,curator_c,corrected,OpenAlex,10.1162/089892998563121,9831740,doi;year;citation(authors/year/journal/volume/issue/pages),rewritten in house style from the OpenAlex record,curator_c,2026-10-05
concrete,LAN-N400-001,,D,curator_c,corrected,OpenAlex,10.1016/0301-0511(80)90046-0,7272388,doi;year;citation(authors/year/journal/volume/issue/pages),rewritten in house style from the OpenAlex record,curator_c,2026-10-05
concrete,LAN-N400-002,,D,curator_c,corrected,OpenAlex,10.1038/307161a0,6690995,doi;year;citation(authors/year/journal/volume/issue/pages),rewritten in house style from the OpenAlex record,curator_c,2026-10-05
concrete,LAN-NAT-001,,D,curator_c,corrected,OpenAlex,10.1016/j.neuron.2007.06.004,17582338,doi;year;citation(authors/year/volume/issue/pages),rewritten in house style from the OpenAlex record,curator_c,2026-10-05
concrete,LAN-NWL-001,,D,curator_c,tbd_resolved,Crossref,10.1037/0278-7393.31.6.1281,,citation;doi;year,"candidate origin found by bibliographic search; content unverified. novel-word learning with N400 test after training (Perfetti, Wlotko & Hart 2005); earlier behavioural word-learning procedures may exist",curator_c,2026-10-05
concrete,LAN-OVS-001,,D,curator_c,corrected,OpenAlex,10.1038/nature11911,23426266,doi;year;citation(authors/year/journal/volume/issue/pages),rewritten in house style from the OpenAlex record,curator_c,2026-10-05
concrete,LAN-OVS-002,,D,curator_c,corrected,OpenAlex,10.1056/nejmoa2027540,34260835,doi;year;citation(authors/year/journal/volume/issue/pages),rewritten in house style from the OpenAlex record,curator_c,2026-10-05
concrete,LAN-OVS-003,,D,curator_c,corrected,OpenAlex,10.1038/s41586-023-06377-x,37612500,doi;year;citation(authors/year/journal/volume/issue/pages),rewritten in house style from the OpenAlex record; both Nature 2023 speech-neuroprosthesis papers (Willett; Metzger) were published 2023-08-23 in the same issue - the order question in the notes is moot,curator_c,2026-10-05
variant,LAN-OVS-003,Speech synthesis and avatar output (ECoG),D,curator_c,corrected,OpenAlex,10.1038/s41586-023-06443-4,37612505,doi;year;citation(authors/year/journal/volume/issue/pages),rewritten in house style from the OpenAlex record; same issue/date as 37612500 (pages 1037-1046 vs 1031-1036),curator_c,2026-10-05
concrete,LAN-P600-001,,D,curator_c,corrected,Crossref,10.1080/01690969308407585,,doi;year;citation(authors/year/journal/volume/issue/pages),rewritten in house style from the Crossref record,curator_c,2026-10-05
concrete,LAN-P600-002,,D,curator_c,corrected,OpenAlex,10.1037/0278-7393.20.4.786,8064247,doi;year;citation(authors/year/journal/volume/issue/pages),rewritten in house style from the OpenAlex record,curator_c,2026-10-05
concrete,LAN-PCAT-001,,D,curator_c,corrected,OpenAlex,10.1038/nn.2641,20890293,doi;year;citation(authors/year/journal/volume/issue/pages),rewritten in house style from the OpenAlex record,curator_c,2026-10-05
concrete,LAN-PHA-001,,D,curator_c,corrected,Crossref,10.1073/pnas.95.5.2636,9482939,citation(volume/issue/pages),rewritten in house style from the Crossref record,curator_c,2026-10-05
concrete,LAN-PN-001,,D,curator_c,corrected,OpenAlex,10.1212/wnl.57.11.2045,11739824,doi;year;citation(authors/year/journal/volume/issue/pages),rewritten in house style from the OpenAlex record,curator_c,2026-10-05
concrete,LAN-PN-002,,D,curator_c,tbd_resolved,OpenAlex,10.2307/1128859,,citation;doi;year,"candidate origin found by bibliographic search; content unverified. picture-word interference naming task (Rosinski, Golinkoff & Kukish 1975, behavioural; D-031 par.1); OpenAlex gives first page only (247)",curator_c,2026-10-05
concrete,LAN-PRIME-001,,D,curator_c,confirmed,Crossref,10.1037/h0031564,5134329,,"title, first author, year, venue, volume/issue/pages agree with the record",curator_c,2026-10-05
concrete,LAN-PRIME-002,,D,curator_c,tbd_resolved,OpenAlex,10.1016/0010-0285(83)90009-9,,citation;doi;year,"candidate origin found by bibliographic search; content unverified. masked semantic priming with pattern-masked primes (Marcel 1983, behavioural; D-031 par.1)",curator_c,2026-10-05
concrete,LAN-READ-001,,D,curator_c,corrected,OpenAlex,10.1037/a0023885,,citation(pages),rewritten in house style from the OpenAlex record,curator_c,2026-10-05
concrete,LAN-SC-001,,D,curator_c,corrected,Crossref,10.1016/0010-0285(82)90008-1,,citation(volume/issue/pages),rewritten in house style from the Crossref record,curator_c,2026-10-05
concrete,LAN-SC-002,,D,curator_c,corrected,OpenAlex,10.1073/pnas.95.3.922,,year;citation(authors/year/pages),rewritten in house style from the OpenAlex record,curator_c,2026-10-05
concrete,LAN-SEMD-001,,D,curator_c,corrected,OpenAlex,10.1001/archneur.1995.00540300067015,7763208,doi;year;citation(authors/year/journal/volume/issue/pages),rewritten in house style from the OpenAlex record,curator_c,2026-10-05
concrete,LAN-SIS-001,,D,curator_c,corrected,OpenAlex,10.1002/(sici)1097-0193(200004)9:4<183::aid-hbm1>3.0.co;2-z,10770228,doi;year;citation(authors/year/volume/issue/pages),rewritten in house style from the OpenAlex record,curator_c,2026-10-05
concrete,LAN-SIS-002,,D,curator_c,corrected,OpenAlex,10.1162/089892902760807140,12495520,doi;year;citation(authors/year/journal/volume/issue/pages),rewritten in house style from the OpenAlex record,curator_c,2026-10-05
concrete,LAN-SL-001,,D,curator_c,corrected,OpenAlex,10.1126/science.274.5294.1926,8943209,doi;year;citation(authors/year/journal/volume/issue/pages),rewritten in house style from the OpenAlex record,curator_c,2026-10-05
concrete,LAN-SWITCH-001,,D,curator_c,tbd_resolved,OpenAlex,10.1006/jmla.1998.2602,,citation;doi;year,"candidate origin found by bibliographic search; content unverified. cued bilingual naming switch task (Meuter & Allport 1999, behavioural; D-031 par.1)",curator_c,2026-10-05
concrete,LAN-SWITCH-002,,D,curator_c,corrected,OpenAlex,10.1080/02724980343000198,14742175,doi;year;citation(authors/year/journal/volume/issue/pages),rewritten in house style from the OpenAlex record,curator_c,2026-10-05
concrete,LAN-VF-001,,D,curator_c,not_found,Crossref,,,,"test manual (Benton, Hamsher & Sivan, Multilingual Aphasia Examination, AJA Associates) has no Crossref record; search returned only secondary papers (Schum, Sivan & Benton 1989; Hamsher 1998)",curator_c,2026-10-05
concrete,LAN-VF-002,,D,curator_c,confirmed,Crossref,10.1038/sdata.2018.3,,,"title, first author, year, venue, volume/issue/pages agree with the record",curator_c,2026-10-05
concrete,LAN-VF-003,,D,curator_c,tbd_resolved,OpenAlex,10.1016/s0361-9230(03)00066-2,,citation;doi;year,"candidate origin found by bibliographic search; content unverified. fNIRS verbal-fluency block design (Herrmann, Ehlis & Fallgatter 2003); earlier NIRS VFT reports by the same group (1997) not searched (budget); D-073: candidate from memory, record confirmed by API",curator_c,2026-10-05
concrete,LAN-VG-001,,D,curator_c,corrected,Crossref,10.1038/331585a0,3277066,citation(volume/issue/pages),rewritten in house style from the Crossref record,curator_c,2026-10-05
concrete,LAN-VWFA-001,,D,curator_c,corrected,OpenAlex,10.1093/brain/awf094,11960895,doi;year;citation(authors/year/journal/volume/issue/pages),rewritten in house style from the OpenAlex record,curator_c,2026-10-05
concrete,MEM-CD-001,,D,curator_c,corrected,Crossref,10.1038/36846,9384378,citation(pages),rewritten in house style from the Crossref record,curator_c,2026-10-05
concrete,MEM-CD-002,,D,curator_c,corrected,OpenAlex,10.1037/xhp0001066,36355704,doi;year;citation(authors/year/journal/volume/issue/pages),rewritten in house style from the OpenAlex record; OpenAlex publication_year 2022 (online first); print volume 49(1) is 2023,curator_c,2026-10-05
concrete,MEM-CD-003,,D,curator_c,corrected,Crossref,10.1038/nature02447,15085132,citation(pages),rewritten in house style from the Crossref record,curator_c,2026-10-05
concrete,MEM-CFMT-001,,D,curator_c,confirmed,Crossref,10.1016/j.neuropsychologia.2005.07.001,16169565,,"title, first author, year, venue, volume/issue/pages agree with the record",curator_c,2026-10-05
concrete,MEM-CIT-001,,D,curator_c,corrected,Crossref,10.1111/j.1469-8986.1991.tb01990.x,,citation(pages),rewritten in house style from the Crossref record,curator_c,2026-10-05
concrete,MEM-CIT-002,,D,curator_c,confirmed,Crossref,10.1111/j.1469-8986.2008.00708.x,,,"title, first author, year, venue, volume/issue/pages agree with the record",curator_c,2026-10-05
concrete,MEM-DF-001,,D,curator_c,corrected,Crossref,10.1016/s0022-5371(70)80059-7,,citation(pages),rewritten in house style from the Crossref record,curator_c,2026-10-05
concrete,MEM-DF-002,,D,curator_c,tbd_resolved,Crossref,10.3758/bf03331404,,citation;doi;year,"candidate origin found by bibliographic search; content unverified. list-method directed forgetting (Bjork, LaBerge & Legrand 1968); earlier than the class/-001 source Bjork 1970 - D-062 class-source question for the maintainer, content unverified",curator_c,2026-10-05
concrete,MEM-DMS-001,,D,curator_c,corrected,Crossref,10.1126/science.173.3997.652,4998337,citation(pages),rewritten in house style from the Crossref record,curator_c,2026-10-05
concrete,MEM-DRM-001,,D,curator_c,corrected,OpenAlex,10.1037/h0046671,13664879,citation(pages),rewritten in house style from the OpenAlex record,curator_c,2026-10-05
concrete,MEM-DS-001,,D,curator_c,corrected,Crossref,10.1093/mind/os-12.45.75,,doi;citation(pages),rewritten in house style from the Crossref record,curator_c,2026-10-05
concrete,MEM-DS-002,,D,curator_c,tbd_resolved,Crossref,10.1037/10020-000,,citation;doi;year,"candidate origin found by bibliographic search; content unverified. backward digit span as standardised test (Wechsler 1939, Wechsler-Bellevue Digits Backward; book/test manual, D-031 par.1); earlier Binet-type backward-span procedures not searched",curator_c,2026-10-05
concrete,MEM-EFT-001,,D,curator_c,corrected,Crossref,10.1016/j.neuropsychologia.2006.10.016,,citation(volume/issue/pages),rewritten in house style from the Crossref record,curator_c,2026-10-05
concrete,MEM-FR-001,,D,curator_c,corrected,Crossref,10.1037/h0045106,,doi;citation(pages),rewritten in house style from the Crossref record,curator_c,2026-10-05
concrete,MEM-FR-002,,D,curator_c,not_found,Crossref,,,,"handbook (Lezak et al. 2012, Neuropsychological Assessment, OUP); two Crossref bibliographic searches were refused (HTTP 429); not resolvable this sprint",curator_c,2026-10-05
concrete,MEM-META-001,,D,curator_c,confirmed,Crossref,10.1037/h0022263,5825050,,"title, first author, year, venue, volume/issue/pages agree with the record",curator_c,2026-10-05
concrete,MEM-META-002,,D,curator_c,corrected,Crossref,10.1111/j.1467-9280.1991.tb00147.x,,citation(pages),pages corrected 267-270 -> 267-271; rewritten in house style from the Crossref record,curator_c,2026-10-05
concrete,MEM-MST-001,,D,curator_c,confirmed,Crossref,10.1101/lm.663507,17848502,,"title, first author, year, venue, volume/issue/pages agree with the record",curator_c,2026-10-05
concrete,MEM-MST-002,,D,curator_c,confirmed,Crossref,10.1126/science.1152882,18356518,,"title, first author, year, venue, volume/issue/pages agree with the record",curator_c,2026-10-05
concrete,MEM-NAV-001,,D,curator_c,corrected,OpenAlex,10.1126/science.280.5365.921,9572740,citation(pages),rewritten in house style from the OpenAlex record,curator_c,2026-10-05
concrete,MEM-NAV-002,,D,curator_c,corrected,Crossref,10.1016/j.bbr.2003.08.024,15084426,citation(volume/issue/pages),rewritten in house style from the Crossref record,curator_c,2026-10-05
concrete,MEM-NAV-003,,D,curator_c,tbd_resolved,Crossref,10.1016/s0166-4328(98)00019-9,,citation;doi;year,"candidate origin found by bibliographic search; content unverified. human virtual Morris water task (Astur, Ortiz & Sutherland 1998; same group as lead R0289); Crossref title ends with a colon (subtitle missing in record)",curator_c,2026-10-05
concrete,MEM-NBK-001,,D,curator_c,corrected,Crossref,10.1037/h0043688,13539317,citation(pages),rewritten in house style from the Crossref record,curator_c,2026-10-05
concrete,MEM-NBK-002,,D,curator_c,tbd_resolved,Crossref,10.1006/nimg.1996.0247,,citation;doi;year,candidate origin found by bibliographic search; content unverified. parametric 0/1/2/3-back fMRI block design (Braver et al. 1997),curator_c,2026-10-05
concrete,MEM-NBK-003,,D,curator_c,corrected,Crossref,10.1016/s1053-8119(03)00098-3,,doi;citation(journal/volume/issue/pages),rewritten in house style from the Crossref record,curator_c,2026-10-05
concrete,MEM-NBK-004,,D,curator_c,corrected,Crossref,10.1073/pnas.0801268105,,doi;citation(style),"rewritten in house style from the Crossref record; D-073: candidate from memory, record confirmed by API",curator_c,2026-10-05
concrete,MEM-ON-001,,D,curator_c,corrected,Crossref,10.1037/0033-295x.87.3.252,,citation(pages),rewritten in house style from the Crossref record,curator_c,2026-10-05
concrete,MEM-ON-002,,D,curator_c,corrected,Crossref,10.1037/h0080017,,citation(volume/issue/pages),rewritten in house style from the Crossref record,curator_c,2026-10-05
concrete,MEM-PA-001,,D,curator_c,tbd_open,Crossref;OpenAlex,,,,"queries: (1) Crossref query.author=Calkins bibliographic ""Association Psychological Review 1894"" -> Calkins 1894 Experimental. (Psychol Rev 1(3):327-329), Calkins 1896 Association (II.) (3(1):32-49), Calkins 1895 Recognition and Association; (2) Crossref same + ""volume 1 issue 5 476"" -> HTTP 429; (3) OpenAlex record of 10.1037/h0065852 -> short note, no abstract. The 1894 ""Association"" paper (Psychol Rev 1(5)) attributed by Cognitive Atlas was not returned; cannot identify the origin bibliographically",curator_c,2026-10-05
concrete,MEM-PA-002,,D,curator_c,tbd_resolved,OpenAlex,10.1093/brain/111.3.695,,citation;doi;year,"candidate origin found by bibliographic search; content unverified. computerised visuospatial paired-associates learning test (Sahakian et al. 1988, CANTAB PAL)",curator_c,2026-10-05
concrete,MEM-PM-001,,D,curator_c,corrected,Crossref,10.1037/0278-7393.16.4.717,,citation(volume/issue/pages),rewritten in house style from the Crossref record,curator_c,2026-10-05
concrete,MEM-PM-002,,D,curator_c,tbd_resolved,OpenAlex,10.1037/0278-7393.21.4.996,,citation;doi;year,"candidate origin found by bibliographic search; content unverified. laboratory time-based prospective memory procedure (Einstein et al. 1995); an earlier time-based procedure (Harris & Wilkins 1982, Human Learning) is not indexed and was not searched",curator_c,2026-10-05
concrete,MEM-RC-001,,D,curator_c,corrected,Crossref,10.1162/089892903322598139,,doi;citation(pages),"rewritten in house style from the Crossref record; D-073: candidate from memory, record confirmed by API",curator_c,2026-10-05
concrete,MEM-RIF-001,,D,curator_c,corrected,Crossref,10.1037/0278-7393.20.5.1063,,doi;citation(pages),"rewritten in house style from the Crossref record; D-073: candidate from memory, record confirmed by API",curator_c,2026-10-05
concrete,MEM-RMEM-001,,D,curator_c,tbd_resolved,OpenAlex,10.1016/j.neuron.2006.03.036,,citation;doi;year,"candidate origin found by bibliographic search; content unverified. reward-motivated encoding (Adcock et al. 2006), the attribution already given in the notes",curator_c,2026-10-05
concrete,MEM-RPRIM-001,,D,curator_c,tbd_resolved,Crossref,10.1037/0096-1523.3.1.1,,citation;doi;year,"candidate origin found by bibliographic search; content unverified. repetition priming in lexical decision (Scarborough, Cortese & Scarborough 1977, behavioural; D-031 par.1)",curator_c,2026-10-05
concrete,MEM-RPT-001,,D,curator_c,tbd_resolved,OpenAlex,10.1016/0010-0285(78)90008-7,,citation;doi;year,"candidate origin found by bibliographic search; content unverified. recent-probes task (Monsell 1978), the attribution given by Jonides & Nee 2006 in the notes",curator_c,2026-10-05
concrete,MEM-SB-001,,D,curator_c,corrected,Crossref,10.1126/science.153.3736.652,5939936,citation(pages),rewritten in house style from the Crossref record,curator_c,2026-10-05
concrete,MEM-SME-001,,D,curator_c,corrected,OpenAlex,10.1016/0013-4694(87)90124-6,,doi;citation(issue/pages),"title corrected (… incidental learning paradigm); rewritten in house style from the OpenAlex record; D-073: candidate from memory, record confirmed by API",curator_c,2026-10-05
concrete,MEM-SRC-001,,D,curator_c,confirmed,OpenAlex,10.1037/0033-2909.114.1.3,8346328,,"title, first author, year, venue, volume/issue/pages agree with the record; OpenAlex author display name ""Michael K. Johnson"" is a disambiguation artefact; initials M. K. agree",curator_c,2026-10-05
concrete,MEM-SRE-001,,D,curator_c,corrected,Crossref,10.1037/0022-3514.35.9.677,,citation(volume/issue/pages),rewritten in house style from the Crossref record,curator_c,2026-10-05
concrete,MEM-SWM-001,,D,curator_c,corrected,Crossref,10.1093/oxfordjournals.bmb.a070866,4937273,citation(pages),rewritten in house style from the Crossref record,curator_c,2026-10-05
concrete,MEM-TMR-001,,D,curator_c,corrected,Crossref,10.1126/science.1179013,19965421,citation(pages),rewritten in house style from the Crossref record; Crossref page field 1079-1079 (one-page Brevia); written as 1079,curator_c,2026-10-05
concrete,MEM-TMR-002,,D,curator_c,corrected,OpenAlex,10.1126/science.1138581,17347444,doi;citation(authors/volume/issue/pages),rewritten in house style from the OpenAlex record,curator_c,2026-10-05
concrete,MEM-TNT-001,,D,curator_c,corrected,Crossref,10.1038/35066572,11268212,citation(issue/pages),rewritten in house style from the Crossref record,curator_c,2026-10-05
class,LAN-AGL,,D,curator_c,confirmed,Crossref,10.1016/s0022-5371(67)80149-x,,,"title, first author, year, venue, volume/issue/pages agree with the record",curator_c,2026-10-05
class,LAN-CPS,,D,curator_c,corrected,Crossref,10.1038/5757,,doi;year;citation(authors/year/journal/volume/issue/pages),rewritten in house style from the Crossref record,curator_c,2026-10-05
class,LAN-GEST,,D,curator_c,tbd_resolved,OpenAlex,10.1016/s0093-934x(03)00335-3,,citation;doi;year,candidate origin found by bibliographic search; content unverified. from LAN-GEST-001,curator_c,2026-10-05
class,LAN-HIER,,D,curator_c,corrected,Crossref,10.1038/nn.4186,,citation(pages),rewritten in house style from the Crossref record; Crossref issued 2015 (online); print volume 19(1) is 2016 - citation year kept at 2016,curator_c,2026-10-05
class,LAN-LDT,,D,curator_c,confirmed,Crossref,10.1037/h0031564,5134329,,"title, first author, year, venue, volume/issue/pages agree with the record",curator_c,2026-10-05
class,LAN-LOC,,D,curator_c,corrected,OpenAlex,10.1152/jn.00032.2010,20410363,doi;citation(volume/issue/pages),rewritten in house style from the OpenAlex record,curator_c,2026-10-05
class,LAN-MUS,,D,curator_c,corrected,OpenAlex,10.1162/089892998563121,9831740,doi;year;citation(authors/year/journal/volume/issue/pages),rewritten in house style from the OpenAlex record,curator_c,2026-10-05
class,LAN-N400,,D,curator_c,corrected,OpenAlex,10.1016/0301-0511(80)90046-0,7272388,doi;year;citation(authors/year/journal/volume/issue/pages),rewritten in house style from the OpenAlex record,curator_c,2026-10-05
class,LAN-NAT,,D,curator_c,corrected,OpenAlex,10.1016/j.neuron.2007.06.004,17582338,doi;year;citation(authors/year/volume/issue/pages),rewritten in house style from the OpenAlex record,curator_c,2026-10-05
class,LAN-NWL,,D,curator_c,tbd_resolved,Crossref,10.1037/0278-7393.31.6.1281,,citation;doi;year,candidate origin found by bibliographic search; content unverified. from LAN-NWL-001,curator_c,2026-10-05
class,LAN-OVS,,D,curator_c,corrected,OpenAlex,10.1038/nature11911,23426266,doi;year;citation(authors/year/journal/volume/issue/pages),rewritten in house style from the OpenAlex record,curator_c,2026-10-05
class,LAN-P600,,D,curator_c,corrected,Crossref,10.1080/01690969308407585,,doi;year;citation(authors/year/journal/volume/issue/pages),rewritten in house style from the Crossref record,curator_c,2026-10-05
class,LAN-PCAT,,D,curator_c,corrected,OpenAlex,10.1038/nn.2641,20890293,doi;year;citation(authors/year/journal/volume/issue/pages),rewritten in house style from the OpenAlex record,curator_c,2026-10-05
class,LAN-PHA,,D,curator_c,corrected,Crossref,10.1073/pnas.95.5.2636,9482939,citation(volume/issue/pages),rewritten in house style from the Crossref record,curator_c,2026-10-05
class,LAN-PN,,D,curator_c,corrected,OpenAlex,10.1212/wnl.57.11.2045,11739824,doi;year;citation(authors/year/journal/volume/issue/pages),rewritten in house style from the OpenAlex record,curator_c,2026-10-05
class,LAN-PRIME,,D,curator_c,confirmed,Crossref,10.1037/h0031564,5134329,,"title, first author, year, venue, volume/issue/pages agree with the record",curator_c,2026-10-05
class,LAN-READ,,D,curator_c,corrected,OpenAlex,10.1037/a0023885,,citation(pages),rewritten in house style from the OpenAlex record,curator_c,2026-10-05
class,LAN-SC,,D,curator_c,corrected,Crossref,10.1016/0010-0285(82)90008-1,,citation(volume/issue/pages),rewritten in house style from the Crossref record,curator_c,2026-10-05
class,LAN-SEMD,,D,curator_c,corrected,OpenAlex,10.1001/archneur.1995.00540300067015,7763208,doi;year;citation(authors/year/journal/volume/issue/pages),rewritten in house style from the OpenAlex record,curator_c,2026-10-05
class,LAN-SIS,,D,curator_c,corrected,OpenAlex,10.1002/(sici)1097-0193(200004)9:4<183::aid-hbm1>3.0.co;2-z,10770228,doi;year;citation(authors/year/volume/issue/pages),rewritten in house style from the OpenAlex record,curator_c,2026-10-05
class,LAN-SL,,D,curator_c,corrected,OpenAlex,10.1126/science.274.5294.1926,8943209,doi;year;citation(authors/year/journal/volume/issue/pages),rewritten in house style from the OpenAlex record,curator_c,2026-10-05
class,LAN-SWITCH,,D,curator_c,tbd_resolved,OpenAlex,10.1006/jmla.1998.2602,,citation;doi;year,candidate origin found by bibliographic search; content unverified. from LAN-SWITCH-001,curator_c,2026-10-05
class,LAN-VF,,D,curator_c,not_found,Crossref,,,,"test manual (Benton, Hamsher & Sivan, Multilingual Aphasia Examination, AJA Associates) has no Crossref record; search returned only secondary papers (Schum, Sivan & Benton 1989; Hamsher 1998)",curator_c,2026-10-05
class,LAN-VG,,D,curator_c,corrected,Crossref,10.1038/331585a0,3277066,citation(volume/issue/pages),rewritten in house style from the Crossref record,curator_c,2026-10-05
class,LAN-VWFA,,D,curator_c,corrected,OpenAlex,10.1093/brain/awf094,11960895,doi;year;citation(authors/year/journal/volume/issue/pages),rewritten in house style from the OpenAlex record,curator_c,2026-10-05
class,MEM-CD,,D,curator_c,corrected,Crossref,10.1038/36846,9384378,citation(pages),rewritten in house style from the Crossref record,curator_c,2026-10-05
class,MEM-CFMT,,D,curator_c,confirmed,Crossref,10.1016/j.neuropsychologia.2005.07.001,16169565,,"title, first author, year, venue, volume/issue/pages agree with the record",curator_c,2026-10-05
class,MEM-CIT,,D,curator_c,corrected,Crossref,10.1111/j.1469-8986.1991.tb01990.x,,citation(pages),rewritten in house style from the Crossref record,curator_c,2026-10-05
class,MEM-DF,,D,curator_c,corrected,Crossref,10.1016/s0022-5371(70)80059-7,,citation(pages),rewritten in house style from the Crossref record,curator_c,2026-10-05
class,MEM-DMS,,D,curator_c,corrected,Crossref,10.1126/science.173.3997.652,4998337,citation(pages),rewritten in house style from the Crossref record,curator_c,2026-10-05
class,MEM-DRM,,D,curator_c,corrected,OpenAlex,10.1037/h0046671,13664879,citation(pages),rewritten in house style from the OpenAlex record,curator_c,2026-10-05
class,MEM-DS,,D,curator_c,corrected,Crossref,10.1093/mind/os-12.45.75,,doi;citation(pages),rewritten in house style from the Crossref record,curator_c,2026-10-05
class,MEM-EFT,,D,curator_c,corrected,Crossref,10.1016/j.neuropsychologia.2006.10.016,,citation(volume/issue/pages),rewritten in house style from the Crossref record,curator_c,2026-10-05
class,MEM-FR,,D,curator_c,corrected,Crossref,10.1037/h0045106,,doi;citation(pages),rewritten in house style from the Crossref record,curator_c,2026-10-05
class,MEM-META,,D,curator_c,confirmed,Crossref,10.1037/h0022263,5825050,,"title, first author, year, venue, volume/issue/pages agree with the record",curator_c,2026-10-05
class,MEM-MST,,D,curator_c,confirmed,Crossref,10.1101/lm.663507,17848502,,"title, first author, year, venue, volume/issue/pages agree with the record",curator_c,2026-10-05
class,MEM-NAV,,D,curator_c,corrected,OpenAlex,10.1126/science.280.5365.921,9572740,citation(pages),rewritten in house style from the OpenAlex record,curator_c,2026-10-05
class,MEM-NBK,,D,curator_c,corrected,Crossref,10.1037/h0043688,13539317,citation(pages),rewritten in house style from the Crossref record,curator_c,2026-10-05
class,MEM-ON,,D,curator_c,corrected,Crossref,10.1037/0033-295x.87.3.252,,citation(pages),rewritten in house style from the Crossref record,curator_c,2026-10-05
class,MEM-PA,,D,curator_c,tbd_open,Crossref;OpenAlex,,,,see MEM-PA-001,curator_c,2026-10-05
class,MEM-PM,,D,curator_c,corrected,Crossref,10.1037/0278-7393.16.4.717,,citation(volume/issue/pages),rewritten in house style from the Crossref record,curator_c,2026-10-05
class,MEM-RC,,D,curator_c,corrected,Crossref,10.1162/089892903322598139,,doi;citation(pages),"rewritten in house style from the Crossref record; D-073: candidate from memory, record confirmed by API",curator_c,2026-10-05
class,MEM-RIF,,D,curator_c,corrected,Crossref,10.1037/0278-7393.20.5.1063,,doi;citation(pages),"rewritten in house style from the Crossref record; D-073: candidate from memory, record confirmed by API",curator_c,2026-10-05
class,MEM-RMEM,,D,curator_c,tbd_resolved,OpenAlex,10.1016/j.neuron.2006.03.036,,citation;doi;year,candidate origin found by bibliographic search; content unverified. from MEM-RMEM-001,curator_c,2026-10-05
class,MEM-RPRIM,,D,curator_c,tbd_resolved,Crossref,10.1037/0096-1523.3.1.1,,citation;doi;year,candidate origin found by bibliographic search; content unverified. from MEM-RPRIM-001,curator_c,2026-10-05
class,MEM-RPT,,D,curator_c,tbd_resolved,OpenAlex,10.1016/0010-0285(78)90008-7,,citation;doi;year,candidate origin found by bibliographic search; content unverified. from MEM-RPT-001,curator_c,2026-10-05
class,MEM-SB,,D,curator_c,corrected,Crossref,10.1126/science.153.3736.652,5939936,citation(pages),rewritten in house style from the Crossref record,curator_c,2026-10-05
class,MEM-SME,,D,curator_c,corrected,OpenAlex,10.1016/0013-4694(87)90124-6,,doi;citation(issue/pages),"title corrected (… incidental learning paradigm); rewritten in house style from the OpenAlex record; D-073: candidate from memory, record confirmed by API",curator_c,2026-10-05
class,MEM-SRC,,D,curator_c,confirmed,OpenAlex,10.1037/0033-2909.114.1.3,8346328,,"title, first author, year, venue, volume/issue/pages agree with the record; OpenAlex author display name ""Michael K. Johnson"" is a disambiguation artefact; initials M. K. agree",curator_c,2026-10-05
class,MEM-SRE,,D,curator_c,corrected,Crossref,10.1037/0022-3514.35.9.677,,citation(volume/issue/pages),rewritten in house style from the Crossref record,curator_c,2026-10-05
class,MEM-SWM,,D,curator_c,corrected,Crossref,10.1093/oxfordjournals.bmb.a070866,4937273,citation(pages),rewritten in house style from the Crossref record,curator_c,2026-10-05
class,MEM-TMR,,D,curator_c,corrected,OpenAlex,10.1126/science.1138581,17347444,doi;citation(authors/volume/issue/pages),rewritten in house style from the OpenAlex record,curator_c,2026-10-05
class,MEM-TNT,,D,curator_c,corrected,Crossref,10.1038/35066572,11268212,citation(issue/pages),rewritten in house style from the Crossref record,curator_c,2026-10-05
concrete,EMO-APRIME-001,,E,curator_d,corrected,Crossref,10.1037/0022-3514.50.2.229,,"volume, issue, pages added",same paper; citation lacked volume/issue/pages,curator_d,2026-10-05
concrete,EMO-AUTO-001,,E,curator_d,confirmed,OpenAlex,10.1037/0021-843x.95.2.144,3711438,,"Crossref 429, OpenAlex record used; all fields agree",curator_d,2026-10-05
concrete,EMO-DOT-001,,E,curator_d,confirmed,Crossref,10.1037/0021-843x.95.1.15,,,all fields agree,curator_d,2026-10-05
concrete,EMO-EST-001,,E,curator_d,tbd_resolved,OpenAlex,10.1037/0022-3514.47.2.427,,first_source written (was TBD),"candidate origin found by bibliographic search; content unverified. Gotlib & McCann 1984 (Experiment 1: colour-naming of depressed-, neutral- and manic-content words) is the earliest emotional-Stroop study cited by the Williams, Mathews & MacLeod 1996 review (R0137); Watts et al. 1986 (phobia-related words) is the other early candidate, not fetched; D-073: candidate from memory, record confirmed by API",curator_d,2026-10-05
concrete,EMO-FACE-001,,E,curator_d,corrected,Crossref-search,10.1097/00001756-200203250-00013,11930154,"doi, authors, year, volume, issue, pages added",title-only citation; Crossref bibliographic search top hit matches title exactly,curator_d,2026-10-05
concrete,EMO-FACE-002,,E,curator_d,corrected,OpenAlex-pmid,10.1006/nimg.2002.1179,12482086,"doi, volume, issue, pages added",OpenAlex record for the PMID; title/authors/year/venue agree,curator_d,2026-10-05
concrete,EMO-FC-001,,E,curator_d,corrected,OpenAlex-pmid,10.1016/s0896-6273(00)80475-4,9620698,"doi, authors, year, volume, issue, pages added",title-only citation; OpenAlex record for the PMID matches title,curator_d,2026-10-05
concrete,EMO-FC-002,,E,curator_d,corrected,OpenAlex-pmid,10.1093/scan/nst096,23748500,"doi, authors, year, volume, issue, pages added","title-only citation; OpenAlex publication year 2013 (online first), print issue 9(8) is 2014; year written as 2014 to match volume/issue",curator_d,2026-10-05
concrete,EMO-FC-003,,E,curator_d,corrected,Crossref,10.1016/j.neuron.2004.08.042,15363399,"volume, issue, pages added","Crossref title is the short form ""Extinction Learning in Humans""; subtitle kept from citation; added volume/issue/pages",curator_d,2026-10-05
concrete,EMO-FILM-001,,E,curator_d,corrected,Crossref,10.1080/02699939508408966,,"authors, year, volume, issue, pages added",title-only citation; completed from Crossref record,curator_d,2026-10-05
concrete,EMO-FILM-002,,E,curator_d,confirmed,Crossref,10.1109/T-AFFC.2011.15,,,all fields agree,curator_d,2026-10-05
variant,EMO-FILM-002,Music-evoked emotion without video,E,curator_d,corrected,OpenAlex-pmid,10.1038/nrn3666,24552785,"doi, author, year, volume, issue, pages added",record type Review; not an origin study (variant note already says the lead is a review),curator_d,2026-10-05
concrete,EMO-FILM-003,,E,curator_d,corrected,OpenAlex,10.1109/TAMD.2015.2431497,,"doi, journal, volume, issue, pages added","Crossref search returned noise; DOI recalled and verified against the OpenAlex record (title/authors/year match); D-073: candidate from memory, record confirmed by API",curator_d,2026-10-05
concrete,EMO-FILM-004,,E,curator_d,tbd_resolved,OpenAlex,10.1109/TCYB.2018.2797176,,first_source written (was TBD),"candidate origin found by bibliographic search; content unverified. EmotionMeter is the paper the SEED homepage asks SEED-IV users to cite (four classes happy/sad/fear/neutral, EEG + eye tracking); OpenAlex publication year 2018 (online first), print 49(3) is 2019 - year written 2019 (OpenAlex lists PMID 29994384; not added); D-073: candidate from memory, record confirmed by API",curator_d,2026-10-05
concrete,EMO-HUMOR-001,,E,curator_d,corrected,OpenAlex-pmid,10.1016/s0896-6273(03)00751-7,14659102,"doi, volume, issue, pages added",title/authors/year/venue agree,curator_d,2026-10-05
concrete,EMO-IAPS-001,,E,curator_d,corrected,OpenAlex-pmid,10.1016/s0301-0511(99)00044-7,10699350,"doi, authors, year, volume, issue, pages added",title-only citation; OpenAlex record for the PMID matches title,curator_d,2026-10-05
concrete,EMO-MID-001,,E,curator_d,corrected,OpenAlex,10.1006/nimg.2000.0593,10875899,"author list expanded, volume, issue, pages added","Crossref 429, OpenAlex record used; ""et al."" expanded to full author list",curator_d,2026-10-05
concrete,EMO-MID-002,,E,curator_d,corrected,OpenAlex,10.1093/scan/nsn051,19174537,"author list expanded, volume, issue, pages added","Crossref 429, OpenAlex record used; ellipsis in author list expanded",curator_d,2026-10-05
concrete,EMO-REG-001,,E,curator_d,confirmed,Crossref,10.1162/089892902760807212,12495527,,all fields agree,curator_d,2026-10-05
concrete,EMO-REG-002,,E,curator_d,corrected,OpenAlex-pmid,10.1016/j.biopsych.2007.05.031,17888411,"doi, authors, year, volume, issue, pages added","title-only citation; OpenAlex publication year 2007 (online first), print issue 63(6) is 2008; year written as 2008",curator_d,2026-10-05
concrete,EMO-SOUND-001,,E,curator_d,confirmed,OpenAlex,10.1097/wnr.0b013e3282f454db,,,"Crossref 429, OpenAlex record used; all fields agree (OpenAlex lists PMID 18185110; not added, PubMed not consulted)",curator_d,2026-10-05
concrete,EMO-STRESS-001,,E,curator_d,corrected,OpenAlex,10.1159/000119004,,doi added,"DOI verified against OpenAlex record; OpenAlex publication_year shows 2008 (Karger online re-release), volume 28 is 1993 - year kept 1993 (OpenAlex lists PMID 8255414; not added); D-073: candidate from memory, record confirmed by API",curator_d,2026-10-05
concrete,EMO-STRESS-002,,E,curator_d,confirmed,OpenAlex-pmid,,,,"Crossref search refused (429); OpenAlex record for PMID 16151536 (recalled) matches title, authors, year, venue, 30(5):319-325; OpenAlex shows DOI 10.1139/jpn.0541 which is not confirmed by Crossref - not added; PMID not added (PubMed not consulted)",curator_d,2026-10-05
concrete,EMO-THREAT-001,,E,curator_d,corrected,Crossref,10.1038/nprot.2012.001,,"doi, pages added","DOI verified against Crossref record; all other fields agree; D-073: candidate from memory, record confirmed by API",curator_d,2026-10-05
concrete,EMO-TOUCH-001,,E,curator_d,corrected,OpenAlex,10.1038/nn896,,"author list expanded, volume, issue, pages added","""et al."" expanded from OpenAlex record (OpenAlex lists PMID 12145636; not added)",curator_d,2026-10-05
concrete,EMO-WORD-001,,E,curator_d,corrected,OpenAlex,10.1111/j.1467-9280.2007.01924.x,,"pages added, author spelling (Junghöfer)","OpenAlex title field holds only ""Buzzwords""; full title kept from citation (OpenAlex lists PMID 17576257; not added)",curator_d,2026-10-05
concrete,SOC-ANIM-001,,E,curator_d,corrected,OpenAlex-pmid,10.1006/nimg.2000.0612,10944414,"doi, journal, volume, issue, pages added",title/authors/year agree; journal was missing,curator_d,2026-10-05
concrete,SOC-BIO-001,,E,curator_d,confirmed,OpenAlex,10.3758/bf03212378,,,all fields agree,curator_d,2026-10-05
concrete,SOC-CONF-001,,E,curator_d,confirmed,OpenAlex,10.1016/j.neuron.2008.11.027,19146819,,all fields agree,curator_d,2026-10-05
concrete,SOC-CYB-001,,E,curator_d,corrected,Crossref,10.1037/0022-3514.79.5.748,,"doi, issue added","DOI verified against Crossref record; D-073: candidate from memory, record confirmed by API",curator_d,2026-10-05
concrete,SOC-DICT-001,,E,curator_d,confirmed,OpenAlex,10.1006/game.1994.1021,,,all fields agree,curator_d,2026-10-05
concrete,SOC-DICT-002,,E,curator_d,confirmed,OpenAlex,10.1073/pnas.0604475103,17030808,,all fields agree,curator_d,2026-10-05
concrete,SOC-EYE-001,,E,curator_d,confirmed,OpenAlex,10.1016/j.neuroimage.2017.06.018,,,all fields agree (OpenAlex lists PMID 28619652; not added),curator_d,2026-10-05
concrete,SOC-GAZE-001,,E,curator_d,corrected,Crossref,10.3758/BF03208827,,"doi, authors, year, journal, volume, issue, pages added","title-only citation; DOI verified against Crossref record (title matches exactly); D-073: candidate from memory, record confirmed by API",curator_d,2026-10-05
concrete,SOC-GAZE-002,,E,curator_d,corrected,OpenAlex-pmid,10.1162/jocn.2009.21401,19929761,"doi, authors, year, volume, issue, pages added","title-only citation; OpenAlex publication year 2009 (online first), print issue 22(12) is 2010; year written as 2010",curator_d,2026-10-05
concrete,SOC-IAT-001,,E,curator_d,confirmed,OpenAlex,10.1037/0022-3514.74.6.1464,9654756,,all fields agree,curator_d,2026-10-05
concrete,SOC-IMIT-001,,E,curator_d,confirmed,OpenAlex,10.1006/brcg.2000.1225,11041986,,all fields agree (diacritic Wohlschläger only; not changed),curator_d,2026-10-05
concrete,SOC-JA-001,,E,curator_d,corrected,OpenAlex,10.1073/pnas.0611453104,,"author order (Tognoli first, Kelso last), doi, year, issue added","citation listed Kelso as first author and had no year; record: Tognoli E, Lagarde J, DeGuzman GC, Kelso JAS, 2007 (OpenAlex lists PMID 17470821; not added); D-073: candidate from memory, record confirmed by API",curator_d,2026-10-05
variant,SOC-JA-001,Hyperscanning: cooperative interaction tasks recorded simultaneously from two brains,E,curator_d,corrected,Crossref,10.1006/nimg.2002.1150,,"doi, author, issue added","Crossref and OpenAlex records both list a single author ""Montague P"" (the printed paper has more authors; full list not available from the record); D-073: candidate from memory, record confirmed by API",curator_d,2026-10-05
concrete,SOC-MORAL-001,,E,curator_d,confirmed,OpenAlex,10.1126/science.1062872,11557895,,all fields agree,curator_d,2026-10-05
concrete,SOC-NAME-001,,E,curator_d,confirmed,OpenAlex,10.1016/0168-5597(95)00116-a,,,all fields agree (OpenAlex lists PMID 7555920; not added),curator_d,2026-10-05
concrete,SOC-NAME-002,,E,curator_d,corrected,OpenAlex,10.1080/13554790902724904,,"volume, issue, pages added",same paper; volume/issue/pages added,curator_d,2026-10-05
concrete,SOC-PAIN-001,,E,curator_d,corrected,OpenAlex-pmid,10.1126/science.1093535,14976305,"doi, authors, year, volume, issue, pages added",title-only citation; OpenAlex record for the PMID matches title,curator_d,2026-10-05
concrete,SOC-PAIN-002,,E,curator_d,corrected,OpenAlex,10.1016/j.neuroimage.2004.09.006,,"doi, authors, year, journal, volume, issue, pages added","title-only citation; DOI recalled and verified against OpenAlex record (title matches exactly); OpenAlex publication year 2004 (online first), print issue 24(3) is 2005 - year written 2005 (OpenAlex lists PMID 15652312; not added); D-073: candidate from memory, record confirmed by API",curator_d,2026-10-05
concrete,SOC-RACE-001,,E,curator_d,corrected,OpenAlex-pmid,10.1037/0022-3514.85.4.616,14561116,doi added,all other fields agree,curator_d,2026-10-05
concrete,SOC-RME-001,,E,curator_d,corrected,OpenAlex,10.1111/1469-7610.00715,11280420,"volume, issue, pages added",same paper; volume/issue/pages added,curator_d,2026-10-05
concrete,SOC-SELF-001,,E,curator_d,confirmed,OpenAlex,10.1038/35053167,,,all fields agree (OpenAlex lists PMID 11201730; not added),curator_d,2026-10-05
concrete,SOC-SFB-001,,E,curator_d,confirmed,OpenAlex,10.1038/nn1728,,,all fields agree (issue 8 not in citation; OpenAlex lists PMID 16819523; not added),curator_d,2026-10-05
concrete,SOC-TOM-001,,E,curator_d,confirmed,OpenAlex,10.1016/0010-0277(83)90004-5,6681741,,"all fields agree; OpenAlex record lists only Wimmer as author, Perner retained from citation",curator_d,2026-10-05
variant,SOC-TOM-001,Sally-Anne doll version of the unexpected-transfer task,E,curator_d,corrected,OpenAlex,10.1016/0010-0277(85)90022-8,2934210,"volume, issue, pages added",same paper; volume/issue/pages added,curator_d,2026-10-05
concrete,SOC-TOM-002,,E,curator_d,confirmed,OpenAlex,10.1016/s1053-8119(03)00230-1,12948738,,all fields agree,curator_d,2026-10-05
concrete,SOC-TPP-001,,E,curator_d,corrected,OpenAlex,10.1016/S1090-5138(04)00005-4,,"doi, authors, issue added","citation had no authors; record: Fehr E, Fischbacher U; D-073: candidate from memory, record confirmed by API",curator_d,2026-10-05
concrete,SOC-TRUST-001,,E,curator_d,corrected,OpenAlex,10.1006/game.1995.1027,,"volume, issue, pages added",same paper; volume/issue/pages added,curator_d,2026-10-05
concrete,SOC-TRUST-002,,E,curator_d,corrected,OpenAlex,10.1016/s0896-6273(02)00755-9,12160756,"volume, issue, pages added",same paper; volume/issue/pages added,curator_d,2026-10-05
concrete,SOC-TRUST-003,,E,curator_d,corrected,OpenAlex,10.1126/science.1108062,15802598,"volume, issue, pages added","same paper; volume/issue/pages added (also applied to the hyperscanning variant, same source)",curator_d,2026-10-05
variant,SOC-TRUST-003,Hyperscanning: multi-round trust game with both players scanned,E,curator_d,corrected,OpenAlex,10.1126/science.1108062,15802598,"volume, issue, pages added","same paper; volume/issue/pages added (also applied to the hyperscanning variant, same source)",curator_d,2026-10-05
concrete,SOC-UG-001,,E,curator_d,corrected,OpenAlex,10.1016/0167-2681(82)90011-7,,"volume, issue, pages added, author spelling (Güth)",same paper; volume/issue/pages added,curator_d,2026-10-05
concrete,SOC-VPT-001,,E,curator_d,confirmed,OpenAlex,10.1162/jocn.2006.18.6.898,16839298,,all fields agree,curator_d,2026-10-05
concrete,SOC-WIT-001,,E,curator_d,corrected,OpenAlex,10.1037/0022-3514.81.2.181,11519925,"volume, issue, pages added",same paper; volume/issue/pages added,curator_d,2026-10-05
concrete,STA-ANES-001,,E,curator_d,corrected,OpenAlex,10.1007/bf01618421,7836975,"volume, issue, pages added",same paper; volume/issue/pages added,curator_d,2026-10-05
concrete,STA-CLAS-001,,E,curator_d,confirmed,OpenAlex,10.1016/j.neuron.2013.03.006,,,all fields agree (OpenAlex lists PMID 23583623; not added),curator_d,2026-10-05
concrete,STA-DREAM-001,,E,curator_d,confirmed,OpenAlex,10.1038/nn.4545,28394322,,all fields agree,curator_d,2026-10-05
concrete,STA-DRV-001,,E,curator_d,confirmed,OpenAlex,10.1109/TCSI.2005.857555,,,all fields agree,curator_d,2026-10-05
concrete,STA-DRV-002,,E,curator_d,tbd_resolved,OpenAlex,10.1088/1741-2552/aa5a98,,first_source written (was TBD),"candidate origin found by bibliographic search; content unverified. This is the paper the SEED homepage asks SEED-VIG users to cite (simulated driving, PERCLOS labels from eye tracking) (OpenAlex lists PMID 28102833; not added); D-073: candidate from memory, record confirmed by API",curator_d,2026-10-05
concrete,STA-ENG-001,,E,curator_d,corrected,OpenAlex,10.3389/fnhum.2012.00112,22623915,article number (112) added,same paper; article number added,curator_d,2026-10-05
concrete,STA-HYPN-001,,E,curator_d,corrected,OpenAlex,10.1093/cercor/bhw220,,"first author (Jiang H, not Spiegel), author list expanded, doi added","citation gave ""Spiegel DR et al.""; record first author is Jiang H, Spiegel D is last author; OpenAlex publication year 2016 (online first), print 27(8) is 2017 - year kept 2017 (OpenAlex lists PMID 27469596; not added); D-073: candidate from memory, record confirmed by API",curator_d,2026-10-05
concrete,STA-MATB-001,,E,curator_d,not_found,Crossref-search,,,,Crossref bibliographic search (query: multi-attribute task battery ... Comstock) returns only later studies using the MATB (Caldwell & Ramspott 1998; Lam et al. 2022); the NASA TM 104174 (NTRS 19920007912) has no Crossref record,curator_d,2026-10-05
concrete,STA-MED-001,,E,curator_d,corrected,OpenAlex,10.1111/j.1440-1819.1966.tb02646.x,,"replaced 1973 reprint record with the 1966 original: authors (order Kasamatsu, Hirai), journal, year, volume, issue, pages, doi","YAML cited the 1973 reprint in J Am Inst Hypnosis 14(3):107-114 (no Crossref record searched); the 1966 original flagged in notes as unverified is now bibliographically verified via OpenAlex (record container shows the current journal title Psychiatry and Clinical Neurosciences; the 1966 volume was published as Folia Psychiatrica et Neurologica Japonica; OpenAlex lists PMID 6013341; not added). Replacement per D-031 (earliest description). Maintainer to confirm.; D-073: candidate from memory, record confirmed by API",curator_d,2026-10-05
concrete,STA-MW-001,,E,curator_d,confirmed,OpenAlex,10.1111/j.2164-0947.1970.tb02056.x,5265228,,"all fields agree (record title ""Mindwandering and cognitive structure"")",curator_d,2026-10-05
concrete,STA-MW-002,,E,curator_d,not_found,Crossref-search,,,,"Crossref search top hit is a 2001 PsycEXTRA conference record ""Zoning out during reading: evidence for dissociations between experience and meta-awareness"" by Schooler JW, Reichle ED, Halpern DV (10.1037/e537102012-143), not the book chapter; title and year do not match the cited chapter, so nothing written; authorship lead for maintainer",curator_d,2026-10-05
concrete,STA-NF-001,,E,curator_d,corrected,OpenAlex,10.1016/0013-4694(72)90028-4,,"doi added, author initials (Sterman MB)","DOI recalled and verified against OpenAlex record; all other fields agree (OpenAlex lists PMID 4113278; not added); D-073: candidate from memory, record confirmed by API",curator_d,2026-10-05
concrete,STA-NF-002,,E,curator_d,corrected,OpenAlex,10.1016/S1053-8119(03)00145-9,,author list expanded (et al. -> Birbaumer N),"same paper; ""et al."" expanded (OpenAlex lists PMID 12880789; not added)",curator_d,2026-10-05
variant,STA-NF-002,fNIRS haemodynamic neurofeedback,E,curator_d,corrected,OpenAlex-pmid,10.1098/rstb.2023.0087,39428887,"doi, authors, year, volume, issue, article number added","title-only citation; record is a perspective/review, not an origin study",curator_d,2026-10-05
concrete,STA-PSY-001,,E,curator_d,corrected,OpenAlex,10.1073/pnas.1518377113,,author list expanded (26 authors),"same paper; ""et al."" expanded from record (OpenAlex lists PMID 27071089; not added)",curator_d,2026-10-05
concrete,STA-PVT-001,,E,curator_d,corrected,OpenAlex,10.3758/bf03200977,,"volume, issue, pages added",same paper; volume/issue/pages added,curator_d,2026-10-05
concrete,STA-REST-001,,E,curator_d,corrected,Crossref,10.1002/mrm.1910340409,,"volume, issue, pages added","same paper; volume/issue/pages added; OpenAlex record for this DOI is corrupted (wrong title/author), Crossref record used",curator_d,2026-10-05
concrete,STA-REST-002,,E,curator_d,corrected,Crossref,10.1016/j.clinph.2007.07.028,17911042,"volume, issue, pages added",same paper; volume/issue/pages added,curator_d,2026-10-05
concrete,STA-SCP-001,,E,curator_d,tbd_resolved,OpenAlex,10.1016/0013-4694(80)90265-5,,first_source written (was TBD),"candidate origin found by bibliographic search; content unverified. Elbert, Rockstroh, Lutzenberger & Birbaumer 1980 is an original study of operant SCP biofeedback (the ""memory-only lead"" named in the notes), 12 years earlier than the 1992 records R1333/R1334 (OpenAlex lists PMID 6153348; not added); D-073: candidate from memory, record confirmed by API",curator_d,2026-10-05
concrete,STA-SCP-002,,E,curator_d,confirmed,Crossref,10.1038/18581,,,all fields agree,curator_d,2026-10-05
concrete,STA-SLP-001,,E,curator_d,not_found,Crossref-search,,,,Crossref search (Rechtschaffen Kales 1968 manual) returns only papers citing the manual; the manual itself has no Crossref record,curator_d,2026-10-05
concrete,STA-SLP-002,,E,curator_d,not_found,Crossref-search,,,,"Crossref search (AASM Manual Scoring Sleep 2007 Iber) returns only commentaries (Schulz 2007, Collop 2012); the manual has no Crossref record",curator_d,2026-10-05
class,EMO-APRIME,,E,curator_d,corrected,Crossref,10.1037/0022-3514.50.2.229,,"volume, issue, pages added",same paper; citation lacked volume/issue/pages,curator_d,2026-10-05
class,EMO-AUTO,,E,curator_d,confirmed,OpenAlex,10.1037/0021-843x.95.2.144,3711438,,"Crossref 429, OpenAlex record used; all fields agree",curator_d,2026-10-05
class,EMO-DOT,,E,curator_d,confirmed,Crossref,10.1037/0021-843x.95.1.15,,,all fields agree,curator_d,2026-10-05
class,EMO-EST,,E,curator_d,tbd_resolved,OpenAlex,10.1037/0022-3514.47.2.427,,first_source written (was TBD),"candidate origin found by bibliographic search; content unverified. Gotlib & McCann 1984 (Experiment 1: colour-naming of depressed-, neutral- and manic-content words) is the earliest emotional-Stroop study cited by the Williams, Mathews & MacLeod 1996 review (R0137); Watts et al. 1986 (phobia-related words) is the other early candidate, not fetched; D-073: candidate from memory, record confirmed by API",curator_d,2026-10-05
class,EMO-FACE,,E,curator_d,corrected,Crossref-search,10.1097/00001756-200203250-00013,11930154,"doi, authors, year, volume, issue, pages added",title-only citation; Crossref bibliographic search top hit matches title exactly,curator_d,2026-10-05
class,EMO-FC,,E,curator_d,corrected,OpenAlex-pmid,10.1016/s0896-6273(00)80475-4,9620698,"doi, authors, year, volume, issue, pages added",title-only citation; OpenAlex record for the PMID matches title,curator_d,2026-10-05
class,EMO-FILM,,E,curator_d,corrected,Crossref,10.1080/02699939508408966,,"authors, year, volume, issue, pages added",title-only citation; completed from Crossref record,curator_d,2026-10-05
class,EMO-HUMOR,,E,curator_d,corrected,OpenAlex-pmid,10.1016/s0896-6273(03)00751-7,14659102,"doi, volume, issue, pages added",title/authors/year/venue agree,curator_d,2026-10-05
class,EMO-IAPS,,E,curator_d,corrected,OpenAlex-pmid,10.1016/s0301-0511(99)00044-7,10699350,"doi, authors, year, volume, issue, pages added",title-only citation; OpenAlex record for the PMID matches title,curator_d,2026-10-05
class,EMO-MID,,E,curator_d,corrected,OpenAlex,10.1006/nimg.2000.0593,10875899,"author list expanded, volume, issue, pages added","Crossref 429, OpenAlex record used; ""et al."" expanded to full author list",curator_d,2026-10-05
class,EMO-REG,,E,curator_d,confirmed,Crossref,10.1162/089892902760807212,12495527,,all fields agree,curator_d,2026-10-05
class,EMO-SOUND,,E,curator_d,confirmed,OpenAlex,10.1097/wnr.0b013e3282f454db,,,"Crossref 429, OpenAlex record used; all fields agree (OpenAlex lists PMID 18185110; not added, PubMed not consulted)",curator_d,2026-10-05
class,EMO-STRESS,,E,curator_d,corrected,OpenAlex,10.1159/000119004,,doi added,"DOI verified against OpenAlex record; OpenAlex publication_year shows 2008 (Karger online re-release), volume 28 is 1993 - year kept 1993 (OpenAlex lists PMID 8255414; not added); D-073: candidate from memory, record confirmed by API",curator_d,2026-10-05
class,EMO-THREAT,,E,curator_d,corrected,Crossref,10.1038/nprot.2012.001,,"doi, pages added","DOI verified against Crossref record; all other fields agree; D-073: candidate from memory, record confirmed by API",curator_d,2026-10-05
class,EMO-TOUCH,,E,curator_d,corrected,OpenAlex,10.1038/nn896,,"author list expanded, volume, issue, pages added","""et al."" expanded from OpenAlex record (OpenAlex lists PMID 12145636; not added)",curator_d,2026-10-05
class,EMO-WORD,,E,curator_d,corrected,OpenAlex,10.1111/j.1467-9280.2007.01924.x,,"pages added, author spelling (Junghöfer)","OpenAlex title field holds only ""Buzzwords""; full title kept from citation (OpenAlex lists PMID 17576257; not added)",curator_d,2026-10-05
class,SOC-ANIM,,E,curator_d,corrected,OpenAlex-pmid,10.1006/nimg.2000.0612,10944414,"doi, journal, volume, issue, pages added",title/authors/year agree; journal was missing,curator_d,2026-10-05
class,SOC-BIO,,E,curator_d,confirmed,OpenAlex,10.3758/bf03212378,,,all fields agree,curator_d,2026-10-05
class,SOC-CONF,,E,curator_d,confirmed,OpenAlex,10.1016/j.neuron.2008.11.027,19146819,,all fields agree,curator_d,2026-10-05
class,SOC-CYB,,E,curator_d,corrected,Crossref,10.1037/0022-3514.79.5.748,,"doi, issue added","DOI verified against Crossref record; D-073: candidate from memory, record confirmed by API",curator_d,2026-10-05
class,SOC-DICT,,E,curator_d,confirmed,OpenAlex,10.1006/game.1994.1021,,,all fields agree,curator_d,2026-10-05
class,SOC-EYE,,E,curator_d,confirmed,OpenAlex,10.1016/j.neuroimage.2017.06.018,,,all fields agree (OpenAlex lists PMID 28619652; not added),curator_d,2026-10-05
class,SOC-GAZE,,E,curator_d,corrected,Crossref,10.3758/BF03208827,,"doi, authors, year, journal, volume, issue, pages added","title-only citation; DOI verified against Crossref record (title matches exactly); D-073: candidate from memory, record confirmed by API",curator_d,2026-10-05
class,SOC-IAT,,E,curator_d,confirmed,OpenAlex,10.1037/0022-3514.74.6.1464,9654756,,all fields agree,curator_d,2026-10-05
class,SOC-IMIT,,E,curator_d,confirmed,OpenAlex,10.1006/brcg.2000.1225,11041986,,all fields agree (diacritic Wohlschläger only; not changed),curator_d,2026-10-05
class,SOC-JA,,E,curator_d,corrected,OpenAlex,10.1073/pnas.0611453104,,"author order (Tognoli first, Kelso last), doi, year, issue added","citation listed Kelso as first author and had no year; record: Tognoli E, Lagarde J, DeGuzman GC, Kelso JAS, 2007 (OpenAlex lists PMID 17470821; not added); D-073: candidate from memory, record confirmed by API",curator_d,2026-10-05
class,SOC-MORAL,,E,curator_d,confirmed,OpenAlex,10.1126/science.1062872,11557895,,all fields agree,curator_d,2026-10-05
class,SOC-NAME,,E,curator_d,confirmed,OpenAlex,10.1016/0168-5597(95)00116-a,,,all fields agree (OpenAlex lists PMID 7555920; not added),curator_d,2026-10-05
class,SOC-PAIN,,E,curator_d,corrected,OpenAlex-pmid,10.1126/science.1093535,14976305,"doi, authors, year, volume, issue, pages added",title-only citation; OpenAlex record for the PMID matches title,curator_d,2026-10-05
class,SOC-RACE,,E,curator_d,corrected,OpenAlex-pmid,10.1037/0022-3514.85.4.616,14561116,doi added,all other fields agree,curator_d,2026-10-05
class,SOC-RME,,E,curator_d,corrected,OpenAlex,10.1111/1469-7610.00715,11280420,"volume, issue, pages added",same paper; volume/issue/pages added,curator_d,2026-10-05
class,SOC-SELF,,E,curator_d,confirmed,OpenAlex,10.1038/35053167,,,all fields agree (OpenAlex lists PMID 11201730; not added),curator_d,2026-10-05
class,SOC-SFB,,E,curator_d,confirmed,OpenAlex,10.1038/nn1728,,,all fields agree (issue 8 not in citation; OpenAlex lists PMID 16819523; not added),curator_d,2026-10-05
class,SOC-TOM,,E,curator_d,confirmed,OpenAlex,10.1016/0010-0277(83)90004-5,6681741,,"all fields agree; OpenAlex record lists only Wimmer as author, Perner retained from citation",curator_d,2026-10-05
class,SOC-TPP,,E,curator_d,corrected,OpenAlex,10.1016/S1090-5138(04)00005-4,,"doi, authors, issue added","citation had no authors; record: Fehr E, Fischbacher U; D-073: candidate from memory, record confirmed by API",curator_d,2026-10-05
class,SOC-TRUST,,E,curator_d,corrected,OpenAlex,10.1006/game.1995.1027,,"volume, issue, pages added",same paper; volume/issue/pages added,curator_d,2026-10-05
class,SOC-UG,,E,curator_d,corrected,OpenAlex,10.1016/0167-2681(82)90011-7,,"volume, issue, pages added, author spelling (Güth)",same paper; volume/issue/pages added,curator_d,2026-10-05
class,SOC-VPT,,E,curator_d,confirmed,OpenAlex,10.1162/jocn.2006.18.6.898,16839298,,all fields agree,curator_d,2026-10-05
class,SOC-WIT,,E,curator_d,corrected,OpenAlex,10.1037/0022-3514.81.2.181,11519925,"volume, issue, pages added",same paper; volume/issue/pages added,curator_d,2026-10-05
class,STA-ANES,,E,curator_d,corrected,OpenAlex,10.1007/bf01618421,7836975,"volume, issue, pages added",same paper; volume/issue/pages added,curator_d,2026-10-05
class,STA-CLAS,,E,curator_d,confirmed,OpenAlex,10.1016/j.neuron.2013.03.006,,,all fields agree (OpenAlex lists PMID 23583623; not added),curator_d,2026-10-05
class,STA-DREAM,,E,curator_d,confirmed,OpenAlex,10.1038/nn.4545,28394322,,all fields agree,curator_d,2026-10-05
class,STA-DRV,,E,curator_d,confirmed,OpenAlex,10.1109/TCSI.2005.857555,,,all fields agree,curator_d,2026-10-05
class,STA-ENG,,E,curator_d,corrected,OpenAlex,10.3389/fnhum.2012.00112,22623915,article number (112) added,same paper; article number added,curator_d,2026-10-05
class,STA-HYPN,,E,curator_d,corrected,OpenAlex,10.1093/cercor/bhw220,,"first author (Jiang H, not Spiegel), author list expanded, doi added","citation gave ""Spiegel DR et al.""; record first author is Jiang H, Spiegel D is last author; OpenAlex publication year 2016 (online first), print 27(8) is 2017 - year kept 2017 (OpenAlex lists PMID 27469596; not added); D-073: candidate from memory, record confirmed by API",curator_d,2026-10-05
class,STA-MATB,,E,curator_d,not_found,Crossref-search,,,,Crossref bibliographic search (query: multi-attribute task battery ... Comstock) returns only later studies using the MATB (Caldwell & Ramspott 1998; Lam et al. 2022); the NASA TM 104174 (NTRS 19920007912) has no Crossref record,curator_d,2026-10-05
class,STA-MED,,E,curator_d,corrected,OpenAlex,10.1111/j.1440-1819.1966.tb02646.x,,"replaced 1973 reprint record with the 1966 original: authors (order Kasamatsu, Hirai), journal, year, volume, issue, pages, doi","YAML cited the 1973 reprint in J Am Inst Hypnosis 14(3):107-114 (no Crossref record searched); the 1966 original flagged in notes as unverified is now bibliographically verified via OpenAlex (record container shows the current journal title Psychiatry and Clinical Neurosciences; the 1966 volume was published as Folia Psychiatrica et Neurologica Japonica; OpenAlex lists PMID 6013341; not added). Replacement per D-031 (earliest description). Maintainer to confirm.; D-073: candidate from memory, record confirmed by API",curator_d,2026-10-05
class,STA-MW,,E,curator_d,confirmed,OpenAlex,10.1111/j.2164-0947.1970.tb02056.x,5265228,,"all fields agree (record title ""Mindwandering and cognitive structure"")",curator_d,2026-10-05
class,STA-NF,,E,curator_d,corrected,OpenAlex,10.1016/0013-4694(72)90028-4,,"doi added, author initials (Sterman MB)","DOI recalled and verified against OpenAlex record; all other fields agree (OpenAlex lists PMID 4113278; not added); D-073: candidate from memory, record confirmed by API",curator_d,2026-10-05
class,STA-PSY,,E,curator_d,corrected,OpenAlex,10.1073/pnas.1518377113,,author list expanded (26 authors),"same paper; ""et al."" expanded from record (OpenAlex lists PMID 27071089; not added)",curator_d,2026-10-05
class,STA-PVT,,E,curator_d,corrected,OpenAlex,10.3758/bf03200977,,"volume, issue, pages added",same paper; volume/issue/pages added,curator_d,2026-10-05
class,STA-REST,,E,curator_d,corrected,Crossref,10.1002/mrm.1910340409,,"volume, issue, pages added","same paper; volume/issue/pages added; OpenAlex record for this DOI is corrupted (wrong title/author), Crossref record used",curator_d,2026-10-05
class,STA-SCP,,E,curator_d,confirmed,Crossref,10.1038/18581,,,all fields agree,curator_d,2026-10-05
class,STA-SLP,,E,curator_d,not_found,Crossref-search,,,,Crossref search (Rechtschaffen Kales 1968 manual) returns only papers citing the manual; the manual itself has no Crossref record,curator_d,2026-10-05
