ref_id,authors,year,title,venue,doi,pmid,pmcid,url,found_via,source_page,paradigms,verified,qa_flag
R0001,"Javal, É",1878,Essai sur la physiologie de la lecture,Annales d'oculistique,,,,,wikipedia,https://en.wikipedia.org/wiki/Saccade,MOT-SACC-001,false,weak_origin
R0002,Stroop JR,1935,Studies of interference in serial verbal reactions,Journal of Experimental Psychology 18(6),10.1037/h0054651,,,https://psychclassics.yorku.ca/Stroop/,hed_catalog;web_search,https://www.hedtags.org/hed-task/tasks/hedtsk_stroop_color_word.html,CTL-STR-001,false,
R0003,Rosvold HE et al.,1956,A continuous performance test of brain damage,Journal of Consulting Psychology 20(5),10.1037/h0043220,13367264,,https://www.hedtags.org/hed-task/tasks/hedtsk_continuous_performance.html,hed_catalog;web_search,https://www.hedtags.org/hed-task/tasks/hedtsk_continuous_performance.html,CTL-CPT-001,false,
R0004,"Miller, G. A.",1956,"The magical number seven, plus or minus two: Some limits on our capacity for processing information","Psychological Review, 63(2), 81–97",10.1037/h0043158,13310704,,https://doi.org/10.1037/h0043158,hed_catalog,https://www.hedtags.org/hed-task/tasks/hedtsk_digit_span.html,MEM-DS-001,false,
R0005,"Reitan, R. M.",1958,Validity of the Trail Making Test as an indicator of organic brain damage,Perceptual and Motor Skills,10.2466/pms.1958.8.3.271,,,https://doi.org/10.2466/pms.1958.8.3.271,hed_catalog,https://www.hedtags.org/hed-task/tasks/hedtsk_trail_making.html,CTL-TMT-001,false,
R0006,Deese J,1959,On the prediction of occurrence of particular verbal intrusions in immediate recall,Journal of Experimental Psychology 58(1),10.1037/h0046671,13664879,,https://pubmed.ncbi.nlm.nih.gov/13664879/,web_search,,MEM-DRM-001,false,
R0007,"von Békésy G, Wever EG",1960,Experiments in hearing,New York: McGraw-Hill,,,,,wikipedia,https://en.wikipedia.org/wiki/Tonotopy,PER-TON-001,false,
R0008,"Mednick, S. A.",1962,The associative basis of the creative process,Psychological Review,10.1037/h0048850,14472013,,https://doi.org/10.1037/h0048850,hed_catalog,https://www.hedtags.org/hed-task/tasks/hedtsk_remote_associates.html,CTL-RAT-001,false,
R0009,Sperry R. W.,1963,Chemoaffinity in the Orderly Growth of Nerve Fiber Patterns and Connections,Proceedings of the National Academy of Sciences of the United States of America,10.1073/pnas.50.4.703,14077501,,https://doi.org/10.1073/pnas.50.4.703,wikipedia,https://en.wikipedia.org/wiki/Retinotopy,PER-RET-001,false,
R0010,Walter WG et al.,1964,Contingent Negative Variation: an electric sign of sensorimotor association and expectancy in the human brain,Nature 203(4943),10.1038/203380a0,14197376,,https://pubmed.ncbi.nlm.nih.gov/14197376/,web_search,,CTL-CNV-001,false,
R0011,"Sutton, S., Braren, M., Zubin, J., & John, E. R.",1965,Evoked-potential correlates of stimulus uncertainty,Science,10.1126/science.150.3700.1187,5852977,,https://doi.org/10.1126/science.150.3700.1187,hed_catalog;web_search,https://wikidp.org/Q28256736 ; https://www.hedtags.org/hed-task/tasks/hedtsk_oddball.html,PER-ODD-001,false,
R0012,"Kornhuber, Hans H.; Deecke, Lüder",1965,Hirnpotentialänderungen bei Willkürbewegungen und passiven Bewegungen des Menschen: Bereitschaftspotential und reafferente Potentiale,Pflügers Archiv für die gesamte Physiologie des Menschen und der Tiere,10.1007/bf00412364,,,https://link.springer.com/doi/10.1007/BF00412364,web_search;wikipedia,https://en.wikipedia.org/wiki/Bereitschaftspotential,MOT-MRCP-001;STA-SCP-001,false,
R0013,"Hart, J. T.",1965,Memory and the feeling-of-knowing experience,"Journal of Educational Psychology, 56(4), 208-216",10.1037/h0022263,5825050,,https://doi.org/10.1037/h0022263,hed_catalog,https://www.hedtags.org/hed-task/tasks/hedtsk_feeling_of_knowing.html,MEM-META-001,false,
R0014,Sternberg S,1966,High-speed scanning in human memory,Science 153(3736),10.1126/science.153.3736.652,5939936,,https://pubmed.ncbi.nlm.nih.gov/5939936/,hed_catalog;web_search,https://www.hedtags.org/hed-task/tasks/hedtsk_sternberg_item_recognition.html,MEM-SB-001,false,
R0015,"Wason, P. C.",1966,Reasoning,New Horizons in Psychology,,,,,hed_catalog,https://www.hedtags.org/hed-task/tasks/hedtsk_wason_selection.html,CTL-WASON-001,false,
R0016,"Simon JR, Rudell AP",1967,Auditory S-R compatibility: The effect of an irrelevant cue on information processing,Journal of Applied Psychology 51(3),10.1037/h0020586,6045637,,https://www.hedtags.org/hed-task/tasks/hedtsk_simon.html,hed_catalog;web_search,https://www.hedtags.org/hed-task/tasks/hedtsk_simon.html,CTL-SIM-001,false,
R0017,"Reber, A. S.",1967,Implicit learning of artificial grammars,"Journal of Verbal Learning and Verbal Behavior, 6(6), 855–863",10.1016/s0022-5371(67)80149-x,,,https://doi.org/10.1016/s0022-5371(67)80149-x,hed_catalog,https://www.hedtags.org/hed-task/tasks/hedtsk_artificial_grammar_learning.html,LAN-AGL-001,false,
R0018,"Sternberg, S.",1969,Memory-scanning: Mental processes revealed by reaction-time experiments,American Scientist,,,,,hed_catalog,https://www.hedtags.org/hed-task/tasks/hedtsk_sternberg_item_recognition.html,MEM-SB-001,false,
R0019,Donders FC,1969 (orig. 1868),On the speed of mental processes,Acta Psychologica 30,10.1016/0001-6918(69)90065-1,5811531,,https://pubmed.ncbi.nlm.nih.gov/5811531/,hed_catalog;web_search,https://www.hedtags.org/hed-task/tasks/hedtsk_go_no_go.html,CTL-GNG-001,false,
R0020,"Antrobus, J.S.; Singer, J.L.; Goldstein, S.; Fortgang, M.",1970,Mind-wandering and cognitive structure,Transactions of the New York Academy of Sciences 32 (2): 242–252,10.1111/j.2164-0947.1970.tb02056.x,5265228,,https://doi.org/10.1111/j.2164-0947.1970.tb02056.x,wikipedia,https://en.wikipedia.org/wiki/Mind-wandering,STA-MW-001,false,
R0021,Bjork RA,1970,Positive forgetting: The noninterference of items intentionally forgotten,Journal of Verbal Learning and Verbal Behavior 9(3),10.1016/s0022-5371(70)80059-7,,,https://www.hedtags.org/hed-task/tasks/hedtsk_directed_forgetting.html,hed_catalog;web_search,https://www.hedtags.org/hed-task/tasks/hedtsk_directed_forgetting.html,MEM-DF-001,false,
R0022,"Meyer, D. E., & Schvaneveldt, R. W.",1971,Facilitation in recognizing pairs of words: Evidence of a dependence between retrieval operations,"Journal of Experimental Psychology, 90(2), 227-234",10.1037/h0031564,5134329,,https://doi.org/10.1037/h0031564,hed_catalog,https://www.hedtags.org/hed-task/tasks/hedtsk_lexical_decision.html ; https://www.hedtags.org/hed-task/tasks/hedtsk_semantic_priming.html,LAN-LDT-001;LAN-PRIME-001,false,
R0023,Milner B,1971,Interhemispheric differences in the localization of psychological processes in man,British Medical Bulletin 27(3),10.1093/oxfordjournals.bmb.a070866,4937273,,https://pubmed.ncbi.nlm.nih.gov/4937273/,hed_catalog;web_search,https://www.hedtags.org/hed-task/tasks/hedtsk_corsi_block_tapping.html,MEM-SWM-001,false,
R0024,"Shepard, R. N., & Metzler, J.",1971,Mental rotation of three-dimensional objects,"Science, 171(3972), 701-703",10.1126/science.171.3972.701,5540314,,https://doi.org/10.1126/science.171.3972.701,hed_catalog;web_search;wikipedia,https://en.wikipedia.org/wiki/Mental_image ; https://serc.carleton.edu/resources/1037.html ; https://www.hedtags.org/hed-task/tasks/hedtsk_mental_rotation.html,IMG-ROT-001;IMG-VIS-001,false,off_topic (for IMG-VIS-001 only)
R0025,"Fuster JM, Alexander GE",1971,Neuron activity related to short-term memory,Science 173(3997),10.1126/science.173.3997.652,4998337,,https://pubmed.ncbi.nlm.nih.gov/4998337/,hed_catalog;web_search,https://www.hedtags.org/hed-task/tasks/hedtsk_delayed_match_to_sample.html,MEM-DMS-001,false,
R0026,Tecce JJ,1972,Contingent negative variation (CNV) and psychological processes in man,Psychological Bulletin 77(2),10.1037/h0032177,4621420,,https://pubmed.ncbi.nlm.nih.gov/4621420/,web_search,,CTL-CNV-001,false,
R0027,Stevens SS,1972,Georg von Békésy,Physics Today,10.1063/1.3071029,,,https://doi.org/10.1063/1.3071029,wikipedia,https://en.wikipedia.org/wiki/Tonotopy,PER-TON-001,false,
R0028,"Corsi, P. M.",1972,Human memory and the medial temporal region of the brain,"Unpublished doctoral dissertation, McGill University",,,,,hed_catalog,https://www.hedtags.org/hed-task/tasks/hedtsk_corsi_block_tapping.html,MEM-SWM-001,false,
R0029,"Johansson, G.",1973,Visual perception of biological motion and a model for its analysis,"Perception & Psychophysics, 14(2), 201-211",10.3758/bf03212378,,,https://doi.org/10.3758/bf03212378,hed_catalog,https://www.hedtags.org/hed-task/tasks/hedtsk_biological_motion_perception.html,SOC-BIO-001,false,
R0030,"Eriksen BA, Eriksen CW",1974,Effects of noise letters upon the identification of a target letter in a nonsearch task,Perception & Psychophysics 16(2),10.3758/bf03203267,,,https://wikidp.org/Q29540789,hed_catalog;web_search,https://www.hedtags.org/hed-task/tasks/hedtsk_eriksen_flanker.html,CTL-FLK-001,false,
R0031,"Phillips, W.A.",1974,On the distinction between sensory storage and short-term visual memory,Perception & Psychophysics 16(2): 283–290,10.3758/bf03203943,,,https://doi.org/10.3758/bf03203943,wikipedia,https://en.wikipedia.org/wiki/Visual_short-term_memory,MEM-CD-001;MEM-RC-001,false,misassigned (moved from MEM-RC-001 to MEM-CD-001)
R0032,"Collins, A. M., & Loftus, E. F.",1975,A spreading-activation theory of semantic processing,Psychological Review,10.1037/0033-295x.82.6.407,,,https://doi.org/10.1037/0033-295x.82.6.407,hed_catalog,https://www.hedtags.org/hed-task/tasks/hedtsk_semantic_priming.html,LAN-PRIME-001,false,
R0033,Rayner K.,1975,"Eye movements, perceptual span, and reading disability","Annals of Dyslexia, 33(1), 163–73",10.1007/bf02648003,,,https://doi.org/10.1007/bf02648003,wikipedia,https://en.wikipedia.org/wiki/Eye_movement_in_reading,LAN-READ-001,false,behaviour_only
R0034,"Bahill, A. Terry; Clark, Michael R.; Stark, Lawrence",1975,"The Main Sequence, A Tool for Studying Human Eye Movements",Mathematical Biosciences,10.1016/0025-5564(75)90075-9,,,https://doi.org/10.1016/0025-5564(75)90075-9,wikipedia,https://en.wikipedia.org/wiki/Saccade,MOT-SACC-001,false,
R0035,"McGurk, H.; MacDonald, J.",1976,Hearing lips and seeing voices,Nature 264 (5588): 746–748,10.1038/264746a0,1012311,,https://doi.org/10.1038/264746a0,wikipedia,https://en.wikipedia.org/wiki/McGurk_effect,PER-MSI-001,false,
R0036,"Ekman, P., & Friesen, W. V.",1976,Pictures of Facial Affect,Consulting Psychologists Press,,,,,hed_catalog,https://www.hedtags.org/hed-task/tasks/hedtsk_facial_emotion_recognition.html,EMO-FACE-001,false,
R0037,"Olton, D. S., & Samuelson, R. J.",1976,Remembrance of places passed: Spatial memory in rats,Journal of Experimental Psychology: Animal Behavior Processes,10.1037/0097-7403.2.2.97,,,https://doi.org/10.1037/0097-7403.2.2.97,hed_catalog,https://www.hedtags.org/hed-task/tasks/hedtsk_virtual_radial_arm_maze.html,MEM-NAV-001;MEM-NAV-002,false,
R0038,"Potter, M. C.",1976,Short-term conceptual memory for pictures,Journal of Experimental Psychology: Human Learning and Memory,10.1037/0278-7393.2.5.509,1003124,,https://doi.org/10.1037/0278-7393.2.5.509,hed_catalog,https://www.hedtags.org/hed-task/tasks/hedtsk_rapid_serial_visual_presentation.html,PER-RSVP-001;PER-ODD-001;PER-ODD-004,false,
R0039,"Deecke, L.; Grözinger, B.; Kornhuber, H.H.",1976,Voluntary finger movement in man: Cerebral potentials and theory,Biol Cybern,10.1007/bf00336013,949512,,https://doi.org/10.1007/bf00336013,wikipedia,https://en.wikipedia.org/wiki/Bereitschaftspotential,STA-SCP-001,false,
R0040,"Navon, D.",1977,Forest before trees: The precedence of global features in visual perception,"Cognitive Psychology, 9(3), 353–383",10.1016/0010-0285(77)90012-3,,,https://doi.org/10.1016/0010-0285(77)90012-3,hed_catalog,https://www.hedtags.org/hed-task/tasks/hedtsk_navon.html,PER-NAVON-001,false,
R0041,"Whitehead, W. E., Drescher, V. M., Heiman, P., & Blackwell, B.",1977,Relation of heart rate control to heartbeat perception,"Biofeedback and Self-Regulation, 2(4), 371-392",10.1007/bf00998623,612350,,https://doi.org/10.1007/bf00998623,hed_catalog,https://www.hedtags.org/hed-task/tasks/hedtsk_heartbeat_detection.html,PER-HBD-001,false,
R0042,"Rogers, T. B., Kuiper, N. A., & Kirker, W. S.",1977,Self-reference and the encoding of personal information,Journal of Personality and Social Psychology,10.1037/0022-3514.35.9.677,,,https://doi.org/10.1037/0022-3514.35.9.677,hed_catalog,https://www.hedtags.org/hed-task/tasks/hedtsk_self_referential_encoding.html,MEM-SRE-001,false,
R0043,"Neely, J. H.",1977,Semantic priming and retrieval from lexical memory: Roles of inhibitionless spreading activation and limited-capacity attention,"Journal of Experimental Psychology: General, 106(3), 226-254",10.1037/0096-3445.106.3.226,,,https://doi.org/10.1037/0096-3445.106.3.226,hed_catalog,https://www.hedtags.org/hed-task/tasks/hedtsk_lexical_decision.html,LAN-LDT-001,false,
R0044,"Naatanen, R., Gaillard, A. W. K., & Mantysalo, S.",1978,Early selective-attention effect on evoked potential reinterpreted,"Acta Psychologica, 42(4), 313-329",10.1016/0001-6918(78)90006-9,685709,,https://doi.org/10.1016/0001-6918(78)90006-9,hed_catalog,https://www.hedtags.org/hed-task/tasks/hedtsk_mismatch_negativity.html,PER-MMN-001,false,
R0045,Hallett PE,1978,Primary and secondary saccades to goals defined by instructions,Vision Research 18(11),10.1016/0042-6989(78)90218-3,726270,,https://www.hedtags.org/hed-task/tasks/hedtsk_anti_saccade.html,hed_catalog;web_search,https://www.hedtags.org/hed-task/tasks/hedtsk_anti_saccade.html,CTL-AS-001,false,
R0046,"Freeman, Walter J",1978,Spatial properties of an EEG event in the olfactory bulb and cortex,Electroencephalography and Clinical Neurophysiology 44 (5): 586–605,10.1016/0013-4694(78)90126-8,77765,,https://doi.org/10.1016/0013-4694(78)90126-8,wikipedia,https://en.wikipedia.org/wiki/Olfaction,PER-OLF-001,false,animal_study
R0047,"Treisman, A., & Gelade, G.",1980,A feature-integration theory of attention,Cognitive Psychology,10.1016/0010-0285(80)90005-5,7351125,,https://doi.org/10.1016/0010-0285(80)90005-5,hed_catalog,https://www.hedtags.org/hed-task/tasks/hedtsk_visual_search.html,PER-VS-001,false,
R0048,"Just, M.A., & Carpenter, P.A.",1980,A theory of reading: from eye fixations to comprehension,"Psychological review, 87(4), 329",,,,,wikipedia,https://en.wikipedia.org/wiki/Eye_movement_in_reading,LAN-READ-001,false,behaviour_only
R0049,"Posner, M. I.",1980,Orienting of attention,Quarterly Journal of Experimental Psychology,10.1080/00335558008248231,7367577,,https://doi.org/10.1080/00335558008248231,hed_catalog,https://www.hedtags.org/hed-task/tasks/hedtsk_posner_spatial_cueing.html,PER-CUE-001;PER-CUE-002,false,
R0050,Posner MI,1980,Posner MI. (1980). Orienting of attention. The Quarterly journal of experimental psychology. 32,The Quarterly Journal of Experimental Psychology,,,,https://modeldb.science/citations/115853,web_search,,PER-CUE-001,false,
R0051,Mandler G,1980,Recognizing: The judgment of previous occurrence,Psychological Review 87(3),10.1037/0033-295x.87.3.252,,,https://www.hedtags.org/hed-task/tasks/hedtsk_old_new_recognition_memory.html,hed_catalog;web_search,https://www.hedtags.org/hed-task/tasks/hedtsk_old_new_recognition_memory.html,MEM-ON-001,false,
R0052,"Schandry, R.",1981,Heart beat perception and emotional experience,"Psychophysiology, 18(4), 483-488",10.1111/j.1469-8986.1981.tb02486.x,7267933,,https://doi.org/10.1111/j.1469-8986.1981.tb02486.x,hed_catalog,https://www.hedtags.org/hed-task/tasks/hedtsk_heartbeat_detection.html,PER-HBD-001;PER-HBD-002,false,
R0053,"Derry, P. A., & Kuiper, N. A.",1981,Schematic processing and self-reference in clinical depression,Journal of Abnormal Psychology,10.1037/0021-843x.90.4.286,,,https://doi.org/10.1037/0021-843x.90.4.286,hed_catalog,https://www.hedtags.org/hed-task/tasks/hedtsk_self_referential_encoding.html,MEM-SRE-001,false,
R0054,"Guth, W., Schmittberger, R., & Schwarze, B.",1982,An experimental analysis of ultimatum bargaining,Journal of Economic Behavior & Organization,10.1016/0167-2681(82)90011-7,,,https://doi.org/10.1016/0167-2681(82)90011-7,hed_catalog,https://www.hedtags.org/hed-task/tasks/hedtsk_ultimatum_game.html,SOC-UG-001,false,
R0055,"Frazier, L., & Rayner, K.",1982,Making and correcting errors during sentence comprehension: Eye movements in the analysis of structurally ambiguous sentences,Cognitive Psychology,10.1016/0010-0285(82)90008-1,,,https://doi.org/10.1016/0010-0285(82)90008-1,hed_catalog,https://www.hedtags.org/hed-task/tasks/hedtsk_sentence_comprehension.html,LAN-SC-001,false,
R0056,"Just, M. A., Carpenter, P. A., & Woolley, J. D.",1982,Paradigms and processes in reading comprehension,Journal of Experimental Psychology: General,10.1037/0096-3445.111.2.228,6213735,,https://doi.org/10.1037/0096-3445.111.2.228,hed_catalog,https://www.hedtags.org/hed-task/tasks/hedtsk_self_paced_reading.html,LAN-SPR-001,false,
R0057,Shallice T,1982,Specific impairments of planning,Philosophical Transactions of the Royal Society of London B 298(1089),10.1098/rstb.1982.0082,6125971,,https://pubmed.ncbi.nlm.nih.gov/6125971/,hed_catalog;web_search,https://www.hedtags.org/hed-task/tasks/hedtsk_tower_of_london.html,CTL-TOL-001,false,
R0058,"Griggs, R. A., & Cox, J. R.",1982,The elusive thematic-materials effect in Wason's selection task,British Journal of Psychology,10.1111/j.2044-8295.1982.tb01823.x,,,https://doi.org/10.1111/j.2044-8295.1982.tb01823.x,hed_catalog,https://www.hedtags.org/hed-task/tasks/hedtsk_wason_selection.html,CTL-WASON-001,false,
R0059,"Ungerleider, L.G., Mishkin, M.",1982,Two cortical visual systems,Analysis of Visual Behavior (MIT Press),,,,,wikipedia,https://en.wikipedia.org/wiki/Object_recognition_(cognitive_science),PER-CAT-001,false,weak_origin
R0060,"Wimmer, H., & Perner, J.",1983,Beliefs about beliefs: Representation and constraining function of wrong beliefs in young children's understanding of deception,"Cognition, 13(1), 103–128",10.1016/0010-0277(83)90004-5,6681741,,https://doi.org/10.1016/0010-0277(83)90004-5,hed_catalog,https://www.hedtags.org/hed-task/tasks/hedtsk_false_belief.html,SOC-TOM-001,false,
R0061,"Benton, A. L., Hamsher, K., & Sivan, A. B.",1983,Multilingual Aphasia Examination (3rd ed.),Iowa City: AJA Associates,,,,,hed_catalog,https://www.hedtags.org/hed-task/tasks/hedtsk_verbal_fluency.html,LAN-VF-001,false,
R0062,"Fischer, B.; Boch, R.",1983,Saccadic eye movements after extremely short reaction times in the monkey,Brain Research,10.1016/0006-8993(83)90760-6,6402272,,https://doi.org/10.1016/0006-8993(83)90760-6,wikipedia,https://en.wikipedia.org/wiki/Saccade,MOT-SACC-001,false,animal_study
R0063,"Nuechterlein, K. H., Parasuraman, R., & Jiang, Q.",1983,Visual sustained attention: Image degradation produces rapid sensitivity decrement over time,"Science, 220(4594), 327-329",10.1126/science.6836276,6836276,,https://doi.org/10.1126/science.6836276,hed_catalog,https://www.hedtags.org/hed-task/tasks/hedtsk_continuous_performance.html,CTL-CPT-001,false,
R0064,"Nelson, T. O.",1984,A comparison of current measures of the accuracy of feeling-of-knowing predictions,"Psychological Bulletin, 95(1), 109-133",10.1037/0033-2909.95.1.109,6544431,,https://doi.org/10.1037/0033-2909.95.1.109,hed_catalog,https://www.hedtags.org/hed-task/tasks/hedtsk_feeling_of_knowing.html,MEM-META-001,false,
R0065,Morris RGM,1984,Developments of a water-maze procedure for studying spatial learning in the rat,Journal of Neuroscience Methods 11(1),10.1016/0165-0270(84)90007-4,6471907,,https://pubmed.ncbi.nlm.nih.gov/6471907/,hed_catalog;web_search,https://www.hedtags.org/hed-task/tasks/hedtsk_virtual_morris_water_maze.html,MEM-NAV-001;MEM-NAV-003,false,
R0066,"Dickinson, A., Shanks, D., & Evenden, J.",1984,Judgement of act-outcome contingency: The role of selective attribution,"Quarterly Journal of Experimental Psychology Section A, 36(1), 29-50",10.1080/14640748408401502,,,https://doi.org/10.1080/14640748408401502,hed_catalog,https://www.hedtags.org/hed-task/tasks/hedtsk_causal_learning.html,ERR-CAUS-001,false,
R0067,"Logan, G. D., & Cowan, W. B.",1984,On the ability to inhibit thought and action: A theory of an act of control,Psychological Review,10.1037/0033-295x.91.3.295,,,https://doi.org/10.1037/0033-295x.91.3.295,hed_catalog,https://www.hedtags.org/hed-task/tasks/hedtsk_stop_signal.html,CTL-SST-001,false,
R0068,"Baron-Cohen, S., Leslie, A. M., & Frith, U.",1985,"Does the autistic child have a ""theory of mind""?","Cognition, 21(1), 37-46",10.1016/0010-0277(85)90022-8,2934210,,https://doi.org/10.1016/0010-0277(85)90022-8,hed_catalog,https://www.hedtags.org/hed-task/tasks/hedtsk_false_belief.html,SOC-TOM-001,false,
R0069,"Tulving, E.",1985,Memory and consciousness,Canadian Psychology,10.1037/h0080017,,,https://doi.org/10.1037/h0080017,hed_catalog,https://www.hedtags.org/hed-task/tasks/hedtsk_remember_know.html,MEM-RK-001;MEM-ON-002,false,
R0070,"Dinges, D. F., & Powell, J. W.",1985,"Microcomputer analyses of performance on a portable, simple visual RT task during sustained operations","Behavior Research Methods, Instruments, & Computers",10.3758/bf03200977,,,https://doi.org/10.3758/bf03200977,hed_catalog;web_search,https://jhanley.biostat.mcgill.ca/bios601/Surveys/DingesAndPowell1985.pdf ; https://www.hedtags.org/hed-task/tasks/hedtsk_psychomotor_vigilance.html,STA-PVT-001,false,
R0071,"Libet, B",1985,Unconscious cerebral initiative and the role of conscious will in voluntary action,Behav Brain Sci,10.1017/s0140525x00044903,,,https://doi.org/10.1017/s0140525x00044903,wikipedia,https://en.wikipedia.org/wiki/Bereitschaftspotential,STA-SCP-001,false,
R0072,"MacLeod, C., Mathews, A., & Tata, P.",1986,Attentional bias in emotional disorders,"Journal of Abnormal Psychology, 95(1), 15–20",10.1037/0021-843x.95.1.15,,,https://doi.org/10.1037/0021-843x.95.1.15,hed_catalog,https://www.hedtags.org/hed-task/tasks/hedtsk_dot_probe.html,EMO-DOT-001,false,
R0073,"Williams, J. M. G., & Broadbent, K.",1986,Autobiographical memory in suicide attempters,"Journal of Abnormal Psychology, 95(2), 144-149",10.1037/0021-843x.95.2.144,3711438,,https://doi.org/10.1037/0021-843x.95.2.144,hed_catalog,https://www.hedtags.org/hed-task/tasks/hedtsk_autobiographical_memory.html,EMO-AUTO-001,false,
R0074,"Fazio, R. H., Sanbonmatsu, D. M., Powell, M. C., & Kardes, F. R.",1986,On the automatic activation of attitudes,Journal of Personality and Social Psychology,10.1037/0022-3514.50.2.229,,,https://doi.org/10.1037/0022-3514.50.2.229,hed_catalog,https://www.hedtags.org/hed-task/tasks/hedtsk_affective_priming.html,EMO-APRIME-001,false,
R0075,"Ferreira, F., & Clifton, C.",1986,The independence of syntactic processing,Journal of Memory and Language,10.1016/0749-596x(86)90006-9,,,https://doi.org/10.1016/0749-596x(86)90006-9,hed_catalog,https://www.hedtags.org/hed-task/tasks/hedtsk_self_paced_reading.html,LAN-SPR-001,false,
R0076,"Baddeley, A. D.",1986,Working Memory,Oxford University Press,10.1016/s0166-4115(08)61202-9,,,https://doi.org/10.1016/s0166-4115(08)61202-9,hed_catalog,https://www.hedtags.org/hed-task/tasks/hedtsk_digit_span.html,MEM-DS-001,false,
R0077,"Shanks, D. R., & Dickinson, A.",1987,Associative accounts of causality judgment,"Psychology of Learning and Motivation, 21, 229-261",10.1016/s0079-7421(08)60030-4,,,https://doi.org/10.1016/s0079-7421(08)60030-4,hed_catalog,https://www.hedtags.org/hed-task/tasks/hedtsk_causal_learning.html,ERR-CAUS-001,false,
R0078,"Nissen, M. J., & Bullemer, P.",1987,Attentional requirements of learning: Evidence from performance measures,Cognitive Psychology,10.1016/0010-0285(87)90002-8,,,https://doi.org/10.1016/0010-0285(87)90002-8,hed_catalog,https://www.hedtags.org/hed-task/tasks/hedtsk_serial_reaction_time.html,MOT-SRT-001,false,
R0079,Biederman I.,1987,Recognition by components: A theory of human image understanding,Psychological Review,10.1037/0033-295x.94.2.115,3575582,,https://doi.org/10.1037/0033-295x.94.2.115,wikipedia,https://en.wikipedia.org/wiki/Object_recognition_(cognitive_science),PER-CAT-001,false,
R0080,"Gardiner, J. M.",1988,Functional aspects of recollective experience,Memory & Cognition,10.3758/bf03197041,3210971,,https://doi.org/10.3758/bf03197041,hed_catalog,https://www.hedtags.org/hed-task/tasks/hedtsk_remember_know.html,MEM-RK-001;MEM-ON-002,false,
R0081,"Donchin, E., & Coles, M. G. H.",1988,Is the P300 component a manifestation of context updating?,Behavioral and Brain Sciences,10.1017/s0140525x00058027,,,https://doi.org/10.1017/s0140525x00058027,hed_catalog,https://www.hedtags.org/hed-task/tasks/hedtsk_oddball.html,PER-ODD-001,false,
R0082,"Petersen, S. E., Fox, P. T., Posner, M. I., Mintun, M., & Raichle, M. E.",1988,Positron emission tomographic studies of the cortical anatomy of single-word processing,Nature,10.1038/331585a0,3277066,,https://doi.org/10.1038/331585a0,hed_catalog;web_search,https://pubmed.ncbi.nlm.nih.gov/3277066/ ; https://www.hedtags.org/hed-task/tasks/hedtsk_verb_generation.html,LAN-VF-001;LAN-VG-001,false,
R0083,"Pylyshyn, Z. W., & Storm, R. W.",1988,Tracking multiple independent targets: Evidence for a parallel tracking mechanism,"Spatial Vision, 3(3), 179–197",10.1163/156856888x00122,3153671,,https://doi.org/10.1163/156856888x00122,hed_catalog,https://www.hedtags.org/hed-task/tasks/hedtsk_multiple_object_tracking.html,PER-MOT-001,false,
R0084,Bentin S,1989,"Electrophysiological Studies of Visual Word Perception, Lexical Organization, and Semantic Processing: A Tutorial Review",,10.1177/002383098903200302,,,https://doi.org/10.1177/002383098903200302,web_search,,LAN-PRIME-001,false,
R0085,"Regan, D.",1989,Human Brain Electrophysiology: Evoked Potentials and Evoked Magnetic Fields in Science and Medicine,Elsevier,,,,,wikipedia,https://en.wikipedia.org/wiki/Steady_state_visually_evoked_potential,SSR-FT-001;SSR-SSVEP-001;SSR-SSVEP-004,false,
R0086,"Reber, A. S.",1989,Implicit learning and tacit knowledge,"Journal of Experimental Psychology: General, 118(3), 219–235",10.1037/0096-3445.118.3.219,,,https://doi.org/10.1037/0096-3445.118.3.219,hed_catalog,https://www.hedtags.org/hed-task/tasks/hedtsk_artificial_grammar_learning.html,LAN-AGL-001,false,
R0087,"Turner, M. L., & Engle, R. W.",1989,Is working memory capacity task dependent?,Journal of Memory and Language,10.1016/0749-596x(89)90040-5,,,https://doi.org/10.1016/0749-596x(89)90040-5,hed_catalog,https://www.hedtags.org/hed-task/tasks/hedtsk_operation_span.html,MEM-OSPAN-001,false,
R0088,"Kopelman, M. D., Wilson, B. A., & Baddeley, A. D.",1989,The autobiographical memory interview: A new assessment of autobiographical and personal semantic memory in amnesic patients,"Journal of Clinical and Experimental Neuropsychology, 11(5), 724-744",10.1080/01688638908400928,2808661,,https://doi.org/10.1080/01688638908400928,hed_catalog,https://www.hedtags.org/hed-task/tasks/hedtsk_autobiographical_memory.html,EMO-AUTO-001,false,
R0089,"Cosmides, L.",1989,The logic of social exchange: Has natural selection shaped how humans reason? Studies with the Wason selection task,Cognition,10.1016/0010-0277(89)90023-1,2743748,,https://doi.org/10.1016/0010-0277(89)90023-1,hed_catalog,https://www.hedtags.org/hed-task/tasks/hedtsk_wason_selection.html,CTL-WASON-001,false,
R0090,"Salzman, C. Daniel; Britten, Kenneth H.; Newsome, William T.",1990,Cortical microstimulation influences perceptual judgements of motion direction,Nature,10.1038/346174a0,2366872,,https://doi.org/10.1038/346174a0,wikipedia,https://en.wikipedia.org/wiki/Microstimulation,STM-ICMS-001,false,
R0091,"Kornblum S, Hasbroucq T, Osman A",1990,Dimensional overlap: Cognitive basis for stimulus-response compatibility - A model and taxonomy,Psychological Review 97(2),10.1037/0033-295x.97.2.253,2186425,,https://www.hedtags.org/hed-task/tasks/hedtsk_simon.html,hed_catalog;web_search,https://www.hedtags.org/hed-task/tasks/hedtsk_simon.html,CTL-SIM-001,false,
R0092,"Einstein, G. O., & McDaniel, M. A.",1990,Normal aging and prospective memory,"Journal of Experimental Psychology: Learning, Memory, and Cognition",10.1037/0278-7393.16.4.717,,,https://doi.org/10.1037/0278-7393.16.4.717,hed_catalog,https://www.hedtags.org/hed-task/tasks/hedtsk_prospective_memory.html,MEM-PM-001;MEM-PM-002,false,
R0093,"Kornhuber, H.H.; Deecke, L.",1990,Readiness for movement – The Bereitschaftspotential-Story,Current Contents Life Sciences,,,,,wikipedia,https://en.wikipedia.org/wiki/Bereitschaftspotential,STA-SCP-001,false,
R0094,"Gehring WJ, Coles M, Meyer D, Donchin E",1990,The error-related negativity: an event-related brain potential accompanying errors,Psychophysiology 27: 34,,,,,wikipedia,https://en.wikipedia.org/wiki/Error-related_negativity,ERR-AWARE-001,false,
R0095,"Carpenter, P. A., Just, M. A., & Shell, P.",1990,What one intelligence test measures: A theoretical account of the processing in the Raven Progressive Matrices Test,"Psychological Review, 97(3), 404–431",10.1037/0033-295x.97.3.404,2381998,,https://doi.org/10.1037/0033-295x.97.3.404,hed_catalog,https://www.hedtags.org/hed-task/tasks/hedtsk_ravens_progressive_matrices.html,CTL-RAVEN-001,false,
R0096,MacLeod CM,1991,Half a century of research on the Stroop effect: an integrative review,Psychological Bulletin 109(2),10.1037/0033-2909.109.2.163,2034749,,https://pubmed.ncbi.nlm.nih.gov/2034749/,hed_catalog;web_search,https://www.hedtags.org/hed-task/tasks/hedtsk_stroop_color_word.html,CTL-STR-001;CTL-STR-002,false,
R0097,Bromm B,1991,Laser-evoked cerebral potentials in the assessment of cutaneous pain sensitivity in normal subjects and patients,Rev Neurol (Paris),,1763252,,https://pubmed.ncbi.nlm.nih.gov/1763252/,web_search,,PER-LEP-001,false,
R0098,"Nelson, T. O., & Dunlosky, J.",1991,When people's judgments of learning (JOLs) are extremely accurate at predicting subsequent recall: The 'delayed-JOL effect',"Psychological Science, 2(4), 267-270",10.1111/j.1467-9280.1991.tb00147.x,,,https://doi.org/10.1111/j.1467-9280.1991.tb00147.x,hed_catalog,https://www.hedtags.org/hed-task/tasks/hedtsk_judgment_of_learning.html,MEM-META-001;MEM-META-002,false,
R0099,"Dunlosky, J., & Nelson, T. O.",1992,Importance of the kind of cue for judgments of learning (JOL) and the delayed-JOL effect,"Memory & Cognition, 20(4), 374-380",10.3758/bf03210921,1495399,,https://doi.org/10.3758/bf03210921,hed_catalog,https://www.hedtags.org/hed-task/tasks/hedtsk_judgment_of_learning.html,MEM-META-001;MEM-META-002,false,
R0100,"Kimchi, R.",1992,Primacy of wholistic processing and global/local paradigm: A critical review,"Psychological Bulletin, 112(1), 24–38",10.1037/0033-2909.112.1.24,,,https://doi.org/10.1037/0033-2909.112.1.24,hed_catalog,https://www.hedtags.org/hed-task/tasks/hedtsk_navon.html,PER-NAVON-001,false,
R0101,"Raymond, J. E., Shapiro, K. L., & Arnell, K. M.",1992,Temporary suppression of visual processing in an RSVP task: An attentional blink?,Journal of Experimental Psychology: Human Perception and Performance,10.1037/0096-1523.18.3.849,1500880,,https://forrt.org/flora-replication-atlas/doi/10.1037//0096-1523.18.3.849/,hed_catalog;web_search,https://www.hedtags.org/hed-task/tasks/hedtsk_rapid_serial_visual_presentation.html,PER-AB-001;PER-RSVP-001;PER-ODD-001,false,
R0102,Britten KH et al.,1992,The analysis of visual motion: A comparison of neuronal and psychophysical performance,Journal of Neuroscience 12(12),10.1523/jneurosci.12-12-04745.1992,1464765,,https://pubmed.ncbi.nlm.nih.gov/1464765/,hed_catalog;web_search,https://www.hedtags.org/hed-task/tasks/hedtsk_random_dot_kinematogram.html,CTL-PDM-001,false,
R0103,Gehring WJ et al.,1993,A Neural System for Error Detection and Compensation,Psychological Science,10.1111/j.1467-9280.1993.tb00586.x,,,https://www.citedrive.com/en/discovery/a-neural-system-for-error-detection-and-compensation,web_search,,CTL-FLK-001,false,
R0104,"Murphy, S. T., & Zajonc, R. B.",1993,"Affect, cognition, and awareness: Affective priming with optimal and suboptimal stimulus exposures",Journal of Personality and Social Psychology,10.1037/0022-3514.64.5.723,8505704,,https://doi.org/10.1037/0022-3514.64.5.723,hed_catalog,https://www.hedtags.org/hed-task/tasks/hedtsk_affective_priming.html,EMO-APRIME-001,false,
R0105,"Koriat, A.",1993,How do we know that we know? The accessibility model of the feeling of knowing,"Psychological Review, 100(4), 609-639",10.1037/0033-295x.100.4.609,,,https://doi.org/10.1037/0033-295x.100.4.609,hed_catalog,https://www.hedtags.org/hed-task/tasks/hedtsk_feeling_of_knowing.html,MEM-META-001,false,
R0106,"Gabrieli, J. D. E., Corkin, S., Mickel, S. F., & Growdon, J. H.",1993,Intact acquisition and long-term retention of mirror-tracing skill in Alzheimer's disease and in global amnesia,"Behavioral Neuroscience, 107(6), 899–910",10.1037/0735-7044.107.6.899,8136066,,https://doi.org/10.1037/0735-7044.107.6.899,hed_catalog,https://www.hedtags.org/hed-task/tasks/hedtsk_mirror_tracing.html,MOT-MIRR-001,false,
R0107,"Johnson, M. K., Hashtroudi, S., & Lindsay, D. S.",1993,Source monitoring,"Psychological Bulletin, 114(1), 3-28",10.1037/0033-2909.114.1.3,8346328,,https://doi.org/10.1037/0033-2909.114.1.3,hed_catalog,https://www.hedtags.org/hed-task/tasks/hedtsk_source_memory.html,MEM-SRC-001,false,
R0108,"Kirschbaum, C., Pirke, K. M., & Hellhammer, D. H.",1993,The 'Trier Social Stress Test'—a tool for investigating psychobiological stress responses in a laboratory setting,"Neuropsychobiology, 28(1-2), 76-81",,,,,wikipedia,https://en.wikipedia.org/wiki/Trier_social_stress_test,EMO-STRESS-001,false,
R0109,"Ball, K., Owsley, C., Sloane, M. E., Roenker, D. L., & Bruni, J. R.",1993,Visual attention problems as a predictor of vehicle crashes in older drivers,Investigative Ophthalmology & Visual Science,,,,,hed_catalog,https://www.hedtags.org/hed-task/tasks/hedtsk_useful_field_of_view.html,PER-UFOV-001,false,
R0110,"Oaksford, M., & Chater, N.",1994,A rational analysis of the selection task as optimal data selection,Psychological Review,10.1037/0033-295x.101.4.608,,,https://doi.org/10.1037/0033-295x.101.4.608,hed_catalog,https://www.hedtags.org/hed-task/tasks/hedtsk_wason_selection.html,CTL-WASON-001,false,
R0111,"Sigl JC, Chamoun NG",1994,An introduction to bispectral analysis for the electroencephalogram,Journal of Clinical Monitoring,10.1007/bf01618421,7836975,,https://doi.org/10.1007/bf01618421,wikipedia,https://en.wikipedia.org/wiki/Bispectral_index,STA-ANES-001,false,
R0112,"De Jong, R., Liang, C.-C., & Lauber, E.",1994,Conditional and unconditional automaticity: A dual-process model of effects of spatial stimulus-response correspondence,"Journal of Experimental Psychology: Human Perception and Performance, 20(4), 731–750",10.1037/0096-1523.20.4.731,8083631,,https://doi.org/10.1037/0096-1523.20.4.731,hed_catalog,https://www.hedtags.org/hed-task/tasks/hedtsk_simon.html,CTL-SIM-001,false,
R0113,Pashler H,1994,Dual-task interference in simple tasks: Data and theory,Psychological Bulletin 116(2),10.1037/0033-2909.116.2.220,7972591,,https://pubmed.ncbi.nlm.nih.gov/7972591/,hed_catalog;web_search,https://www.hedtags.org/hed-task/tasks/hedtsk_psychological_refractory_period.html,CTL-DT-001,false,
R0114,"Forsythe, R., Horowitz, J. L., Savin, N. E., & Sefton, M.",1994,Fairness in simple bargaining experiments,"Games and Economic Behavior, 6(3), 347–369",10.1006/game.1994.1021,,,https://doi.org/10.1006/game.1994.1021,hed_catalog,https://www.hedtags.org/hed-task/tasks/hedtsk_dictator_game.html,SOC-DICT-001,false,
R0115,"Adolphs, R., Tranel, D., Damasio, H., & Damasio, A.",1994,Impaired recognition of emotion in facial expressions following bilateral damage to the human amygdala,"Nature, 372(6507), 669-672",10.1038/372669a0,7990957,,https://doi.org/10.1038/372669a0,hed_catalog,https://www.hedtags.org/hed-task/tasks/hedtsk_facial_emotion_recognition.html,EMO-FACE-001,false,
R0116,Bechara A et al.,1994,Insensitivity to future consequences following damage to human prefrontal cortex,Cognition 50(1-3),10.1016/0010-0277(94)90018-3,8039375,,https://pubmed.ncbi.nlm.nih.gov/8039375/,hed_catalog;web_search,https://www.hedtags.org/hed-task/tasks/hedtsk_iowa_gambling.html,CTL-IGT-001,false,
R0117,"Raichle, M. E., Fiez, J. A., Videen, T. O., MacLeod, A. M. K., Pardo, J. V., Fox, P. T., & Petersen, S. E.",1994,Practice-related changes in human brain functional anatomy during nonmotor learning,Cerebral Cortex,10.1093/cercor/4.1.8,8180494,,https://doi.org/10.1093/cercor/4.1.8,hed_catalog,https://www.hedtags.org/hed-task/tasks/hedtsk_verb_generation.html,LAN-VG-001,false,
R0118,"Knowlton, B. J., Squire, L. R., & Gluck, M. A.",1994,Probabilistic classification learning in amnesia,Learning & Memory,10.1101/lm.1.2.106,10467589,,https://doi.org/10.1101/lm.1.2.106,hed_catalog,https://www.hedtags.org/hed-task/tasks/hedtsk_probabilistic_classification_learning.html,ERR-PCL-001,false,
R0119,"Tierney, M. C., Nores, A., Snow, W. G., Fisher, R. H., Zorzitto, M. L., & Reid, D. W.",1994,Use of the Rey Auditory Verbal Learning Test in differentiating normal aging from Alzheimer's and Parkinson's dementia,Psychological Assessment,10.1037/1040-3590.6.2.129,,,https://doi.org/10.1037/1040-3590.6.2.129,hed_catalog,https://www.hedtags.org/hed-task/tasks/hedtsk_rey_auditory_verbal_learning.html,MEM-FR-001;MEM-FR-002,false,
R0120,"Chun, M. M., & Potter, M. C.",1995,A two-stage model for multiple target detection in rapid serial visual presentation,Journal of Experimental Psychology: Human Perception and Performance,10.1037/0096-1523.21.1.109,7707027,,https://doi.org/10.1037/0096-1523.21.1.109,hed_catalog,https://www.hedtags.org/hed-task/tasks/hedtsk_rapid_serial_visual_presentation.html,PER-RSVP-001;PER-ODD-001,false,
R0121,"Rogers RD, Monsell S",1995,Costs of a predictable switch between simple cognitive tasks,Journal of Experimental Psychology: General 124(2),10.1037/0096-3445.124.2.207,,,https://www.hedtags.org/hed-task/tasks/hedtsk_task_switching.html,hed_catalog;web_search,https://www.hedtags.org/hed-task/tasks/hedtsk_task_switching.html,CTL-SW-001,false,
R0122,"Roediger HL, McDermott KB",1995,Creating false memories: Remembering words not presented in lists,"Journal of Experimental Psychology: Learning, Memory, and Cognition 21(4)",10.1037/0278-7393.21.4.803,,,https://en.wikipedia.org/wiki/Deese%E2%80%93Roediger%E2%80%93McDermott_paradigm,web_search,,MEM-DRM-001,false,
R0123,"Glisky, E. L., Polster, M. R., & Routhieaux, B. C.",1995,Double dissociation between item and source memory,"Neuropsychology, 9(2), 229-235",10.1037/0894-4105.9.2.229,,,https://doi.org/10.1037/0894-4105.9.2.229,hed_catalog,https://www.hedtags.org/hed-task/tasks/hedtsk_source_memory.html,MEM-SRC-001,false,
R0124,"Biswal, B., Yetkin, F. Z., Haughton, V. M., & Hyde, J. S.",1995,Functional connectivity in the motor cortex of resting human brain using echo-planar MRI,Magnetic Resonance in Medicine,10.1002/mrm.1910340409,,,https://doi.org/10.1002/mrm.1910340409,hed_catalog,https://www.hedtags.org/hed-task/tasks/hedtsk_rest.html,STA-REST-001,false,
R0125,"Grafton, S. T., Hazeltine, E., & Ivry, R. B.",1995,Functional mapping of sequence learning in normal humans,Journal of Cognitive Neuroscience,10.1162/jocn.1995.7.4.497,23961907,,https://doi.org/10.1162/jocn.1995.7.4.497,hed_catalog,https://www.hedtags.org/hed-task/tasks/hedtsk_serial_reaction_time.html,MOT-SRT-001,false,
R0126,"Sperber, D., Cara, F., & Girotto, V.",1995,Relevance theory explains the selection task,Cognition,10.1016/0010-0277(95)00666-m,7587018,,https://doi.org/10.1016/0010-0277(95)00666-m,hed_catalog,https://www.hedtags.org/hed-task/tasks/hedtsk_wason_selection.html,CTL-WASON-001,false,
R0127,"Berg, J., Dickhaut, J., & McCabe, K.",1995,"Trust, reciprocity, and social history",Games and Economic Behavior,10.1006/game.1995.1027,,,https://doi.org/10.1006/game.1995.1027,hed_catalog,https://www.hedtags.org/hed-task/tasks/hedtsk_trust_game.html,SOC-TRUST-001,false,
R0128,Banse & Scherer,1996,Acoustic profiles in vocal emotion expression,Journal of Personality and Social Psychology,10.1037//0022-3514.70.3.614,8851745,,https://doi.org/10.1037//0022-3514.70.3.614,wikipedia,https://en.wikipedia.org/wiki/Emotional_prosody,EMO-SOUND-001,false,
R0129,"Knowlton, B. J., & Squire, L. R.",1996,Artificial grammar learning depends on implicit acquisition of both abstract and exemplar-specific information,"Journal of Experimental Psychology: Learning, Memory, and Cognition, 22(1), 169–181",10.1037/0278-7393.22.1.169,8648284,,https://doi.org/10.1037/0278-7393.22.1.169,hed_catalog,https://www.hedtags.org/hed-task/tasks/hedtsk_artificial_grammar_learning.html,LAN-AGL-001,false,
R0130,"Dias, R., Robbins, T. W., & Roberts, A. C.",1996,Dissociation in prefrontal cortex of affective and attentional shifts,Nature,10.1038/380069a0,8598908,,https://doi.org/10.1038/380069a0,hed_catalog,https://www.hedtags.org/hed-task/tasks/hedtsk_reversal_learning.html,ERR-PRL-001,false,
R0131,"Zatorre, R. J., Halpern, A. R., Perry, D. W., Meyer, E., & Evans, A. C.",1996,Hearing in the mind's ear: A PET investigation of musical imagery and perception,"Journal of Cognitive Neuroscience, 8(1), 29-46",,,,,wikipedia,https://en.wikipedia.org/wiki/Auditory_imagery,IMG-AUD-001,false,
R0132,"Ullman, S.",1996,High Level Vision,MIT Press,,,,,wikipedia,https://en.wikipedia.org/wiki/Object_recognition_(cognitive_science),PER-CAT-001,false,
R0133,"Levitin, D. J., & Cook, P. R.",1996,Memory for musical tempo: Additional evidence that auditory memory is absolute,"Attention, Perception, & Psychophysics, 58(6), 927-935",,,,,wikipedia,https://en.wikipedia.org/wiki/Auditory_imagery,IMG-AUD-001,false,
R0134,"Miller, E. K., Erickson, C. A., & Desimone, R.",1996,Neural mechanisms of visual working memory in prefrontal cortex of the macaque,"Journal of Neuroscience, 16(16), 5154-5167",10.1523/jneurosci.16-16-05154.1996,8756444,,https://doi.org/10.1523/jneurosci.16-16-05154.1996,hed_catalog,https://www.hedtags.org/hed-task/tasks/hedtsk_delayed_match_to_sample.html,MEM-DMS-001,false,
R0135,Dallos P,1996,Overview: Cochlear Neurobiology,"The Cochlea, Springer Handbook of Auditory Research",10.1007/978-1-4612-0757-3_1,,,https://doi.org/10.1007/978-1-4612-0757-3_1,wikipedia,https://en.wikipedia.org/wiki/Tonotopy,PER-TON-001,false,
R0136,Owen AM et al.,1996,Planning and spatial working memory: A positron emission tomography study in humans,European Journal of Neuroscience 8(2),10.1111/j.1460-9568.1996.tb01219.x,8714706,,https://pubmed.ncbi.nlm.nih.gov/8714706/,hed_catalog;web_search,https://www.hedtags.org/hed-task/tasks/hedtsk_tower_of_london.html,CTL-TOL-001;MEM-SWM-001,false,
R0137,"Williams, J. M. G., Mathews, A., & MacLeod, C.",1996,The emotional Stroop task and psychopathology,"Psychological Bulletin, 120(1), 3-24",10.1037/0033-2909.120.1.3,8711015,,https://doi.org/10.1037/0033-2909.120.1.3,hed_catalog,https://www.hedtags.org/hed-task/tasks/hedtsk_emotional_stroop.html,EMO-EST-001,false,
R0138,"Fink, G. R., Halligan, P. W., Marshall, J. C., Frith, C. D., Frackowiak, R. S. J., & Dolan, R. J.",1996,Where in the brain does visual attention select the forest and the trees?,"Nature, 382, 626–628",10.1038/382626a0,8757132,,https://doi.org/10.1038/382626a0,hed_catalog,https://www.hedtags.org/hed-task/tasks/hedtsk_navon.html,PER-NAVON-001,false,
R0139,Robertson IH et al.,1997,'Oops!': Performance correlates of everyday attentional failures in traumatic brain injured and normal subjects,Neuropsychologia 35(6),10.1016/s0028-3932(97)00015-8,9204482,,https://pubmed.ncbi.nlm.nih.gov/9204482/,hed_catalog;web_search,https://www.hedtags.org/hed-task/tasks/hedtsk_sustained_attention_to_response.html,CTL-SART-001,false,
R0140,"Schultz, W., Dayan, P., & Montague, P. R.",1997,A neural substrate of prediction and reward,"Science, 275(5306), 1593-1599",10.1126/science.275.5306.1593,9054347,,https://doi.org/10.1126/science.275.5306.1593,hed_catalog,https://www.hedtags.org/hed-task/tasks/hedtsk_instrumental_conditioning.html,ERR-INST-001,false,
R0141,"Glass PS, Bloom M, Kearse L, Rosow C, Sebel P, Manberg P",1997,"Bispectral analysis measures sedation and memory effects of propofol, midazolam, isoflurane, and alfentanil in healthy volunteers",Anesthesiology,10.1097/00000542-199704000-00010,9105247,,https://doi.org/10.1097/00000542-199704000-00010,wikipedia,https://en.wikipedia.org/wiki/Bispectral_index,STA-ANES-001,false,
R0142,"Troyer, A. K., Moscovitch, M., & Winocur, G.",1997,Clustering and switching as two components of verbal fluency: Evidence from younger and older healthy adults,"Neuropsychology, 11(1), 138-146",10.1037/0894-4105.11.1.138,9055277,,https://doi.org/10.1037/0894-4105.11.1.138,hed_catalog,https://www.hedtags.org/hed-task/tasks/hedtsk_verbal_fluency.html,LAN-VF-001,false,
R0143,"Sekiyama, K",1997,Cultural and linguistic factors in audiovisual speech processing: The McGurk effect in Chinese subjects,Perception and Psychophysics 59 (1): 73–80,10.3758/bf03206849,9038409,,https://doi.org/10.3758/bf03206849,wikipedia,https://en.wikipedia.org/wiki/McGurk_effect,PER-MSI-001,false,
R0144,Bechara A et al.,1997,Deciding advantageously before knowing the advantageous strategy,Science 275(5304),10.1126/science.275.5304.1293,9036851,,https://pubmed.ncbi.nlm.nih.gov/9036851/,hed_catalog;web_search,https://www.hedtags.org/hed-task/tasks/hedtsk_iowa_gambling.html,CTL-IGT-001,false,
R0145,"Rao, S. M., Harrington, D. L., Haaland, K. Y., et al.",1997,Distributed neural systems underlying the timing of movements,"Journal of Neuroscience, 17(14), 5528-5535",10.1523/jneurosci.17-14-05528.1997,9204934,,https://doi.org/10.1523/jneurosci.17-14-05528.1997,hed_catalog,https://www.hedtags.org/hed-task/tasks/hedtsk_finger_tapping.html,MOT-ME-001;MOT-ME-004,false,
R0146,"Miltner WHR, Braun CH, Coles MGH",1997,Event-related brain potentials following incorrect feedback in a time-estimation task: evidence for a generic neural system for error detection,Journal of Cognitive Neuroscience,10.1162/jocn.1997.9.6.788,,,https://www.citedrive.com/en/discovery/event-related-brain-potentials-following-incorrect-feedback-in-a-time-estimation-task-evidence-for-a-generic-neural-system-for-error-detection,web_search,,ERR-TE-001,false,
R0147,"Cheng, P. W.",1997,From covariation to causation: A causal power theory,"Psychological Review, 104(2), 367-405",10.1037/0033-295x.104.2.367,,,https://doi.org/10.1037/0033-295x.104.2.367,hed_catalog,https://www.hedtags.org/hed-task/tasks/hedtsk_causal_learning.html,ERR-CAUS-001,false,
R0148,"Koriat, A.",1997,Monitoring one's own knowledge during study: A cue-utilization approach to judgments of learning,"Journal of Experimental Psychology: General, 126(4), 349-370",10.1037/0096-3445.126.4.349,,,https://doi.org/10.1037/0096-3445.126.4.349,hed_catalog,https://www.hedtags.org/hed-task/tasks/hedtsk_judgment_of_learning.html,MEM-META-001;MEM-META-002,false,
R0149,"Prabhakaran, V., Smith, J. A. L., Desmond, J. E., Glover, G. H., & Gabrieli, J. D. E.",1997,Neural substrates of fluid reasoning: An fMRI study of neocortical activation during performance of the Raven's Progressive Matrices test,"Cognitive Psychology, 33(1), 43–63",10.1006/cogp.1997.0659,9212721,,https://doi.org/10.1006/cogp.1997.0659,hed_catalog,https://www.hedtags.org/hed-task/tasks/hedtsk_ravens_progressive_matrices.html,CTL-RAVEN-001,false,
R0150,"Thompson-Schill, S. L., D'Esposito, M., Aguirre, G. K., & Farah, M. J.",1997,Role of left inferior prefrontal cortex in retrieval of semantic knowledge: A reevaluation,Proceedings of the National Academy of Sciences,10.1073/pnas.94.26.14792,9405692,,https://doi.org/10.1073/pnas.94.26.14792,hed_catalog,https://www.hedtags.org/hed-task/tasks/hedtsk_verb_generation.html,LAN-VG-001,false,
R0151,"Luck SJ, Vogel EK",1997,The capacity of visual working memory for features and conjunctions,Nature 390(6657),10.1038/36846,9384378,,https://pubmed.ncbi.nlm.nih.gov/9384378/,hed_catalog;web_search;wikipedia,https://en.wikipedia.org/wiki/Visual_short-term_memory ; https://www.hedtags.org/hed-task/tasks/hedtsk_change_detection.html,MEM-CD-001;MEM-RC-001,false,misassigned (moved from MEM-RC-001 to MEM-CD-001)
R0152,"Rubin, D. C., & Schulkind, M. D.",1997,The distribution of autobiographical memories across the lifespan,"Memory & Cognition, 25(6), 859-866",10.3758/bf03211330,9421572,,https://doi.org/10.3758/bf03211330,hed_catalog,https://www.hedtags.org/hed-task/tasks/hedtsk_autobiographical_memory.html,EMO-AUTO-001,false,
R0153,"Kanwisher, N., McDermott, J., & Chun, M. M.",1997,The fusiform face area: A module in human extrastriate cortex specialized for face perception,"Journal of Neuroscience, 17(11), 4302–4311",10.1523/jneurosci.17-11-04302.1997,9151747,,https://doi.org/10.1523/jneurosci.17-11-04302.1997,hed_catalog,https://www.hedtags.org/hed-task/tasks/hedtsk_cambridge_face_memory.html ; https://www.hedtags.org/hed-task/tasks/hedtsk_face_processing.html,MEM-CFMT-001;PER-FACE-001,false,
R0154,"Jonides, J., Schumacher, E. H., Smith, E. E., Koeppe, R. A., Awh, E., Minoshima, S., & Mintun, M. A.",1997,The role of parietal cortex in verbal working memory,"Journal of Neuroscience, 17(13), 5282-5288",10.1523/jneurosci.18-13-05026.1998,,,https://doi.org/10.1523/jneurosci.18-13-05026.1998,hed_catalog;web_search,https://www.hedtags.org/hed-task/tasks/hedtsk_n_back.html,MEM-NBK-001;MEM-NBK-002,false,volume_mismatch
R0155,"Symons, C. S., & Johnson, B. T.",1997,The self-reference effect in memory: A meta-analysis,Psychological Bulletin,10.1037/0033-2909.121.3.371,9136641,,https://doi.org/10.1037/0033-2909.121.3.371,hed_catalog,https://www.hedtags.org/hed-task/tasks/hedtsk_self_referential_encoding.html,MEM-SRE-001,false,
R0157,"Mogg, K., & Bradley, B. P.",1998,A cognitive-motivational analysis of anxiety,"Behaviour Research and Therapy, 36(9), 809–848",10.1016/s0005-7967(98)00063-1,9701859,,https://doi.org/10.1016/s0005-7967(98)00063-1,hed_catalog,https://www.hedtags.org/hed-task/tasks/hedtsk_dot_probe.html,EMO-DOT-001,false,
R0158,Carter CS et al.,1998,"Anterior cingulate cortex, error detection, and the online monitoring of performance",Science 280(5364),10.1126/science.280.5364.747,9563953,,https://www.hedtags.org/hed-task/tasks/hedtsk_continuous_performance.html,hed_catalog;web_search,https://www.hedtags.org/hed-task/tasks/hedtsk_continuous_performance.html,CTL-CPT-001;CTL-CPT-002,false,
R0159,"Pashler, H., & Johnston, J. C.",1998,Attentional limitations in dual-task performance,"In H. Pashler (Ed.), Attention (pp. 155–189). Psychology Press",,,,,hed_catalog,https://www.hedtags.org/hed-task/tasks/hedtsk_psychological_refractory_period.html,CTL-DT-001,false,
R0160,"Chun, M. M., & Jiang, Y.",1998,Contextual cueing: Implicit learning and memory of visual context guides spatial attention,"Cognitive Psychology, 36(1), 28–71",10.1006/cogp.1998.0681,9679076,,https://doi.org/10.1006/cogp.1998.0681,hed_catalog,https://www.hedtags.org/hed-task/tasks/hedtsk_contextual_cueing.html,PER-CTXC-001,false,
R0161,"Leentjens, AF; Wielaert, SM; van Harskamp, F; Wilmink, FW",1998,Disturbances of affective prosody in patients with schizophrenia; a cross sectional study,"Journal of Neurology, Neurosurgery, and Psychiatry",10.1136/jnnp.64.3.375,9527153,,https://doi.org/10.1136/jnnp.64.3.375,wikipedia,https://en.wikipedia.org/wiki/Emotional_prosody,EMO-SOUND-001,false,
R0162,"Shaywitz, S. E., Shaywitz, B. A., Pugh, K. R., et al.",1998,Functional disruption in the organization of the brain for reading in dyslexia,Proceedings of the National Academy of Sciences,10.1073/pnas.95.5.2636,9482939,,https://doi.org/10.1073/pnas.95.5.2636,hed_catalog,https://www.hedtags.org/hed-task/tasks/hedtsk_phonological_awareness.html,LAN-PHA-001,false,
R0163,"Nuwer, Marc R",1998,Fundamentals of evoked potentials and common clinical applications today,Electroencephalography and Clinical Neurophysiology 106 (2): 142–148,10.1016/s0013-4694(97)00117-x,,,https://doi.org/10.1016/s0013-4694(97)00117-x,wikipedia,https://en.wikipedia.org/wiki/Somatosensory_evoked_potential,STM-SEP-001,false,
R0164,Maguire EA et al.,1998,Knowing where and getting there: A human navigation network,Science 280(5365),10.1126/science.280.5365.921,9572740,,https://pubmed.ncbi.nlm.nih.gov/9572740/,hed_catalog;web_search,https://www.hedtags.org/hed-task/tasks/hedtsk_virtual_morris_water_maze.html,MEM-NAV-001,false,
R0165,"Greenwald, A. G., McGhee, D. E., & Schwartz, J. L. K.",1998,Measuring individual differences in implicit cognition: The Implicit Association Test,"Journal of Personality and Social Psychology, 74(6), 1464–1480",10.1037/0022-3514.74.6.1464,9654756,,https://doi.org/10.1037/0022-3514.74.6.1464,hed_catalog,https://www.hedtags.org/hed-task/tasks/hedtsk_implicit_association.html,SOC-IAT-001,false,
R0166,"Lesser, Ronald P.; Arroyo, Santiago; Crone, Nathan; Gordon, Barry",1998,Motor and Sensory Mapping of the Frontal and Occipital Lobes,Epilepsia 39: S69–80,10.1111/j.1528-1157.1998.tb05127.x,9637595,,https://doi.org/10.1111/j.1528-1157.1998.tb05127.x,wikipedia,https://en.wikipedia.org/wiki/Cortical_stimulation_mapping,STM-ECS-001,false,
R0167,"Luck, S. J., & Ford, M. A.",1998,On the role of selective attention in visual perception,Proceedings of the National Academy of Sciences,10.1073/pnas.95.3.825,9448247,,https://doi.org/10.1073/pnas.95.3.825,hed_catalog,https://www.hedtags.org/hed-task/tasks/hedtsk_visual_search.html,PER-VS-001,false,
R0168,"Botvinick, M., & Cohen, J.",1998,Rubber hands 'feel' touch that eyes see,"Nature, 391(6669), 756",10.1038/35784,9486643,,https://doi.org/10.1038/35784,hed_catalog,https://www.hedtags.org/hed-task/tasks/hedtsk_body_ownership_illusion.html,PER-BOI-001,false,
R0169,"Nuwer, Marc R.",1998,Spinal Cord Monitoring With Somatosensory Techniques,Journal of Clinical Neurophysiology 15 (3): 183–193,10.1097/00004691-199805000-00002,9681556,,https://doi.org/10.1097/00004691-199805000-00002,wikipedia,https://en.wikipedia.org/wiki/Somatosensory_evoked_potential,STM-SEP-001,false,
R0170,"Karni, A., Meyer, G., Rey-Hipolito, C., et al.",1998,The acquisition of skilled motor performance: Fast and slow experience-driven changes in primary motor cortex,"Proceedings of the National Academy of Sciences, 95(3), 861-868",10.1073/pnas.95.3.861,9448252,,https://doi.org/10.1073/pnas.95.3.861,hed_catalog,https://www.hedtags.org/hed-task/tasks/hedtsk_motor_sequence_learning.html,MOT-MSL-001,false,
R0171,"Everling, S., & Fischer, B.",1998,The antisaccade: A review of basic research and clinical findings,Neuropsychologia,10.1016/s0028-3932(98)00020-7,9740362,,https://doi.org/10.1016/s0028-3932(98)00020-7,hed_catalog,https://www.hedtags.org/hed-task/tasks/hedtsk_anti_saccade.html,CTL-AS-001,false,
R0172,"Gross, J. J.",1998,The emerging field of emotion regulation: An integrative review,"Review of General Psychology, 2(3), 271-299",10.1037/1089-2680.2.3.271,,,https://doi.org/10.1037/1089-2680.2.3.271,hed_catalog,https://www.hedtags.org/hed-task/tasks/hedtsk_emotion_regulation.html,EMO-REG-001,false,
R0173,"Levelt, W. J. M., Roelofs, A., & Meyer, A. S.",1999,A theory of lexical access in speech production,Behavioral and Brain Sciences,10.1017/s0140525x99001776,11301520,,https://doi.org/10.1017/s0140525x99001776,hed_catalog,https://www.hedtags.org/hed-task/tasks/hedtsk_picture_naming.html,LAN-PN-001;LAN-PN-002,false,
R0174,"Jewett, M. E., Dijk, D.-J., Kronauer, R. E., & Dinges, D. F.",1999,Dose-response relationship between sleep duration and human psychomotor vigilance and subjective alertness,Sleep,10.1093/sleep/22.2.171,10201061,,https://doi.org/10.1093/sleep/22.2.171,hed_catalog,https://www.hedtags.org/hed-task/tasks/hedtsk_psychomotor_vigilance.html,STA-PVT-001,false,
R0175,"Moradi, A. R., Doost, H. T. N., Taghavi, M. R., Yule, W., & Dalgleish, T.",1999,Everyday memory deficits in children and adolescents with PTSD: Performance on the Rivermead Behavioural Memory Test,Journal of Child Psychology and Psychiatry,10.1111/1469-7610.00453,10190337,,https://doi.org/10.1111/1469-7610.00453,hed_catalog,https://www.hedtags.org/hed-task/tasks/hedtsk_rey_auditory_verbal_learning.html,MEM-FR-001,false,
R0176,"Treutwein, B., & Strasburger, H.",1999,Fitting the psychometric function,"Perception & Psychophysics, 61(1), 87–106",10.3758/bf03211951,10070202,,https://doi.org/10.3758/bf03211951,hed_catalog,https://www.hedtags.org/hed-task/tasks/hedtsk_mirror_tracing.html,MOT-MIRR-001,false,off_topic
R0177,"Humphreys G., Price C., Riddoch J.",1999,From objects to names: A cognitive neuroscience approach,Psychological Research,10.1007/s004260050046,10472198,,https://doi.org/10.1007/s004260050046,wikipedia,https://en.wikipedia.org/wiki/Object_recognition_(cognitive_science),PER-CAT-001,false,
R0178,,1999,"Nature article 10.1038/23698 (vol 400, 1999; title not shown)",Nature,10.1038/23698,,,https://www.nature.com/articles/23698,web_search,,PER-VS-001,false,
R0179,Henson RN et al.,1999,Recollection and familiarity in recognition memory: An event-related functional magnetic resonance imaging study,Journal of Neuroscience 19(10),10.1523/jneurosci.19-10-03962.1999,10234026,,https://pubmed.ncbi.nlm.nih.gov/10234026/,hed_catalog;web_search,https://www.hedtags.org/hed-task/tasks/hedtsk_old_new_recognition_memory.html,MEM-ON-001;MEM-ON-002,false,
R0180,"Garavan H, Ross TJ, Stein EA",1999,Right hemispheric dominance of inhibitory control: An event-related functional MRI study,PNAS 96(14),10.1073/pnas.96.14.8301,10393989,,https://pubmed.ncbi.nlm.nih.gov/10393989/,hed_catalog;web_search,https://www.hedtags.org/hed-task/tasks/hedtsk_go_no_go.html,CTL-GNG-001,false,
R0181,"Mauguiere, F",1999,Somatosensory evoked potentials,"Electroencephalography: basic principles, clinical applications and related fields (Williams and Wilkins)",,,,,wikipedia,https://en.wikipedia.org/wiki/Somatosensory_evoked_potential,STM-SEP-001,false,
R0182,"Poldrack, R. A., Prabhakaran, V., Seger, C. A., & Gabrieli, J. D.",1999,Striatal activation during acquisition of a cognitive skill,Neuropsychology,10.1037/0894-4105.13.4.564,10527065,,https://doi.org/10.1037/0894-4105.13.4.564,hed_catalog,https://www.hedtags.org/hed-task/tasks/hedtsk_probabilistic_classification_learning.html,ERR-PCL-001,false,
R0183,"Kosslyn, Stephen M.; Pascual-Leone, A.; Felician, O.; et al.",1999,The Role of Area 17 in Visual Imagery: Convergent Evidence from PET and RTMS,Science 284(5411): 167–170,10.1126/science.284.5411.167,10102821,,https://doi.org/10.1126/science.284.5411.167,wikipedia,https://en.wikipedia.org/wiki/Mental_image,IMG-VIS-001,false,
R0184,"Manly, T., Robertson, I. H., Galloway, M., & Hawkins, K.",1999,The absent mind: Further investigations of sustained attention to response,Neuropsychologia,10.1016/s0028-3932(98)00127-4,10390027,,https://doi.org/10.1016/s0028-3932(98)00127-4,hed_catalog,https://www.hedtags.org/hed-task/tasks/hedtsk_sustained_attention_to_response.html,CTL-SART-001,false,
R0185,"Bachorowski, Jo-Anne",1999,Vocal Expression and Perception of Emotion,Current Directions in Psychological Science,10.1111/1467-8721.00013,,,https://doi.org/10.1111/1467-8721.00013,wikipedia,https://en.wikipedia.org/wiki/Emotional_prosody,EMO-SOUND-001,false,
R0186,"Halpern, A. R., & Zatorre, R. J.",1999,When that tune runs through your head: a PET investigation of auditory imagery for familiar melodies,"Cerebral Cortex, 9(7), 697-704",,,,,wikipedia,https://en.wikipedia.org/wiki/Auditory_imagery,IMG-AUD-001;IMG-AUD-002,false,
R0187,Naveh-Benjamin M,2000,Adult age differences in memory performance: Tests of an associative deficit hypothesis,"Journal of Experimental Psychology: Learning, Memory, and Cognition 26(5)",10.1037/0278-7393.26.5.1170,11009251,,https://pubmed.ncbi.nlm.nih.gov/11009251/,hed_catalog;web_search,https://www.hedtags.org/hed-task/tasks/hedtsk_paired_associates_learning.html,MEM-PA-001,false,
R0188,"Brass, M., Bekkering, H., Wohlschlager, A., & Prinz, W.",2000,"Compatibility between observed and executed finger movements: Comparing symbolic, spatial, and imitative cues","Brain and Cognition, 44(2), 124-143",10.1006/brcg.2000.1225,11041986,,https://doi.org/10.1006/brcg.2000.1225,hed_catalog,https://www.hedtags.org/hed-task/tasks/hedtsk_imitation_inhibition.html,SOC-IMIT-001,false,
R0189,"Jancke, L., Loose, R., Lutz, K., Specht, K., & Shah, N. J.",2000,Cortical activations during paced finger-tapping applying visual and auditory pacing stimuli,"Cognitive Brain Research, 10(1-2), 51-66",10.1016/s0926-6410(00)00022-7,10978692,,https://doi.org/10.1016/s0926-6410(00)00022-7,hed_catalog,https://www.hedtags.org/hed-task/tasks/hedtsk_finger_tapping.html,MOT-ME-001;MOT-ME-004,false,
R0190,"Falkenstein M, Hoormann J, Christ S, Hohnsbein J",2000,ERP components on reaction errors and their functional significance: a tutorial,Biological Psychology 51 (2–3): 87–107,10.1016/s0301-0511(99)00031-9,10686361,,https://doi.org/10.1016/s0301-0511(99)00031-9,wikipedia,https://en.wikipedia.org/wiki/Error-related_negativity,ERR-AWARE-001,false,
R0191,"LeDoux, J. E.",2000,Emotion circuits in the brain,Annual Review of Neuroscience,10.1146/annurev.neuro.23.1.155,10845062,,https://doi.org/10.1146/annurev.neuro.23.1.155,hed_catalog,https://www.hedtags.org/hed-task/tasks/hedtsk_pavlovian_fear_conditioning.html,EMO-FC-001,false,
R0192,"Nitsche MA, Paulus W",2000,Excitability changes induced in the human motor cortex by weak transcranial direct current stimulation,The Journal of Physiology,10.1111/j.1469-7793.2000.t01-1-00633.x,10990547,,https://doi.org/10.1111/j.1469-7793.2000.t01-1-00633.x,wikipedia,https://en.wikipedia.org/wiki/Transcranial_direct-current_stimulation,STM-TDCS-001,false,
R0193,Knutson B et al.,2000,FMRI visualization of brain activity during a monetary incentive delay task,NeuroImage 12(1),10.1006/nimg.2000.0593,10875899,,https://pubmed.ncbi.nlm.nih.gov/10875899/,hed_catalog;web_search,https://pubmed.ncbi.nlm.nih.gov/10875899/ ; https://www.hedtags.org/hed-task/tasks/hedtsk_monetary_incentive_delay.html,EMO-MID-001,false,
R0194,Krakauer JW et al.,2000,Learning of visuomotor transformations for vectorial planning of reaching trajectories,Journal of Neuroscience 20(23),,,,https://www.jneurosci.org/content/jneuro/20/23/8916.full.pdf,web_search,,ERR-ADAPT-001,false,
R0195,"Scheffers MK, Coles MG",2000,"Performance monitoring in a confusing world: error-related brain activity, judgments of response accuracy, and types of errors",Journal of Experimental Psychology. Human Perception and Performance 26 (1): 141–51,10.1037/0096-1523.26.1.141,10696610,,https://doi.org/10.1037/0096-1523.26.1.141,wikipedia,https://en.wikipedia.org/wiki/Error-related_negativity,ERR-AWARE-001,false,
R0196,"McIntyre, Cameron C.; Grill, Warren M.",2000,Selective Microstimulation of Central Nervous System Neurons,Annals of Biomedical Engineering,10.1114/1.262,10784087,,https://doi.org/10.1114/1.262,wikipedia,https://en.wikipedia.org/wiki/Microstimulation,STM-ICMS-001,false,
R0197,"McDaniel, M. A., & Einstein, G. O.",2000,Strategic and automatic processes in prospective memory retrieval: A multiprocess framework,Applied Cognitive Psychology,10.1002/acp.775,,,https://doi.org/10.1002/acp.775,hed_catalog,https://www.hedtags.org/hed-task/tasks/hedtsk_prospective_memory.html,MEM-PM-001,false,
R0198,"Conway, M. A., & Pleydell-Pearce, C. W.",2000,The construction of autobiographical memories in the self-memory system,"Psychological Review, 107(2), 261-288",10.1037/0033-295x.107.2.261,10789197,,https://doi.org/10.1037/0033-295x.107.2.261,hed_catalog,https://www.hedtags.org/hed-task/tasks/hedtsk_autobiographical_memory.html,EMO-AUTO-001,false,
R0199,"Haxby, J. V., Hoffman, E. A., & Gobbini, M. I.",2000,The distributed human neural system for face perception,"Trends in Cognitive Sciences, 4(6), 223-233",10.1016/s1364-6613(00)01482-0,10827445,,https://doi.org/10.1016/s1364-6613(00)01482-0,hed_catalog,https://www.hedtags.org/hed-task/tasks/hedtsk_face_processing.html,PER-FACE-001,false,
R0200,Fabiani M et al.,2000,True but not false memories produce a sensory signature in human lateralized brain potentials,Journal of Cognitive Neuroscience 12(6),10.1162/08989290051137486,11177415,,https://pubmed.ncbi.nlm.nih.gov/11177415/,web_search,,MEM-DRM-001,false,
R0201,"Raichle, M. E., MacLeod, A. M., Snyder, A. Z., Powers, W. J., Gusnard, D. A., & Shulman, G. L.",2001,A default mode of brain function,Proceedings of the National Academy of Sciences,10.1073/pnas.98.2.676,,,https://doi.org/10.1073/pnas.98.2.676,hed_catalog,https://www.hedtags.org/hed-task/tasks/hedtsk_rest.html,STA-REST-001,false,
R0202,"Hermans, D., De Houwer, J., & Eelen, P.",2001,A time course analysis of the affective priming effect,Cognition and Emotion,10.1080/02699930125768,,,https://doi.org/10.1080/02699930125768,hed_catalog,https://www.hedtags.org/hed-task/tasks/hedtsk_affective_priming.html,EMO-APRIME-001,false,
R0203,"Knutson, B., Adams, C. M., Fong, G. W., & Hommer, D.",2001,Anticipation of increasing monetary reward selectively recruits nucleus accumbens,"Journal of Neuroscience, 21(16), RC159",10.1523/jneurosci.21-16-j0002.2001,11459880,,https://doi.org/10.1523/jneurosci.21-16-j0002.2001,hed_catalog,https://www.hedtags.org/hed-task/tasks/hedtsk_monetary_incentive_delay.html,EMO-MID-001,false,
R0204,Botvinick MM et al.,2001,Conflict monitoring and cognitive control,Psychological Review 108(3),10.1037/0033-295x.108.3.624,11488380,,https://pubmed.ncbi.nlm.nih.gov/11488380/,hed_catalog;web_search,https://www.hedtags.org/hed-task/tasks/hedtsk_eriksen_flanker.html,CTL-FLK-001,false,
R0205,"Nieuwenhuis S, Ridderinkhof KR, Blom J, Band GP, Kok A",2001,Error-related brain potentials are differentially related to awareness of response errors: evidence from an antisaccade task,Psychophysiology 38 (5): 752–60,10.1111/1469-8986.3850752,11577898,,https://doi.org/10.1111/1469-8986.3850752,wikipedia,https://en.wikipedia.org/wiki/Error-related_negativity,ERR-AWARE-001;ERR-AWARE-002,false,
R0206,"Herrmann, C. S.",2001,Human EEG responses to 1–100 Hz flicker: resonance phenomena in visual cortex and their potential correlation to cognitive phenomena,Experimental Brain Research,10.1007/s002210100682,11355381,,https://doi.org/10.1007/s002210100682,wikipedia,https://en.wikipedia.org/wiki/Steady_state_visually_evoked_potential,SSR-FT-001;SSR-SSVEP-001;SSR-SSVEP-004,false,
R0207,"Wellman, H. M., Cross, D., & Watson, J.",2001,Meta-analysis of theory-of-mind development: The truth about false belief,"Child Development, 72(3), 655–684",10.1111/1467-8624.00304,11405571,,https://doi.org/10.1111/1467-8624.00304,hed_catalog,https://www.hedtags.org/hed-task/tasks/hedtsk_false_belief.html,SOC-TOM-001,false,
R0208,"Shadlen, M. N., & Newsome, W. T.",2001,Neural basis of a perceptual decision in the parietal cortex (area LIP) of the rhesus monkey,Journal of Neurophysiology,10.1152/jn.2001.86.4.1916,11600651,,https://doi.org/10.1152/jn.2001.86.4.1916,hed_catalog,https://www.hedtags.org/hed-task/tasks/hedtsk_random_dot_kinematogram.html,CTL-PDM-001,false,
R0209,"Kosslyn, Stephen M.; Ganis, Giorgio; Thompson, William L.",2001,Neural foundations of imagery,Nature Reviews Neuroscience 2(9): 635–642,10.1038/35090055,11533731,,https://doi.org/10.1038/35090055,wikipedia,https://en.wikipedia.org/wiki/Mental_image,IMG-VIS-001,false,
R0210,"Pugh, K. R., Mencl, W. E., Jenner, A. R., et al.",2001,Neurobiological studies of reading and reading disability,Journal of Communication Disorders,10.1016/s0021-9924(01)00060-0,11725860,,https://doi.org/10.1016/s0021-9924(01)00060-0,hed_catalog,https://www.hedtags.org/hed-task/tasks/hedtsk_phonological_awareness.html,LAN-PHA-001,false,
R0211,"Fazio, R. H.",2001,On the automatic activation of associated evaluations: An overview,Cognition and Emotion,10.1080/02699930125908,,,https://doi.org/10.1080/02699930125908,hed_catalog,https://www.hedtags.org/hed-task/tasks/hedtsk_affective_priming.html,EMO-APRIME-001,false,
R0212,"Payne, B. K.",2001,Prejudice and perception: The role of automatic and controlled processes in misperceiving a weapon,Journal of Personality and Social Psychology,10.1037/0022-3514.81.2.181,11519925,,https://doi.org/10.1037/0022-3514.81.2.181,hed_catalog,https://www.hedtags.org/hed-task/tasks/hedtsk_weapons_identification.html,SOC-WIT-001,false,
R0213,"Anderson MC, Green C",2001,Suppressing unwanted memories by executive control,Nature 410,10.1038/35066572,11268212,,https://pubmed.ncbi.nlm.nih.gov/11268212/,hed_catalog;web_search,https://www.hedtags.org/hed-task/tasks/hedtsk_think_no_think.html,MEM-TNT-001,false,
R0214,"Baron-Cohen, S., Wheelwright, S., Hill, J., Raste, Y., & Plumb, I.",2001,"The ""Reading the Mind in the Eyes"" test revised version: A study with normal adults, and adults with Asperger syndrome or high-functioning autism",Journal of Child Psychology and Psychiatry,10.1111/1469-7610.00715,11280420,,https://doi.org/10.1111/1469-7610.00715,hed_catalog,https://www.hedtags.org/hed-task/tasks/hedtsk_reading_the_mind_in_the_eyes.html,SOC-RME-001,false,
R0215,Cowan N,2001,The magical number 4 in short-term memory: A reconsideration of mental storage capacity,Behavioral and Brain Sciences 24(1),10.1017/s0140525x01003922,11515286,,https://pubmed.ncbi.nlm.nih.gov/11515286/,hed_catalog;web_search,https://www.hedtags.org/hed-task/tasks/hedtsk_change_detection.html,MEM-CD-001,false,
R0216,"Näätänen, R.",2001,The perception of speech sounds by the human brain as reflected by the mismatch negativity (MMN),Psychophysiology 38(1): 1–21,10.1111/1469-8986.3810001,11321610,,https://doi.org/10.1111/1469-8986.3810001,wikipedia,https://en.wikipedia.org/wiki/Speech_perception,PER-MMN-001;LAN-HIER-001;PER-MMN-002,false,misassigned (moved from LAN-HIER-001 to PER-MMN-001)
R0217,"Rilling, J. K., Gutman, D. A., Zeh, T. R., Pagnoni, G., Berns, G. S., & Kilts, C. D.",2002,A neural basis for social cooperation,Neuron,10.1016/s0896-6273(02)00755-9,12160756,,https://doi.org/10.1016/s0896-6273(02)00755-9,hed_catalog,https://www.hedtags.org/hed-task/tasks/hedtsk_prisoners_dilemma.html ; https://www.hedtags.org/hed-task/tasks/hedtsk_trust_game.html,SOC-TRUST-001;SOC-TRUST-002,false,
R0218,"De Houwer, J., & Beckers, T.",2002,A review of recent developments in research and theories on human contingency learning,"Quarterly Journal of Experimental Psychology Section B, 55(4), 289-310",10.1080/02724990244000034,12350283,,https://doi.org/10.1080/02724990244000034,hed_catalog,https://www.hedtags.org/hed-task/tasks/hedtsk_causal_learning.html,ERR-CAUS-001,false,
R0219,"Grossman, E. D., & Blake, R.",2002,Brain areas active during visual perception of biological motion,"Neuron, 35(6), 1167-1175",10.1016/s0896-6273(02)00897-8,12354405,,https://doi.org/10.1016/s0896-6273(02)00897-8,hed_catalog,https://www.hedtags.org/hed-task/tasks/hedtsk_biological_motion_perception.html,SOC-BIO-001,false,
R0220,"Hikosaka, O., Nakamura, K., Sakai, K., & Nakahara, H.",2002,Central mechanisms of motor skill learning,"Current Opinion in Neurobiology, 12(2), 217–222",10.1016/s0959-4388(02)00307-0,12015240,,https://doi.org/10.1016/s0959-4388(02)00307-0,hed_catalog,https://www.hedtags.org/hed-task/tasks/hedtsk_motor_sequence_learning.html,MOT-MSL-001,false,
R0221,"Corbetta, M., & Shulman, G. L.",2002,Control of goal-directed and stimulus-driven attention in the brain,Nature Reviews Neuroscience,10.1038/nrn755,11994752,,https://doi.org/10.1038/nrn755,hed_catalog,https://www.hedtags.org/hed-task/tasks/hedtsk_posner_spatial_cueing.html,PER-CUE-001,false,
R0223,"Cools, R., Clark, L., Owen, A. M., & Robbins, T. W.",2002,Defining the neural mechanisms of probabilistic reversal learning using event-related functional magnetic resonance imaging,Journal of Neuroscience,10.1523/jneurosci.22-11-04563.2002,12040063,,https://doi.org/10.1523/jneurosci.22-11-04563.2002,hed_catalog;web_search,https://www.hedtags.org/hed-task/tasks/hedtsk_reversal_learning.html ; https://www.owenlab.uwo.ca/pdf/2002-Cools-JNeuro-Defining the Neural Mechanisms of Probabilistic Reversal Learning Using Event-Related Functional Magnetic Resonance Imaging.pdf,ERR-PRL-001,false,
R0224,"Lejuez, C. W., Read, J. P., Kahler, C. W., et al.",2002,Evaluation of a behavioral measure of risk taking: The Balloon Analogue Risk Task (BART),"Journal of Experimental Psychology: Applied, 8(2), 75-84",10.1037/1076-898x.8.2.75,12075692,,https://doi.org/10.1037/1076-898x.8.2.75,hed_catalog,https://www.hedtags.org/hed-task/tasks/hedtsk_balloon_analog_risk.html,CTL-BART-001,false,
R0225,"Kelley, W. M., Macrae, C. N., Wyland, C. L., Caglar, S., Inati, S., & Heatherton, T. F.",2002,Finding the self? An event-related fMRI study,Journal of Cognitive Neuroscience,10.1162/08989290260138672,12167262,,https://doi.org/10.1162/08989290260138672,hed_catalog,https://www.hedtags.org/hed-task/tasks/hedtsk_self_referential_encoding.html,MEM-SRE-001,false,
R0226,"Phan, K. L., Wager, T., Taylor, S. F., & Liberzon, I.",2002,Functional neuroanatomy of emotion: A meta-analysis of emotion activation studies in PET and fMRI,NeuroImage,10.1006/nimg.2002.1087,12030820,,https://doi.org/10.1006/nimg.2002.1087,hed_catalog,https://www.hedtags.org/hed-task/tasks/hedtsk_affective_picture_viewing.html,EMO-IAPS-001,false,
R0227,,2002,Hyperscanning: Simultaneous fMRI during linked social interactions,"NeuroImage 16, 1159-1164",,,,https://fbri.vtc.vt.edu/content/dam/fbri_vtc_vt_edu/publications/montague-publications/MontagueEtAlHyperscanning2002.pdf,web_search,,SOC-HYP-001;SOC-JA-001,false,
R0228,Pessoa L et al.,2002,Neural correlates of visual working memory: fMRI amplitude predicts task performance,Neuron 35(5),10.1016/s0896-6273(02)00817-6,12372290,,https://pubmed.ncbi.nlm.nih.gov/12372290/,hed_catalog;web_search,https://www.hedtags.org/hed-task/tasks/hedtsk_delayed_match_to_sample.html,MEM-DMS-001,false,
R0229,"Paller KA, Wagner AD",2002,Observing the transformation of experience into memory,Trends in Cognitive Sciences 6(2),10.1016/s1364-6613(00)01845-3,,,https://en.wikipedia.org/wiki/Targeted_memory_reactivation,web_search,,MEM-SME-001,false,url_mismatch
R0230,,2002,"Physiol. Res. 51: 65-71, 2002 (Kremlacek et al., motion-onset VEP)",Physiological Research,,,,https://www.biomed.cas.cz/physiolres/2002/issue1/kremlacek.htm,web_search,,PER-MVEP-001,false,
R0231,"Walker, M. P., Brakefield, T., Morgan, A., Hobson, J. A., & Stickgold, R.",2002,Practice with sleep makes perfect: Sleep-dependent motor skill learning,"Neuron, 35(1), 205-211",10.1016/s0896-6273(02)00746-8,12123620,,https://doi.org/10.1016/s0896-6273(02)00746-8,hed_catalog,https://www.hedtags.org/hed-task/tasks/hedtsk_motor_sequence_learning.html,MOT-MSL-001,false,
R0232,"Ochsner, K. N., Bunge, S. A., Gross, J. J., & Gabrieli, J. D. E.",2002,Rethinking feelings: An fMRI study of the cognitive regulation of emotion,"Journal of Cognitive Neuroscience, 14(8), 1215-1229",10.1162/089892902760807212,12495527,,https://doi.org/10.1162/089892902760807212,hed_catalog;web_search,https://pubmed.ncbi.nlm.nih.gov/12495527/ ; https://www.hedtags.org/hed-task/tasks/hedtsk_emotion_regulation.html,EMO-REG-001,false,
R0233,"Domkin, D.; Laczko, J.; Jaric, S.; Johansson, H.; Latash, ML.",2002,Structure of joint variability in bimanual pointing tasks,Exp Brain Res,10.1007/s00221-001-0944-1,11907686,,https://doi.org/10.1007/s00221-001-0944-1,wikipedia,https://en.wikipedia.org/wiki/Bimanual_coordination,MOT-BIMAN-001,false,
R0234,Fan J et al.,2002,Testing the efficiency and independence of attentional networks,Journal of Cognitive Neuroscience 14(3),10.1162/089892902317361886,11970796,,https://pubmed.ncbi.nlm.nih.gov/11970796/,hed_catalog;web_search,https://www.hedtags.org/hed-task/tasks/hedtsk_attention_network.html,CTL-ANT-001,false,
R0235,"Gehring WJ, Willoughby AR",2002,The medial frontal cortex and the rapid processing of monetary gains and losses,Science,,11910116,,https://pubmed.ncbi.nlm.nih.gov/11910116/,web_search,,ERR-GAM-001,false,
R0236,"Holroyd CB, Coles MG",2002,"The neural basis of human error processing: reinforcement learning, dopamine, and the error-related negativity",Psychological Review 109 (4): 679–709,10.1037/0033-295x.109.4.679,12374324,,https://doi.org/10.1037/0033-295x.109.4.679,wikipedia,https://en.wikipedia.org/wiki/Error-related_negativity,ERR-AWARE-001,false,
R0237,"Correll, J., Park, B., Judd, C. M., & Wittenbrink, B.",2002,The police officer's dilemma: Using ethnicity to disambiguate potentially threatening individuals,Journal of Personality and Social Psychology,10.1037/0022-3514.83.6.1314,12500813,,https://doi.org/10.1037/0022-3514.83.6.1314,hed_catalog,https://www.hedtags.org/hed-task/tasks/hedtsk_weapons_identification.html,SOC-WIT-001,false,
R0238,"Friederici, A. D.",2002,Towards a neural basis of auditory sentence processing,Trends in Cognitive Sciences,10.1016/s1364-6613(00)01839-8,15866191,,https://doi.org/10.1016/s1364-6613(00)01839-8,hed_catalog,https://www.hedtags.org/hed-task/tasks/hedtsk_sentence_comprehension.html,LAN-SC-001,false,
R0239,Blake R,2002,Visual competition,Nat Rev Neurosci,,11823801,,https://pubmed.ncbi.nlm.nih.gov/11823801/,web_search,,PER-BR-001;PER-BR-002,false,
R0240,Rosa MG,2002,Visual maps in the adult primate cerebral cortex: some implications for brain development and evolution,Brazilian Journal of Medical and Biological Research,10.1590/s0100-879x2002001200008,12436190,,https://doi.org/10.1590/s0100-879x2002001200008,wikipedia,https://en.wikipedia.org/wiki/Retinotopy,PER-RET-001,false,
R0241,"Haggard, P., Clark, S., & Kalogeras, J.",2002,Voluntary action and conscious awareness,"Nature Neuroscience, 5(4), 382-385",10.1038/nn827,11896397,,https://doi.org/10.1038/nn827,hed_catalog,https://www.hedtags.org/hed-task/tasks/hedtsk_intentional_binding.html,MOT-IB-001,false,
R0242,"Fiebach, C. J., Friederici, A. D., Muller, K., & von Cramon, D. Y.",2002,fMRI evidence for dual routes to the mental lexicon in visual word recognition,"Journal of Cognitive Neuroscience, 14(1), 11-23",10.1162/089892902317205285,11798383,,https://doi.org/10.1162/089892902317205285,hed_catalog,https://www.hedtags.org/hed-task/tasks/hedtsk_lexical_decision.html,LAN-LDT-001,false,
R0243,"Tombu M, Jolicoeur P",2003,A central capacity sharing model of dual-task performance,Journal of Experimental Psychology: Human Perception and Performance 29(1),10.1037/0096-1523.29.1.3,12669744,,https://pubmed.ncbi.nlm.nih.gov/12669744/,hed_catalog;web_search,https://www.hedtags.org/hed-task/tasks/hedtsk_psychological_refractory_period.html,CTL-DT-001,false,
R0244,Bar M.,2003,A cortical mechanism for triggering top-down facilitation in visual object recognition,Journal of Cognitive Neuroscience,10.1162/089892903321662976,12803970,,https://doi.org/10.1162/089892903321662976,wikipedia,https://en.wikipedia.org/wiki/Object_recognition_(cognitive_science),PER-CAT-001,false,
R0245,"Bowden, E. M., & Jung-Beeman, M.",2003,Aha! Insight experience correlates with solution activation in the right hemisphere,Psychonomic Bulletin & Review,10.3758/bf03196539,14620371,,https://doi.org/10.3758/bf03196539,hed_catalog,https://www.hedtags.org/hed-task/tasks/hedtsk_remote_associates.html,CTL-RAT-001,false,
R0246,"Munoz, D. P., Armstrong, I. T., Hampton, K. A., & Moore, K. D.",2003,Altered control of visual fixation and saccadic eye movements in attention-deficit hyperactivity disorder,Journal of Neurophysiology,10.1152/jn.00192.2003,12672781,,https://doi.org/10.1152/jn.00192.2003,hed_catalog,https://www.hedtags.org/hed-task/tasks/hedtsk_anti_saccade.html,CTL-AS-001,false,
R0247,"Rissman, J., Eliassen, J. C., & Blumstein, S. E.",2003,An event-related fMRI investigation of implicit semantic priming,Journal of Cognitive Neuroscience,10.1162/089892903322598120,14709234,,https://doi.org/10.1162/089892903322598120,hed_catalog,https://www.hedtags.org/hed-task/tasks/hedtsk_semantic_priming.html,LAN-PRIME-001,false,
R0248,"Kilner, J. M., Paulignan, Y., & Blakemore, S. J.",2003,An interference effect of observed biological movement on action,"Current Biology, 13(6), 522-525",10.1016/s0960-9822(03)00165-9,12646137,,https://doi.org/10.1016/s0960-9822(03)00165-9,hed_catalog,https://www.hedtags.org/hed-task/tasks/hedtsk_imitation_inhibition.html,SOC-IMIT-001,false,
R0249,Garcia-Larrea L,2003,Brain generators of laser-evoked potentials: from dipoles to functional significance,Neurophysiol Clin,,14678842,,https://pubmed.ncbi.nlm.nih.gov/14678842/,web_search,,PER-LEP-001,false,
R0250,Treede RD,2003,Clinical usefulness of laser-evoked potentials,Neurophysiol Clin,,14678844,,https://pubmed.ncbi.nlm.nih.gov/14678844/,web_search,https://pubmed.ncbi.nlm.nih.gov/23040705/,PER-LEP-001,false,
R0251,"Andrés, P.",2003,Frontal cortex as the central executive of working memory: Time to revise our view,Cortex,10.1016/s0010-9452(08)70868-2,,,https://doi.org/10.1016/s0010-9452(08)70868-2,hed_catalog,https://www.hedtags.org/hed-task/tasks/hedtsk_tower_of_london.html,CTL-TOL-001,false,
R0252,"Deecke, L.; Kornhuber, H.H.",2003,"Human freedom, reasoned will, and the brain. The Bereitschaftspotential story","In M Jahanshahi, M Hallett (Eds.): The Bereitschaftspotential, movement-related cortical potentials",,,,,wikipedia,https://en.wikipedia.org/wiki/Bereitschaftspotential,STA-SCP-001,false,
R0253,"Chun, M. M., & Jiang, Y.",2003,"Implicit, long-term spatial contextual memory","Journal of Experimental Psychology: Learning, Memory, and Cognition, 29(2), 224–234",10.1037/0278-7393.29.2.224,12696811,,https://doi.org/10.1037/0278-7393.29.2.224,hed_catalog,https://www.hedtags.org/hed-task/tasks/hedtsk_contextual_cueing.html,PER-CTXC-001,false,
R0254,"VanRullen, R., & Koch, C.",2003,Is perception discrete or continuous?,Trends in Cognitive Sciences,10.1016/s1364-6613(03)00095-0,12757822,,https://doi.org/10.1016/s1364-6613(03)00095-0,hed_catalog,https://www.hedtags.org/hed-task/tasks/hedtsk_visual_masking.html,PER-MASK-001,false,
R0255,"Sereno, S.; Rayner, K.",2003,Measuring word recognition in reading: eye movements and event-related potentials,"Trends in Cognitive Sciences, 7(11): 489–93",,,,,wikipedia,https://en.wikipedia.org/wiki/Eye_movement_in_reading,LAN-READ-001,false,
R0256,"Sanes, J. N.",2003,Neocortical mechanisms in motor learning,"Current Opinion in Neurobiology, 13(2), 225–231",10.1016/s0959-4388(03)00046-1,12744978,,https://doi.org/10.1016/s0959-4388(03)00046-1,hed_catalog,https://www.hedtags.org/hed-task/tasks/hedtsk_mirror_tracing.html,MOT-MIRR-001,false,
R0257,"Gray, J. R., Chabris, C. F., & Braver, T. S.",2003,Neural mechanisms of general fluid intelligence,"Nature Neuroscience, 6(3), 316–322",10.1038/nn1014,12592404,,https://doi.org/10.1038/nn1014,hed_catalog,https://www.hedtags.org/hed-task/tasks/hedtsk_ravens_progressive_matrices.html,CTL-RAVEN-001,false,
R0258,"Braver TS, Reynolds JR, Donaldson DI",2003,Neural mechanisms of transient and sustained cognitive control during task switching,Neuron 39(4),10.1016/s0896-6273(03)00466-5,12925284,,https://pubmed.ncbi.nlm.nih.gov/12925284/,hed_catalog;web_search,https://www.hedtags.org/hed-task/tasks/hedtsk_task_switching.html,CTL-SW-001,false,
R0259,"Compton, R. J., Banich, M. T., Mohanty, A., et al.",2003,Paying attention to emotion: An fMRI investigation of cognitive and emotional Stroop tasks,"Cognitive, Affective, & Behavioral Neuroscience, 3(2), 81-96",10.3758/cabn.3.2.81,12943324,,https://doi.org/10.3758/cabn.3.2.81,hed_catalog,https://www.hedtags.org/hed-task/tasks/hedtsk_emotional_stroop.html,EMO-EST-001,false,
R0260,"Saxe, R., & Kanwisher, N.",2003,"People thinking about thinking people: The role of the temporo-parietal junction in ""theory of mind.""","NeuroImage, 19(4), 1835-1842",10.1016/s1053-8119(03)00230-1,12948738,,https://doi.org/10.1016/s1053-8119(03)00230-1,hed_catalog;web_search,https://pubmed.ncbi.nlm.nih.gov/12948738/ ; https://www.hedtags.org/hed-task/tasks/hedtsk_false_belief.html,SOC-TOM-001;SOC-TOM-002,false,
R0261,Monsell S,2003,Task switching,Trends in Cognitive Sciences 7(3),10.1016/s1364-6613(03)00028-7,12639695,,https://pubmed.ncbi.nlm.nih.gov/12639695/,hed_catalog;web_search,https://www.hedtags.org/hed-task/tasks/hedtsk_task_switching.html,CTL-SW-001;CTL-SW-002,false,
R0262,"Smith, R. E.",2003,The cost of remembering to remember in event-based prospective memory: Investigating the capacity demands of delayed intention performance,"Journal of Experimental Psychology: Learning, Memory, and Cognition",10.1037/0278-7393.29.3.347,12776746,,https://doi.org/10.1037/0278-7393.29.3.347,hed_catalog,https://www.hedtags.org/hed-task/tasks/hedtsk_prospective_memory.html,MEM-PM-001,false,
R0263,"Fehr, E., & Fischbacher, U.",2003,The nature of human altruism,Nature,10.1038/nature02043,14574401,,https://doi.org/10.1038/nature02043,hed_catalog,https://www.hedtags.org/hed-task/tasks/hedtsk_prisoners_dilemma.html,SOC-TRUST-001,false,
R0264,"Sanfey, A. G., Rilling, J. K., Aronson, J. A., Nystrom, L. E., & Cohen, J. D.",2003,The neural basis of economic decision-making in the Ultimatum Game,Science,10.1126/science.1082976,12805551,,https://doi.org/10.1126/science.1082976,hed_catalog;web_search,https://pubmed.ncbi.nlm.nih.gov/12805551/ ; https://www.hedtags.org/hed-task/tasks/hedtsk_ultimatum_game.html,SOC-UG-001,false,
R0265,Hartley T et al.,2003,The well-worn route and the path less traveled: Distinct neural bases of route following and wayfinding in humans,Neuron 37(5),10.1016/s0896-6273(03)00095-3,12628177,,https://pubmed.ncbi.nlm.nih.gov/12628177/,hed_catalog;web_search,https://www.hedtags.org/hed-task/tasks/hedtsk_virtual_morris_water_maze.html,MEM-NAV-001,false,
R0266,"Greenwald, A. G., Nosek, B. A., & Banaji, M. R.",2003,Understanding and using the Implicit Association Test: I. An improved scoring algorithm,"Journal of Personality and Social Psychology, 85(2), 197–216",10.1037/0022-3514.85.2.197,12916565,,https://doi.org/10.1037/0022-3514.85.2.197,hed_catalog,https://www.hedtags.org/hed-task/tasks/hedtsk_implicit_association.html,SOC-IAT-001,false,
R0267,"Wilken, P.; Ma, W.J.",2004,A detection theory account of change detection,J Vis 4(12): 1120–1135,10.1167/4.12.11,15669916,,https://doi.org/10.1167/4.12.11,wikipedia,https://en.wikipedia.org/wiki/Visual_short-term_memory,MEM-CD-001;MEM-CD-002;MEM-RC-001,false,misassigned (moved from MEM-RC-001 to MEM-CD-001)
R0268,"Ratcliff, R., Gomez, P., & McKoon, G.",2004,A diffusion model account of the lexical decision task,"Psychological Review, 111(1), 159–182",10.1037/0033-295x.111.1.159,14756592,,https://doi.org/10.1037/0033-295x.111.1.159,hed_catalog,https://www.hedtags.org/hed-task/tasks/hedtsk_lexical_decision.html,LAN-LDT-001,false,
R0269,"Henry, J. D., & Crawford, J. R.",2004,A meta-analytic review of verbal fluency performance following focal cortical lesions,"Neuropsychology, 18(2), 284-295",10.1037/0894-4105.18.2.284,15099151,,https://doi.org/10.1037/0894-4105.18.2.284,hed_catalog,https://www.hedtags.org/hed-task/tasks/hedtsk_verbal_fluency.html,LAN-VF-001,false,
R0270,"Algom, D., Chajut, E., & Lev, S.",2004,"A rational look at the emotional Stroop phenomenon: A generic slowdown, not a Stroop effect","Journal of Experimental Psychology: General, 133(3), 323–338",10.1037/0096-3445.133.3.323,15355142,,https://doi.org/10.1037/0096-3445.133.3.323,hed_catalog,https://www.hedtags.org/hed-task/tasks/hedtsk_emotional_stroop.html,EMO-EST-001,false,
R0271,"Hoyer, W. J., Stawski, R. S., Wasylyshyn, C., & Verhaeghen, P.",2004,Adult age and digit symbol substitution performance: A meta-analysis,"Psychology and Aging, 19(1), 211–214",10.1037/0882-7974.19.1.211,15065945,,https://doi.org/10.1037/0882-7974.19.1.211,hed_catalog,https://www.hedtags.org/hed-task/tasks/hedtsk_digit_symbol_substitution.html,CTL-DSST-001,false,
R0272,"Frank MJ, Seeberger LC, O'Reilly RC",2004,By carrot or by stick: Cognitive reinforcement learning in parkinsonism,Science 306(5703),10.1126/science.1102941,15528409,,https://pubmed.ncbi.nlm.nih.gov/15528409/,hed_catalog;web_search,https://www.hedtags.org/hed-task/tasks/hedtsk_probabilistic_selection.html,ERR-PSEL-001,false,
R0273,"Boyd, L. A., & Winstein, C. J.",2004,Cerebellar stroke impairs temporal but not spatial accuracy during implicit motor learning,"Neurorehabilitation and Neural Repair, 18(3), 134–143",10.1177/0888439004269072,15375273,,https://doi.org/10.1177/0888439004269072,hed_catalog,https://www.hedtags.org/hed-task/tasks/hedtsk_mirror_tracing.html,MOT-MIRR-001,false,
R0274,"Booth, J. R., Burman, D. D., Meyer, J. R., et al.",2004,Development of brain mechanisms for processing orthographic and phonological representations,Journal of Cognitive Neuroscience,10.1162/0898929041920496,15453976,,https://doi.org/10.1162/0898929041920496,hed_catalog,https://www.hedtags.org/hed-task/tasks/hedtsk_phonological_awareness.html,LAN-PHA-001,false,
R0275,"Windmann, S",2004,Effects of sentence context and expectation on the McGurk illusion,Journal of Memory and Language 50 (1): 212–230,10.1016/j.jml.2003.10.001,,,https://doi.org/10.1016/j.jml.2003.10.001,wikipedia,https://en.wikipedia.org/wiki/McGurk_effect,PER-MSI-001,false,
R0276,"Phelps, E. A., Delgado, M. R., Nearing, K. I., & LeDoux, J. E.",2004,Extinction learning in humans: Role of the amygdala and vmPFC,Neuron,10.1016/j.neuron.2004.08.042,15363399,,https://doi.org/10.1016/j.neuron.2004.08.042,hed_catalog,https://www.hedtags.org/hed-task/tasks/hedtsk_pavlovian_fear_conditioning.html,EMO-FC-001;EMO-FC-003,false,
R0277,"Sergent, C., & Dehaene, S.",2004,Is consciousness a gradual phenomenon? Evidence for an all-or-none bifurcation during the attentional blink,Psychological Science,10.1111/j.0956-7976.2004.00748.x,15482443,,https://doi.org/10.1111/j.0956-7976.2004.00748.x,hed_catalog,https://www.hedtags.org/hed-task/tasks/hedtsk_visual_masking.html,PER-MASK-001,false,
R0278,"Munoz DP, Everling S",2004,Look away: The anti-saccade task and the voluntary control of eye movement,Nature Reviews Neuroscience 5(3),10.1038/nrn1345,14976521,,https://www.hedtags.org/hed-task/tasks/hedtsk_anti_saccade.html,hed_catalog;web_search,https://www.hedtags.org/hed-task/tasks/hedtsk_anti_saccade.html,CTL-AS-001,false,
R0279,van Schie HT et al.,2004,Modulation of activity in medial frontal and motor cortices during error observation,Nature Neuroscience,10.1038/nn1239,,,https://link.springer.com/article/10.1038/nn1239,web_search,,ERR-OBS-001,false,
R0280,"Haaland, K. Y., Elsinger, C. L., Mayer, A. R., Durgerian, S., & Rao, S. M.",2004,Motor sequence complexity and performing hand produce differential patterns of hemispheric lateralization,"Journal of Cognitive Neuroscience, 16(4), 621–636",10.1162/089892904323057344,15165352,,https://doi.org/10.1162/089892904323057344,hed_catalog,https://www.hedtags.org/hed-task/tasks/hedtsk_finger_tapping.html,MOT-ME-001;MOT-ME-004,false,
R0281,"Berckmoes, Celine; Guy Vingerhoets",2004,Neural Foundations of Emotional Speech Processing,Current Directions in Psychological Science,10.1111/j.0963-7214.2004.00303.x,,,https://doi.org/10.1111/j.0963-7214.2004.00303.x,wikipedia,https://en.wikipedia.org/wiki/Emotional_prosody,EMO-SOUND-001,false,
R0282,"Vogel EK, Machizawa MG",2004,Neural activity predicts individual differences in visual working memory capacity,Nature 428(6984),10.1038/nature02447,15085132,,https://pubmed.ncbi.nlm.nih.gov/15085132/,hed_catalog;web_search,https://www.hedtags.org/hed-task/tasks/hedtsk_change_detection.html,MEM-CD-001;MEM-CD-003,false,
R0283,"Jung-Beeman, M., Bowden, E. M., Haberman, J., Frymiare, J. L., Arambel-Liu, S., Greenblatt, R., … & Kounios, J.",2004,Neural activity when people solve verbal problems with insight,PLoS Biology,10.1371/journal.pbio.0020097,15094802,,https://doi.org/10.1371/journal.pbio.0020097,hed_catalog,https://www.hedtags.org/hed-task/tasks/hedtsk_remote_associates.html,CTL-RAT-001,false,
R0284,"Amodio, D. M., Harmon-Jones, E., Devine, P. G., Curtin, J. J., Hartley, S. L., & Covert, A. E.",2004,Neural signals for the detection of unintentional race bias,Psychological Science,10.1111/j.0963-7214.2004.01502003.x,14738514,,https://doi.org/10.1111/j.0963-7214.2004.01502003.x,hed_catalog,https://www.hedtags.org/hed-task/tasks/hedtsk_weapons_identification.html,SOC-WIT-001,false,
R0285,"Behrmann, M., Geng, J. J., & Shomstein, S.",2004,Parietal cortex and attention,Current Opinion in Neurobiology,10.1016/j.conb.2004.03.012,15082327,,https://doi.org/10.1016/j.conb.2004.03.012,hed_catalog,https://www.hedtags.org/hed-task/tasks/hedtsk_visual_search.html,PER-VS-001,false,
R0286,"Salter, Jennifer E.; Laurie R. Wishart; Timothy D. Lee; Dominic Simon",2004,Perceptual and motor contributions to bimanual coordination,Neuroscience Letters,10.1016/j.neulet.2004.03.071,15172094,,https://doi.org/10.1016/j.neulet.2004.03.071,wikipedia,https://en.wikipedia.org/wiki/Bimanual_coordination,MOT-BIMAN-001,false,
R0287,"Unterrainer, J. M., Rahm, B., Kaller, C. P., et al.",2004,Planning abilities and the Tower of London: Is this task measuring a discrete cognitive function?,Journal of Clinical and Experimental Neuropsychology,10.1080/13803390490509574,15370380,,https://doi.org/10.1080/13803390490509574,hed_catalog,https://www.hedtags.org/hed-task/tasks/hedtsk_tower_of_london.html,CTL-TOL-001,false,
R0288,McClure SM et al.,2004,Separate neural systems value immediate and delayed monetary rewards,Science 306(5695),10.1126/science.1100907,15486304,,https://pubmed.ncbi.nlm.nih.gov/15486304/,hed_catalog;web_search,https://www.hedtags.org/hed-task/tasks/hedtsk_delay_discounting.html,CTL-DD-001,false,
R0289,"Astur, R. S., Tropp, J., Sava, S., Constable, R. T., & Markus, E. J.",2004,"Sex differences and correlations in a virtual Morris water task, a virtual radial arm maze, and mental rotation",Behavioural Brain Research,10.1016/j.bbr.2003.08.024,15084426,,https://doi.org/10.1016/j.bbr.2003.08.024,hed_catalog,https://www.hedtags.org/hed-task/tasks/hedtsk_virtual_radial_arm_maze.html,MEM-NAV-001;MEM-NAV-002;MEM-NAV-003,false,
R0290,"Smallwood, J., Davies, J. B., Heim, D., Finnigan, F., Sudberry, M., O'Connor, R., & Obonsawin, M.",2004,Subjective experience and the attentional lapse: Task engagement and disengagement during sustained attention,Consciousness and Cognition,10.1016/j.concog.2004.06.003,15522626,,https://doi.org/10.1016/j.concog.2004.06.003,hed_catalog,https://www.hedtags.org/hed-task/tasks/hedtsk_sustained_attention_to_response.html,CTL-SART-001,false,
R0291,"Hopp, J.Johanna; Fuchs, Albert F",2004,The characteristics and neuronal substrate of saccadic eye movement plasticity,Progress in Neurobiology,10.1016/j.pneurobio.2003.12.002,15019175,,https://doi.org/10.1016/j.pneurobio.2003.12.002,wikipedia,https://en.wikipedia.org/wiki/Saccade,MOT-SACC-001,false,
R0292,"Grill-Spector, K., Knouf, N., & Kanwisher, N.",2004,"The fusiform face area subserves face perception, not generic within-category identification","Nature Neuroscience, 7(5), 555-562",10.1038/nn1224,15077112,,https://doi.org/10.1038/nn1224,hed_catalog,https://www.hedtags.org/hed-task/tasks/hedtsk_face_processing.html,PER-FACE-001,false,
R0293,"Calvert, Gemma; Spence, Charles; Stein, Barry E.",2004,The handbook of multisensory processes,"Cambridge, Mass.: MIT Press",,,,,wikipedia,https://en.wikipedia.org/wiki/McGurk_effect,PER-MSI-001;PER-MSI-002,false,
R0294,"Indefrey, P., & Levelt, W. J. M.",2004,The spatial and temporal signatures of word production components,Cognition,10.1016/j.cognition.2002.06.001,15037128,,https://doi.org/10.1016/j.cognition.2002.06.001,hed_catalog,https://www.hedtags.org/hed-task/tasks/hedtsk_picture_naming.html,LAN-PN-001,false,
R0295,"Talavage TM, et al.",2004,Tonotopic organization in human auditory cortex revealed by progressions of frequency sensitivity,Journal of Neurophysiology,10.1152/jn.01125.2002,14614108,,https://doi.org/10.1152/jn.01125.2002,wikipedia,https://en.wikipedia.org/wiki/Tonotopy,PER-TON-001,false,
R0296,"Henrich, J., Boyd, R., Bowles, S., et al.",2005,"""Economic man"" in cross-cultural perspective: Behavioral experiments in 15 small-scale societies",Behavioral and Brain Sciences,10.1017/s0140525x05000142,16372952,,https://doi.org/10.1017/s0140525x05000142,hed_catalog,https://www.hedtags.org/hed-task/tasks/hedtsk_ultimatum_game.html,SOC-UG-001,false,
R0297,"Unsworth, N., Heitz, R. P., Schrock, J. C., & Engle, R. W.",2005,An automated version of the operation span task.,Behavior Research Methods,10.3758/bf03192720,16405146,,https://doi.org/10.3758/bf03192720,hed_catalog,https://www.hedtags.org/hed-task/tasks/hedtsk_operation_span.html,MEM-OSPAN-001,false,
R0298,"Most, S. B., Chun, M. M., Widders, D. M., & Zald, D. H.",2005,Attentional rubbernecking: Cognitive control and personality in emotion-induced blindness,Psychonomic Bulletin & Review,10.3758/bf03196754,16447378,,https://doi.org/10.3758/bf03196754,hed_catalog,https://www.hedtags.org/hed-task/tasks/hedtsk_rapid_serial_visual_presentation.html,PER-RSVP-001;PER-ODD-001,false,
R0299,"Marois, R., & Ivanoff, J.",2005,Capacity limits of information processing in the brain,Trends in Cognitive Sciences,10.1016/j.tics.2005.04.010,15925809,,https://doi.org/10.1016/j.tics.2005.04.010,hed_catalog,https://www.hedtags.org/hed-task/tasks/hedtsk_rapid_serial_visual_presentation.html,PER-RSVP-001;PER-ODD-001,false,
R0300,"Polyn, S. M., Natu, V. S., Cohen, J. D., & Norman, K. A.",2005,Category-specific cortical activity precedes retrieval during memory search,"Science, 310(5749), 1963-1966",10.1126/science.1117645,16373577,,https://doi.org/10.1126/science.1117645,hed_catalog,https://www.hedtags.org/hed-task/tasks/hedtsk_free_recall.html,MEM-FR-001,false,
R0301,"Novick, J. M., Trueswell, J. C., & Thompson-Schill, S. L.",2005,Cognitive control and parsing: Reexamining the role of Broca's area in sentence comprehension,"Cognitive, Affective, & Behavioral Neuroscience",10.3758/cabn.5.3.263,16396089,,https://doi.org/10.3758/cabn.5.3.263,hed_catalog,https://www.hedtags.org/hed-task/tasks/hedtsk_sentence_comprehension.html,LAN-SC-001,false,
R0302,"Egner, T., & Hirsch, J.",2005,Cognitive control mechanisms resolve conflict through cortical amplification of task-relevant information,"Nature Neuroscience, 8(12), 1784-1790",10.1038/nn1594,16286928,,https://doi.org/10.1038/nn1594,hed_catalog,https://www.hedtags.org/hed-task/tasks/hedtsk_eriksen_flanker.html,CTL-FLK-001,false,
R0303,Wager TD et al.,2005,Common and unique components of response inhibition revealed by fMRI,NeuroImage 27(3),10.1016/j.neuroimage.2005.01.054,16019232,,https://pubmed.ncbi.nlm.nih.gov/16019232/,hed_catalog;web_search,https://www.hedtags.org/hed-task/tasks/hedtsk_stroop_color_word.html,CTL-STR-001,false,
R0304,"Hinton-Bayre, A. D., & Geffen, G. M.",2005,"Comparability, reliability, and practice effects on alternate forms of the Digit Symbol Substitution and Symbol Digit Modalities Tests","Psychological Assessment, 17(2), 237–241",10.1037/1040-3590.17.2.237,16029111,,https://doi.org/10.1037/1040-3590.17.2.237,hed_catalog,https://www.hedtags.org/hed-task/tasks/hedtsk_digit_symbol_substitution.html,CTL-DSST-001,false,
R0305,"Hunt, M. K., Hopko, D. R., Bare, R., Lejuez, C. W., & Robinson, E. V.",2005,Construct validity of the Balloon Analog Risk Task (BART),"Assessment, 12(4), 416–428",10.1177/1073191105278740,16244122,,https://doi.org/10.1177/1073191105278740,hed_catalog,https://www.hedtags.org/hed-task/tasks/hedtsk_balloon_analog_risk.html,CTL-BART-001,false,
R0306,"Anthony, J. L., & Francis, D. J.",2005,Development of phonological awareness,Current Directions in Psychological Science,10.1111/j.0963-7214.2005.00376.x,,,https://doi.org/10.1111/j.0963-7214.2005.00376.x,hed_catalog,https://www.hedtags.org/hed-task/tasks/hedtsk_phonological_awareness.html,LAN-PHA-001,false,
R0307,"Perales, J. C., Catena, A., Shanks, D. R., & Gonzalez, J. A.",2005,Dissociation between judgments and outcome-expectancy measures in covariation learning: A signal detection theory approach,"Journal of Experimental Psychology: Learning, Memory, and Cognition, 31(5), 1105-1120",10.1037/0278-7393.31.5.1105,16248753,,https://doi.org/10.1037/0278-7393.31.5.1105,hed_catalog,https://www.hedtags.org/hed-task/tasks/hedtsk_causal_learning.html,ERR-CAUS-001,false,
R0308,"Onishi, K. H., & Baillargeon, R.",2005,Do 15-month-old infants understand false beliefs?,"Science, 308(5719), 255–258",10.1126/science.1107621,15821091,,https://doi.org/10.1126/science.1107621,hed_catalog,https://www.hedtags.org/hed-task/tasks/hedtsk_false_belief.html,SOC-TOM-001,false,
R0309,"Wiegand, K., & Wascher, E.",2005,Dynamic aspects of stimulus-response correspondence: Evidence for two mechanisms involved in the Simon effect,"Journal of Experimental Psychology: Human Perception and Performance, 31(3), 453–464",10.1037/0096-1523.31.3.453,15982125,,https://doi.org/10.1037/0096-1523.31.3.453,hed_catalog,https://www.hedtags.org/hed-task/tasks/hedtsk_simon.html,CTL-SIM-001,false,
R0310,"Frank, M. J.",2005,Dynamic dopamine modulation in the basal ganglia: A neurocomputational account of cognitive deficits in medicated and nonmedicated parkinsonism,Journal of Cognitive Neuroscience,10.1162/0898929052880093,15701239,,https://doi.org/10.1162/0898929052880093,hed_catalog,https://www.hedtags.org/hed-task/tasks/hedtsk_probabilistic_selection.html,ERR-PSEL-001,false,
R0311,"Rayner, K.; Pollatsek, J.; Alexander, B.",2005,Eye movements during reading,The science of reading: A handbook,,,,,wikipedia,https://en.wikipedia.org/wiki/Eye_movement_in_reading,LAN-READ-001,false,behaviour_only
R0312,"King-Casas, B., Tomlin, D., Anen, C., Camerer, C. F., Quartz, S. R., & Montague, P. R.",2005,Getting to know you: Reputation and trust in a two-person economic exchange,Science,10.1126/science.1108062,15802598,,https://doi.org/10.1126/science.1108062,hed_catalog,https://www.hedtags.org/hed-task/tasks/hedtsk_trust_game.html,SOC-TRUST-001;SOC-TRUST-003,false,
R0313,"Crawford, T. J., Higham, S., Renvoize, T., Patel, J., Dale, M., Surber, A., & Smeeton, R.",2005,Inhibitory control of saccadic eye movements and cognitive impairment in Alzheimer's disease,Biological Psychiatry,10.1016/j.biopsych.2005.01.017,15860346,,https://doi.org/10.1016/j.biopsych.2005.01.017,hed_catalog,https://www.hedtags.org/hed-task/tasks/hedtsk_anti_saccade.html,CTL-AS-001,false,
R0314,"Li, Y.; Levin, O.; Forner-Cordero, A.; Swinnen, SP.",2005,Interactions between interlimb and intralimb coordination during the performance of bimanual multijoint movements,Exp Brain Res,10.1007/s00221-004-2206-5,15657696,,https://doi.org/10.1007/s00221-004-2206-5,wikipedia,https://en.wikipedia.org/wiki/Bimanual_coordination,MOT-BIMAN-001,false,
R0315,"Levy, L. J., Astur, R. S., & Frick, K. M.",2005,Men and women differ in object memory but not performance of a virtual radial maze,Behavioral Neuroscience,10.1037/0735-7044.119.4.853,16187814,,https://doi.org/10.1037/0735-7044.119.4.853,hed_catalog,https://www.hedtags.org/hed-task/tasks/hedtsk_virtual_radial_arm_maze.html,MEM-NAV-001;MEM-NAV-002,false,
R0316,"Zatorre, R. J., & Halpern, A. R.",2005,Mental concerts: musical imagery and auditory cortex,"Neuron, 47(1), 9-12",,,,,wikipedia,https://en.wikipedia.org/wiki/Auditory_imagery,IMG-AUD-001;IMG-AUD-002,false,
R0317,"Neumann, J., Lohmann, G., Derrfuss, J., & von Cramon, D. Y.",2005,Meta-analysis of functional imaging data using replicator dynamics,Human Brain Mapping,10.1002/hbm.20133,15846812,,https://doi.org/10.1002/hbm.20133,hed_catalog,https://www.hedtags.org/hed-task/tasks/hedtsk_stroop_color_word.html,CTL-STR-001,false,
R0318,"Wallsten, T. S., Pleskac, T. J., & Lejuez, C. W.",2005,Modeling behavior in a clinically diagnostic sequential risk-taking task,"Psychological Review, 112(4), 862–880",10.1037/0033-295x.112.4.862,16262471,,https://doi.org/10.1037/0033-295x.112.4.862,hed_catalog,https://www.hedtags.org/hed-task/tasks/hedtsk_balloon_analog_risk.html,CTL-BART-001,false,
R0319,Owen AM et al.,2005,N-back working memory paradigm: A meta-analysis of normative functional neuroimaging studies,Human Brain Mapping 25(1),10.1002/hbm.20131,15846822,,https://pubmed.ncbi.nlm.nih.gov/15846822/,hed_catalog;web_search,https://www.hedtags.org/hed-task/tasks/hedtsk_n_back.html,MEM-NBK-001;MEM-NBK-002,false,
R0320,"Corbetta, M., Kincade, J. M., Lewis, C., Snyder, A. Z., & Sapir, A.",2005,Neural basis and recovery of spatial attention deficits in spatial neglect,Nature Neuroscience,10.1038/nn1574,16234807,,https://doi.org/10.1038/nn1574,hed_catalog,https://www.hedtags.org/hed-task/tasks/hedtsk_posner_spatial_cueing.html,PER-CUE-001,false,
R0321,"Dehaene-Lambertz, G., et al.",2005,Neural correlates of switching from auditory to speech perception,NeuroImage 24(1): 21–33,10.1016/j.neuroimage.2004.09.039,15588593,,https://doi.org/10.1016/j.neuroimage.2004.09.039,wikipedia,https://en.wikipedia.org/wiki/Speech_perception,LAN-PCAT-001;LAN-HIER-001,false,misassigned (moved from LAN-HIER-001 to LAN-PCAT-001)
R0322,"Sabatinelli, D., Bradley, M. M., Fitzsimmons, J. R., & Lang, P. J.",2005,Parallel amygdala and inferotemporal activation reflect emotional intensity and fear relevance,NeuroImage,10.1016/j.neuroimage.2004.12.015,15670706,,https://doi.org/10.1016/j.neuroimage.2004.12.015,hed_catalog,https://www.hedtags.org/hed-task/tasks/hedtsk_affective_picture_viewing.html,EMO-IAPS-001,false,
R0323,"Evans, K. & Treisman, A.",2005,Perception of Objects in Natural Scenes: Is it really attention free?,"Journal of Experimental Psychology: Human Perception and Performance, 31(6), 1476-1492",,,,,wikipedia,https://en.wikipedia.org/wiki/Natural_scene_perception,PER-NAT-001,false,
R0324,"Edwards, J. D., Vance, D. E., Wadley, V. G., Cissell, G. M., Roenker, D. L., & Ball, K. K.",2005,Reliability and validity of useful field of view test scores as administered by personal computer,Journal of Clinical and Experimental Neuropsychology,10.1080/13803390490515432,16019630,,https://doi.org/10.1080/13803390490515432,hed_catalog,https://www.hedtags.org/hed-task/tasks/hedtsk_useful_field_of_view.html,PER-UFOV-001,false,
R0325,"Izaute, M., & Bacon, E.",2005,Specific effects of an amnesic drug: Effect of midazolam on study time allocation and on judgment of learning,"Neuropsychopharmacology, 30(6), 1132-1139",10.1038/sj.npp.1300564,,,https://doi.org/10.1038/sj.npp.1300564,hed_catalog,https://www.hedtags.org/hed-task/tasks/hedtsk_feeling_of_knowing.html,MEM-META-001,false,
R0326,"Bartholow, B. D., Pearson, M. A., Dickter, C. L., Sher, K. J., Fabiani, M., & Gratton, G.",2005,Strategic control and medial frontal negativity: Beyond errors and response conflict,Psychophysiology,10.1111/j.1469-8986.2005.00258.x,15720579,,https://doi.org/10.1111/j.1469-8986.2005.00258.x,hed_catalog,https://www.hedtags.org/hed-task/tasks/hedtsk_weapons_identification.html,SOC-WIT-001,false,
R0327,"Griffiths, T. L., & Tenenbaum, J. B.",2005,Structure and strength in causal induction,"Cognitive Psychology, 51(4), 334-384",10.1016/j.cogpsych.2005.05.004,16168981,,https://doi.org/10.1016/j.cogpsych.2005.05.004,hed_catalog,https://www.hedtags.org/hed-task/tasks/hedtsk_causal_learning.html,ERR-CAUS-001,false,
R0328,"Linden, D. E. J.",2005,The P300: Where in the brain is it produced and what does it tell us?,Neuroscientist,10.1177/1073858405280524,16282597,,https://doi.org/10.1177/1073858405280524,hed_catalog,https://www.hedtags.org/hed-task/tasks/hedtsk_oddball.html,PER-ODD-001,false,
R0329,Fan J et al.,2005,The activation of attentional networks,NeuroImage 26(2),10.1016/j.neuroimage.2005.02.004,15907304,,https://pubmed.ncbi.nlm.nih.gov/15907304/,hed_catalog;web_search,https://www.hedtags.org/hed-task/tasks/hedtsk_attention_network.html,CTL-ANT-001,false,
R0330,"Drummond, S. P. A., Bischoff-Grethe, A., Dinges, D. F., Ayalon, L., Mednick, S. C., & Meloy, M. J.",2005,The neural basis of the Psychomotor Vigilance Task,Sleep,10.1093/sleep/28.9.1059,16268374,,https://doi.org/10.1093/sleep/28.9.1059,hed_catalog,https://www.hedtags.org/hed-task/tasks/hedtsk_psychomotor_vigilance.html,STA-PVT-001,false,
R0331,"Cavanagh, P., & Alvarez, G. A.",2005,Tracking multiple targets with multifocal attention,"Trends in Cognitive Sciences, 9(7), 349–354",10.1016/j.tics.2005.05.009,15953754,,https://doi.org/10.1016/j.tics.2005.05.009,hed_catalog,https://www.hedtags.org/hed-task/tasks/hedtsk_multiple_object_tracking.html,PER-MOT-001,false,
R0332,"Nosek, B. A., Greenwald, A. G., & Banaji, M. R.",2005,Understanding and using the Implicit Association Test: II. Method variables and construct validity,"Personality and Social Psychology Bulletin, 31(2), 166–180",10.1177/0146167204271418,15619590,,https://doi.org/10.1177/0146167204271418,hed_catalog,https://www.hedtags.org/hed-task/tasks/hedtsk_implicit_association.html,SOC-IAT-001,false,
R0333,"Schmukle, S. C.",2005,Unreliability of the dot probe task,"European Journal of Personality, 19(7), 595–605",10.1002/per.554,,,https://doi.org/10.1002/per.554,hed_catalog,https://www.hedtags.org/hed-task/tasks/hedtsk_dot_probe.html,EMO-DOT-001,false,
R0334,"Wandell BA, Brewer AA, Dougherty RF",2005,Visual field map clusters in human cortex,"Philosophical Transactions of the Royal Society of London. Series B, Biological Sciences",10.1098/rstb.2005.1628,15937008,,https://doi.org/10.1098/rstb.2005.1628,wikipedia,https://en.wikipedia.org/wiki/Retinotopy,PER-RET-001;PER-RET-002,false,
R0335,"Conway, A. R. A., Kane, M. J., Bunting, M. F., Hambrick, D. Z., Wilhelm, O., & Engle, R. W.",2005,Working memory span tasks: A methodological review and user's guide.,Psychonomic Bulletin & Review,10.3758/bf03196772,16523997,,https://doi.org/10.3758/bf03196772,hed_catalog,https://www.hedtags.org/hed-task/tasks/hedtsk_operation_span.html,MEM-OSPAN-001,false,
R0336,"Bowie, C. R., & Harvey, P. D.",2006,Administration and interpretation of the Trail Making Test,Nature Protocols,10.1038/nprot.2006.390,17406468,,https://doi.org/10.1038/nprot.2006.390,hed_catalog,https://www.hedtags.org/hed-task/tasks/hedtsk_trail_making.html,CTL-TMT-001,false,
R0337,"Aron, A. R., & Poldrack, R. A.",2006,Cortical and subcortical contributions to Stop signal response inhibition: Role of the subthalamic nucleus,Journal of Neuroscience,10.1523/jneurosci.4682-05.2006,16510720,,https://doi.org/10.1523/jneurosci.4682-05.2006,hed_catalog,https://www.hedtags.org/hed-task/tasks/hedtsk_stop_signal.html,CTL-SST-001,false,
R0338,Daw ND et al.,2006,Cortical substrates for exploratory decisions in humans,Nature 441,10.1038/nature04766,16778890,,https://pubmed.ncbi.nlm.nih.gov/16778890/,hed_catalog;web_search,https://www.hedtags.org/hed-task/tasks/hedtsk_multi_armed_bandit.html,ERR-BANDIT-001,false,
R0339,"Pagulayan, K. F., Busch, R. M., Medina, K. L., Bartok, J. A., & Krikorian, R.",2006,Developmental normative data for the Corsi Block-Tapping Task,"Journal of Clinical and Experimental Neuropsychology, 28(6), 1043–1052",10.1080/13803390500350977,16822742,,https://doi.org/10.1080/13803390500350977,hed_catalog,https://www.hedtags.org/hed-task/tasks/hedtsk_corsi_block_tapping.html,MEM-SWM-001,false,
R0340,"Tehovnik, E. J.; Tolias, A. S.; Sultan, F.; Slocum, W. M.; Logothetis, N. K.",2006,Direct and Indirect Activation of Cortical Neurons by Electrical Microstimulation,Journal of Neurophysiology,10.1152/jn.00126.2006,16835359,,https://doi.org/10.1152/jn.00126.2006,wikipedia,https://en.wikipedia.org/wiki/Microstimulation,STM-ICMS-001,false,
R0341,"Moll, J., Krueger, F., Zahn, R., Pardini, M., de Oliveira-Souza, R., & Grafman, J.",2006,Human fronto-mesolimbic networks guide decisions about charitable donation,"Proceedings of the National Academy of Sciences, 103(42), 15623-15628",10.1073/pnas.0604475103,17030808,,https://doi.org/10.1073/pnas.0604475103,hed_catalog,https://www.hedtags.org/hed-task/tasks/hedtsk_dictator_game.html,SOC-DICT-001;SOC-DICT-002,false,
R0342,"Siegert, R. J., Taylor, K. D., Weatherall, M., & Abernethy, D. A.",2006,Is implicit sequence learning impaired in Parkinson's disease? A meta-analysis,Neuropsychology,10.1037/0894-4105.20.4.490,16846267,,https://doi.org/10.1037/0894-4105.20.4.490,hed_catalog,https://www.hedtags.org/hed-task/tasks/hedtsk_serial_reaction_time.html,MOT-SRT-001,false,
R0343,,2006,JNEUROSCI.0875-06.2006 (title not shown in result),Journal of Neuroscience,10.1523/jneurosci.0875-06.2006,,,https://www.doi.org/10.1523/JNEUROSCI.0875-06.2006,web_search,,PER-CVA-001,false,
R0344,"Foerde, K., Knowlton, B. J., & Poldrack, R. A.",2006,Modulation of competing memory systems by distraction,Proceedings of the National Academy of Sciences,10.1073/pnas.0602659103,16868087,,https://doi.org/10.1073/pnas.0602659103,hed_catalog,https://www.hedtags.org/hed-task/tasks/hedtsk_probabilistic_classification_learning.html,ERR-PCL-001,false,
R0345,"Halsband, U., & Lange, R. K.",2006,Motor learning in man: A review of functional and clinical studies,"Journal of Physiology-Paris, 99(4-6), 414–424",10.1016/j.jphysparis.2006.03.007,16730432,,https://doi.org/10.1016/j.jphysparis.2006.03.007,hed_catalog,https://www.hedtags.org/hed-task/tasks/hedtsk_mirror_tracing.html,MOT-MIRR-001,false,
R0346,Tong F,2006,Neural bases of binocular rivalry,Trends Cogn Sci,,16997612,,https://pubmed.ncbi.nlm.nih.gov/16997612/,web_search,,PER-BR-001;PER-BR-002,false,
R0347,"Sederberg, P. B., Gauthier, L. V., Terushkin, V., Miller, J. F., Barnathan, J. A., & Kahana, M. J.",2006,Oscillatory correlates of the primacy effect in episodic memory,"NeuroImage, 32(3), 1422-1431",10.1016/j.neuroimage.2006.04.223,16814568,,https://doi.org/10.1016/j.neuroimage.2006.04.223,hed_catalog,https://www.hedtags.org/hed-task/tasks/hedtsk_free_recall.html,MEM-FR-001,false,
R0348,"Unterrainer JM, Owen AM",2006,Planning and problem solving: From neuropsychology to functional neuroimaging,Journal of Physiology-Paris 99(4-6),10.1016/j.jphysparis.2006.03.014,16750617,,https://pubmed.ncbi.nlm.nih.gov/16750617/,hed_catalog;web_search,https://www.hedtags.org/hed-task/tasks/hedtsk_tower_of_london.html,CTL-TOL-001,false,
R0349,"Etkin, A., Egner, T., Peraza, D. M., Kandel, E. R., & Hirsch, J.",2006,Resolving emotional conflict: A role for the rostral anterior cingulate cortex in modulating activity in the amygdala,"Neuron, 51(6), 871-882",10.1016/j.neuron.2006.07.029,16982430,,https://doi.org/10.1016/j.neuron.2006.07.029,hed_catalog,https://www.hedtags.org/hed-task/tasks/hedtsk_emotional_stroop.html,EMO-EST-001,false,
R0350,"Martin, R. C., & Cheng, Y.",2006,Selection demands versus association strength in the verb generation task,Psychonomic Bulletin & Review,10.3758/bf03193859,17048721,,https://doi.org/10.3758/bf03193859,hed_catalog,https://www.hedtags.org/hed-task/tasks/hedtsk_verb_generation.html,LAN-VG-001,false,
R0351,"Northoff, G., Heinzel, A., de Greck, M., Bermpohl, F., Dobrowolny, H., & Panksepp, J.",2006,Self-referential processing in our brain — A meta-analysis of imaging studies on the self,NeuroImage,10.1016/j.neuroimage.2005.12.002,16466680,,https://doi.org/10.1016/j.neuroimage.2005.12.002,hed_catalog,https://www.hedtags.org/hed-task/tasks/hedtsk_self_referential_encoding.html,MEM-SRE-001,false,
R0352,"Meeter, M., Myers, C. E., Shohamy, D., Hopkins, R. O., & Gluck, M. A.",2006,Strategies in probabilistic categorization: Results from a new way of analyzing performance,Learning & Memory,10.1101/lm.43006,16547162,,https://doi.org/10.1101/lm.43006,hed_catalog,https://www.hedtags.org/hed-task/tasks/hedtsk_probabilistic_classification_learning.html,ERR-PCL-001,false,
R0353,"Schoenberg, M. R., Dawson, K. A., Duff, K., Patton, D., Scott, J. G., & Adams, R. L.",2006,Test performance and classification statistics for the Rey Auditory Verbal Learning Test in selected clinical samples,Archives of Clinical Neuropsychology,10.1016/j.acn.2006.06.010,16987634,,https://doi.org/10.1016/j.acn.2006.06.010,hed_catalog,https://www.hedtags.org/hed-task/tasks/hedtsk_rey_auditory_verbal_learning.html,MEM-FR-001;MEM-FR-002,false,
R0354,"Duchaine, B., & Nakayama, K.",2006,The Cambridge Face Memory Test: Results for neurologically intact individuals and an investigation of its validity using inverted face stimuli and prosopagnosic participants,"Neuropsychologia, 44(4), 576–585",10.1016/j.neuropsychologia.2005.07.001,16169565,,https://doi.org/10.1016/j.neuropsychologia.2005.07.001,hed_catalog,https://www.hedtags.org/hed-task/tasks/hedtsk_cambridge_face_memory.html,MEM-CFMT-001,false,
R0355,"Hutton SB, Ettinger U",2006,The antisaccade task as a research tool in psychopathology: A critical review,Psychophysiology 43(3),10.1111/j.1469-8986.2006.00403.x,16805870,,https://www.hedtags.org/hed-task/tasks/hedtsk_anti_saccade.html,hed_catalog;web_search,https://www.hedtags.org/hed-task/tasks/hedtsk_anti_saccade.html,CTL-AS-001,false,
R0356,"Smallwood, J., & Schooler, J. W.",2006,The restless mind,Psychological Bulletin,10.1037/0033-2909.132.6.946,17073528,,https://doi.org/10.1037/0033-2909.132.6.946,hed_catalog;wikipedia,https://en.wikipedia.org/wiki/Mind-wandering ; https://www.hedtags.org/hed-task/tasks/hedtsk_sustained_attention_to_response.html,CTL-SART-001;STA-MW-001;STA-MW-002,false,
R0357,"Erickson, Kirstin M.; Cole, Daniel J.",2007,Anesthetic Considerations for Awake Craniotomy for Epilepsy,"Anesthesiology Clinics 25 (3): 535–55, ix",10.1016/j.anclin.2007.06.001,17884707,,https://doi.org/10.1016/j.anclin.2007.06.001,wikipedia,https://en.wikipedia.org/wiki/Cortical_stimulation_mapping,STM-ECS-001,false,
R0358,"Palermo, R., & Rhodes, G.",2007,Are you always on my mind? A review of how face perception and attention interact,"Neuropsychologia, 45(1), 75–92",10.1016/j.neuropsychologia.2006.04.025,16797607,,https://doi.org/10.1016/j.neuropsychologia.2006.04.025,hed_catalog,https://www.hedtags.org/hed-task/tasks/hedtsk_facial_emotion_recognition.html,EMO-FACE-001,false,
R0359,"Del Cul, A., Baillet, S., & Dehaene, S.",2007,Brain dynamics underlying the nonlinear threshold for access to consciousness,PLoS Biology,10.1371/journal.pbio.0050260,17896866,,https://doi.org/10.1371/journal.pbio.0050260,hed_catalog,https://www.hedtags.org/hed-task/tasks/hedtsk_visual_masking.html,PER-MASK-001,false,
R0360,"McKone, E., Kanwisher, N., & Duchaine, B. C.",2007,Can generic expertise explain special processing for faces?,"Trends in Cognitive Sciences, 11(1), 8–15",10.1016/j.tics.2006.11.002,17129746,,https://doi.org/10.1016/j.tics.2006.11.002,hed_catalog,https://www.hedtags.org/hed-task/tasks/hedtsk_cambridge_face_memory.html,MEM-CFMT-001,false,
R0361,"Wixted, J. T.",2007,Dual-process theory and signal-detection theory of recognition memory,Psychological Review,10.1037/0033-295x.114.1.152,17227185,,https://doi.org/10.1037/0033-295x.114.1.152,hed_catalog,https://www.hedtags.org/hed-task/tasks/hedtsk_old_new_recognition_memory.html,MEM-ON-001,false,
R0362,"Barry, R. J., Clarke, A. R., Johnstone, S. J., Magee, C. A., & Rushby, J. A.",2007,EEG differences between eyes-closed and eyes-open resting conditions,Clinical Neurophysiology,10.1016/j.clinph.2007.07.028,17911042,,https://doi.org/10.1016/j.clinph.2007.07.028,hed_catalog;web_search,https://pubmed.ncbi.nlm.nih.gov/17911042/ ; https://www.hedtags.org/hed-task/tasks/hedtsk_rest.html,STA-REST-001;STA-REST-002,false,
R0363,"Rugg MD, Curran T",2007,Event-related potentials and recognition memory,Trends in Cognitive Sciences 11(6),10.1016/j.tics.2007.04.004,17481940,,https://pubmed.ncbi.nlm.nih.gov/17481940/,hed_catalog;web_search,https://www.hedtags.org/hed-task/tasks/hedtsk_old_new_recognition_memory.html,MEM-ON-001,false,
R0364,"Kane, M.J.; Brown, L.H.; McVay, J.C.; et al.",2007,"For Whom the Mind Wanders, and When: An Experience-Sampling Study of Working Memory and Executive Control in Daily Life",Psychological Science 18 (7): 614–621,10.1111/j.1467-9280.2007.01948.x,17614870,,https://doi.org/10.1111/j.1467-9280.2007.01948.x,wikipedia,https://en.wikipedia.org/wiki/Mind-wandering,STA-MW-001,false,
R0365,"Frank, M. J., Moustafa, A. A., Haughey, H. M., Curran, T., & Hutchison, K. E.",2007,Genetic triple dissociation reveals multiple roles for dopamine in reinforcement learning,Proceedings of the National Academy of Sciences,10.1073/pnas.0706111104,17913879,,https://doi.org/10.1073/pnas.0706111104,hed_catalog,https://www.hedtags.org/hed-task/tasks/hedtsk_probabilistic_selection.html,ERR-PSEL-001,false,
R0366,"Bohbot, V. D., Lerch, J., Bherer, L., Bhatt, P., & Graham, S.",2007,Gray matter differences correlate with spontaneous strategies in a human virtual navigation task,Journal of Neuroscience,10.1523/jneurosci.1763-07.2007,,,https://doi.org/10.1523/jneurosci.1763-07.2007,hed_catalog,https://www.hedtags.org/hed-task/tasks/hedtsk_virtual_radial_arm_maze.html,MEM-NAV-001;MEM-NAV-002,false,
R0367,"Alvarez, G. A., & Franconeri, S. L.",2007,How many objects can you track? Evidence for a resource-limited attentive tracking mechanism,"Journal of Vision, 7(13), 14",10.1167/7.13.14,17997642,,https://doi.org/10.1167/7.13.14,hed_catalog,https://www.hedtags.org/hed-task/tasks/hedtsk_multiple_object_tracking.html,PER-MOT-001,false,
R0368,Lutz et al.,2007,Meditation and the Neuroscience of Consciousness: An Introduction,Cambridge Handbook of Consciousness,10.1017/cbo9780511816789.020,,,https://doi.org/10.1017/cbo9780511816789.020,wikipedia,https://en.wikipedia.org/wiki/Research_on_meditation,STA-MED-001,false,
R0369,Ospina et al.,2007,Meditation practices for health: state of the research,Evidence Report/Technology Assessment (155),,17764203,,,wikipedia,https://en.wikipedia.org/wiki/Research_on_meditation,STA-MED-001,false,
R0370,"DeLeon, J., Gottesman, R. F., Kleinman, J. T., et al.",2007,Neural regions essential for distinct cognitive processes underlying picture naming,Brain,10.1093/brain/awm011,17337482,,https://doi.org/10.1093/brain/awm011,hed_catalog,https://www.hedtags.org/hed-task/tasks/hedtsk_picture_naming.html,LAN-PN-001,false,
R0371,"Harbaugh, W. T., Mayr, U., & Burghart, D. R.",2007,Neural responses to taxation and voluntary giving reveal motives for charitable donations,"Science, 316(5831), 1622-1625",10.1126/science.1140738,17569866,,https://doi.org/10.1126/science.1140738,hed_catalog,https://www.hedtags.org/hed-task/tasks/hedtsk_dictator_game.html,SOC-DICT-001;SOC-DICT-002,false,
R0372,Dockree PM et al.,2007,Optimal sustained attention is linked to the spectral content of background EEG activity: Greater ongoing tonic alpha (~10 Hz) power supports successful phasic goal activation,European Journal of Neuroscience 25(3),10.1111/j.1460-9568.2007.05324.x,17328783,,https://pubmed.ncbi.nlm.nih.gov/17328783/,hed_catalog;web_search,https://www.hedtags.org/hed-task/tasks/hedtsk_sustained_attention_to_response.html,CTL-SART-001,false,
R0373,"Kirwan, C. B., & Stark, C. E. L.",2007,Overcoming interference: An fMRI investigation of pattern separation in the medial temporal lobe,"Learning & Memory, 14(9), 625–633",10.1101/lm.663507,17848502,,https://doi.org/10.1101/lm.663507,hed_catalog,https://www.hedtags.org/hed-task/tasks/hedtsk_mnemonic_similarity.html,MEM-MST-001,false,
R0374,"Blake, R., & Shiffrar, M.",2007,Perception of human motion,"Annual Review of Psychology, 58, 47-73",10.1146/annurev.psych.57.102904.190152,16903802,,https://doi.org/10.1146/annurev.psych.57.102904.190152,hed_catalog,https://www.hedtags.org/hed-task/tasks/hedtsk_biological_motion_perception.html,SOC-BIO-001,false,
R0375,"Snyder, H. R., Feigenson, K., & Thompson-Schill, S. L.",2007,Prefrontal cortical response to conflict during semantic and phonological tasks,Journal of Cognitive Neuroscience,10.1162/jocn.2007.19.5.761,17488203,,https://doi.org/10.1162/jocn.2007.19.5.761,hed_catalog,https://www.hedtags.org/hed-task/tasks/hedtsk_verb_generation.html,LAN-VG-001,false,
R0376,"Addis, D. R., Wong, A. T., & Schacter, D. L.",2007,Remembering the past and imagining the future: Common and distinct neural substrates during event construction and elaboration,"Neuropsychologia, 45(7), 1363-1377",10.1016/j.neuropsychologia.2006.10.016,17126370,,https://doi.org/10.1016/j.neuropsychologia.2006.10.016,hed_catalog,https://www.hedtags.org/hed-task/tasks/hedtsk_autobiographical_memory.html,EMO-AUTO-001;MEM-EFT-001,false,
R0377,"Grahn, J. A., & Brett, M.",2007,Rhythm and beat perception in motor areas of the brain,"Journal of cognitive neuroscience, 19(5), 893-906",,,,,wikipedia,https://en.wikipedia.org/wiki/Beat_(music),SSR-BEAT-001,false,
R0378,"Waltz, J. A., Frank, M. J., Robinson, B. M., & Gold, J. M.",2007,Selective reinforcement learning deficits in schizophrenia support predictions from computational models of striatal-cortical dysfunction,Biological Psychiatry,10.1016/j.biopsych.2006.09.042,17300757,,https://doi.org/10.1016/j.biopsych.2006.09.042,hed_catalog,https://www.hedtags.org/hed-task/tasks/hedtsk_probabilistic_selection.html,ERR-PSEL-001,false,
R0379,"Balota, D. A., Yap, M. J., Hutchison, K. A., et al.",2007,The English Lexicon Project,"Behavior Research Methods, 39(3), 445–459",10.3758/bf03193014,17958156,,https://doi.org/10.3758/bf03193014,hed_catalog,https://www.hedtags.org/hed-task/tasks/hedtsk_lexical_decision.html,LAN-LDT-001,false,
R0380,"Phaf, R. H., & Kan, K. J.",2007,The automaticity of emotional Stroop: A meta-analysis,"Journal of Behavior Therapy and Experimental Psychiatry, 38(2), 184–199",10.1016/j.jbtep.2006.10.008,17112461,,https://doi.org/10.1016/j.jbtep.2006.10.008,hed_catalog,https://www.hedtags.org/hed-task/tasks/hedtsk_emotional_stroop.html,EMO-EST-001,false,
R0381,"Hickok, G., Poeppel, D.",2007,The cortical organization of speech processing,Nature Reviews Neuroscience 8(5): 393–402,10.1038/nrn2113,17431404,,https://doi.org/10.1038/nrn2113,wikipedia,https://en.wikipedia.org/wiki/Speech_perception,LAN-PCAT-001;LAN-HIER-001,false,misassigned (moved from LAN-HIER-001 to LAN-PCAT-001)
R0382,"Ball, K., Edwards, J. D., & Ross, L. A.",2007,The impact of speed of processing training on cognitive and everyday functions,Journals of Gerontology Series B,10.1093/geronb/62.special_issue_1.19,17565162,,https://doi.org/10.1093/geronb/62.special_issue_1.19,hed_catalog,https://www.hedtags.org/hed-task/tasks/hedtsk_useful_field_of_view.html,PER-UFOV-001,false,
R0383,"Naatanen, R., Paavilainen, P., Rinne, T., & Alho, K.",2007,The mismatch negativity (MMN) in basic research of central auditory processing: A review,"Clinical Neurophysiology, 118(12), 2544-2590",10.1016/j.clinph.2007.04.026,17931964,,https://doi.org/10.1016/j.clinph.2007.04.026,hed_catalog;web_search,https://pubmed.ncbi.nlm.nih.gov/17931964/ ; https://www.hedtags.org/hed-task/tasks/hedtsk_mismatch_negativity.html,PER-MMN-001,false,
R0384,"Gold JI, Shadlen MN",2007,The neural basis of decision making,Annual Review of Neuroscience 30,10.1146/annurev.neuro.29.051605.113038,17600525,,https://pubmed.ncbi.nlm.nih.gov/17600525/,hed_catalog;web_search,https://www.hedtags.org/hed-task/tasks/hedtsk_random_dot_kinematogram.html,CTL-PDM-001,false,
R0385,"Kable JW, Glimcher PW",2007,The neural correlates of subjective value during intertemporal choice,Nature Neuroscience 10(12),10.1038/nn2007,17982449,,https://pubmed.ncbi.nlm.nih.gov/17982449/,hed_catalog;web_search,https://www.hedtags.org/hed-task/tasks/hedtsk_delay_discounting.html,CTL-DD-001,false,
R0386,"Robertson, E. M.",2007,The serial reaction time task: Implicit motor skill learning?,Journal of Neuroscience,10.1523/jneurosci.2747-07.2007,17881512,,https://doi.org/10.1523/jneurosci.2747-07.2007,hed_catalog,https://www.hedtags.org/hed-task/tasks/hedtsk_serial_reaction_time.html,MOT-SRT-001,false,
R0387,"Pothos, E. M.",2007,Theories of artificial grammar learning,"Psychological Bulletin, 133(2), 227–244",10.1037/0033-2909.133.2.227,17338598,,https://doi.org/10.1037/0033-2909.133.2.227,hed_catalog,https://www.hedtags.org/hed-task/tasks/hedtsk_artificial_grammar_learning.html,LAN-AGL-001,false,
R0388,"Bar-Haim, Y., Lamy, D., Pergamin, L., Bakermans-Kranenburg, M. J., & van IJzendoorn, M. H.",2007,Threat-related attentional bias in anxious and nonanxious individuals: A meta-analytic study,"Psychological Bulletin, 133(1), 1–24",10.1037/0033-2909.133.1.1,17201568,,https://doi.org/10.1037/0033-2909.133.1.1,hed_catalog,https://www.hedtags.org/hed-task/tasks/hedtsk_dot_probe.html,EMO-DOT-001,false,
R0389,"Polich, J.",2007,Updating P300: An integrative theory of P3a and P3b,Clinical Neurophysiology,10.1016/j.clinph.2007.04.019,17573239,,https://doi.org/10.1016/j.clinph.2007.04.019,hed_catalog;web_search,https://scholarhub.vn/publication/:slug/dd898d31-913c-484f-a7e2-c744e1227157 ; https://www.hedtags.org/hed-task/tasks/hedtsk_oddball.html,PER-ODD-001;PER-ODD-002,false,
R0390,"Mason, M.F.; Norton, M.I.; Van Horn, J.D.; et al.",2007,Wandering minds: the default network and stimulus-independent thought,Science 315 (5810): 393–395,10.1126/science.1131295,17234951,,https://doi.org/10.1126/science.1131295,wikipedia,https://en.wikipedia.org/wiki/Mind-wandering,STA-MW-001,false,
R0391,"Olivers, C. N. L., & Meeter, M.",2008,A boost and bounce theory of temporal attention,Psychological Review,10.1037/a0013395,18954206,,https://doi.org/10.1037/a0013395,hed_catalog,https://www.hedtags.org/hed-task/tasks/hedtsk_rapid_serial_visual_presentation.html,PER-RSVP-001;PER-ODD-001,false,
R0392,"Lau, E. F., Phillips, C., & Poeppel, D.",2008,A cortical network for semantics: (De)constructing the N400,Nature Reviews Neuroscience,10.1038/nrn2532,19020511,,https://doi.org/10.1038/nrn2532,hed_catalog,https://www.hedtags.org/hed-task/tasks/hedtsk_semantic_priming.html,LAN-PRIME-001,false,
R0393,"Cánovas, R., Espínola, M., Iribarne, L., & Cimadevilla, J. M.",2008,A new virtual task to evaluate human place learning,Behavioural Brain Research,10.1016/j.bbr.2008.02.024,18374426,,https://doi.org/10.1016/j.bbr.2008.02.024,hed_catalog,https://www.hedtags.org/hed-task/tasks/hedtsk_virtual_radial_arm_maze.html,MEM-NAV-001;MEM-NAV-003,false,
R0394,"Rommelse, Nanda N.J.; Van Der Stigchel, Stefan; Sergeant, Joseph A.",2008,A review on eye movement studies in childhood and adolescent psychiatry,Brain and Cognition,10.1016/j.bandc.2008.08.025,18835079,,https://doi.org/10.1016/j.bandc.2008.08.025,wikipedia,https://en.wikipedia.org/wiki/Saccade,MOT-SACC-001,false,
R0395,"Avidan MS, Zhang L, Burnside BA, et al.",2008,Anesthesia awareness and the bispectral index,The New England Journal of Medicine,10.1056/nejmoa0707361,18337600,,https://doi.org/10.1056/nejmoa0707361,wikipedia,https://en.wikipedia.org/wiki/Bispectral_index,STA-ANES-001,false,
R0396,"Lu, H., Yuille, A. L., Liljeholm, M., Cheng, P. W., & Holyoak, K. J.",2008,Bayesian generic priors for causal learning,"Psychological Review, 115(4), 955-984",10.1037/a0013256,18954210,,https://doi.org/10.1037/a0013256,hed_catalog,https://www.hedtags.org/hed-task/tasks/hedtsk_causal_learning.html,ERR-CAUS-001,false,
R0397,"Sigman M, Dehaene S",2008,Brain mechanisms of serial and parallel processing during dual-task performance,Journal of Neuroscience 28(30),10.1523/jneurosci.0948-08.2008,18650336,,https://pubmed.ncbi.nlm.nih.gov/18650336/,hed_catalog;web_search,https://www.hedtags.org/hed-task/tasks/hedtsk_psychological_refractory_period.html,CTL-DT-001,false,
R0398,"Wang, Yijun; Gao, Xiaorong; Hong, Bo; Jia, Chuan; Gao, Shangkai",2008,Brain-Computer Interfaces Based on Visual Evoked Potentials,IEEE Engineering in Medicine and Biology Magazine,10.1109/memb.2008.923958,18799392,,https://doi.org/10.1109/memb.2008.923958,wikipedia,https://en.wikipedia.org/wiki/Steady_state_visually_evoked_potential,SSR-FT-001;SSR-SSVEP-001;SSR-SSVEP-002;SSR-SSVEP-004,false,
R0399,"Ahn, W. Y., Busemeyer, J. R., Wagenmakers, E. J., & Stout, J. C.",2008,Comparison of decision learning models using the generalization criterion method,"Cognitive Science, 32(8), 1376–1402",10.1080/03640210802352992,21585458,,https://doi.org/10.1080/03640210802352992,hed_catalog,https://www.hedtags.org/hed-task/tasks/hedtsk_iowa_gambling.html,CTL-IGT-001,false,
R0400,"Pleskac, T. J.",2008,Decision making and learning while taking sequential risks,"Journal of Experimental Psychology: Learning, Memory, and Cognition, 34(1), 167–185",10.1037/0278-7393.34.1.167,18194061,,https://doi.org/10.1037/0278-7393.34.1.167,hed_catalog,https://www.hedtags.org/hed-task/tasks/hedtsk_balloon_analog_risk.html,CTL-BART-001,false,
R0401,"Old, S. R., & Naveh-Benjamin, M.",2008,Differential effects of age on item and associative measures of memory,Psychology and Aging,,,,,hed_catalog,https://www.hedtags.org/hed-task/tasks/hedtsk_paired_associates_learning.html,MEM-PA-001,false,
R0402,"Bays, P.M.; Husain, M.",2008,Dynamic shifts of limited working memory resources in human vision,Science 321(5890): 851–854,10.1126/science.1158023,18687968,,https://doi.org/10.1126/science.1158023,wikipedia,https://en.wikipedia.org/wiki/Visual_short-term_memory,MEM-CD-001;MEM-CD-002;MEM-RC-001,false,misassigned (moved from MEM-RC-001 to MEM-CD-001)
R0403,"Ferrez PW, Millán JdR",2008,Error-Related EEG Potentials Generated during Simulated Brain-Computer Interaction,IEEE Transactions on Biomedical Engineering 55(3),,,,https://publications.idiap.ch/publications/show/46,web_search,,ERR-ERRP-001,false,
R0404,"Levy, R.",2008,Expectation-based syntactic comprehension,Cognition,10.1016/j.cognition.2007.05.006,17662975,,https://doi.org/10.1016/j.cognition.2007.05.006,hed_catalog,https://www.hedtags.org/hed-task/tasks/hedtsk_sentence_comprehension.html,LAN-SC-001,false,
R0405,"Witt, S. T., Laird, A. R., & Meyerand, M. E.",2008,Functional neuroimaging correlates of finger-tapping task variations: An ALE meta-analysis,"NeuroImage, 42(1), 343-356",10.1016/j.neuroimage.2008.04.025,18511305,,https://doi.org/10.1016/j.neuroimage.2008.04.025,hed_catalog,https://www.hedtags.org/hed-task/tasks/hedtsk_finger_tapping.html,MOT-ME-001;MOT-ME-004,false,
R0406,"Seger, C. A.",2008,"How do the basal ganglia contribute to categorization? Their roles in generalization, response selection, and learning via feedback.",Neuroscience & Biobehavioral Reviews,10.1016/j.neubiorev.2007.07.010,17919725,,https://doi.org/10.1016/j.neubiorev.2007.07.010,hed_catalog,https://www.hedtags.org/hed-task/tasks/hedtsk_probabilistic_classification_learning.html,ERR-PCL-001,false,
R0407,"Petkova, V. I., & Ehrsson, H. H.",2008,If I were you: Perceptual illusion of body swapping,"PLoS ONE, 3(12), e3832",10.1371/journal.pone.0003832,19050755,,https://doi.org/10.1371/journal.pone.0003832,hed_catalog,https://www.hedtags.org/hed-task/tasks/hedtsk_body_ownership_illusion.html,PER-BOI-001,false,
R0408,"Simmonds DJ, Pekar JJ, Mostofsky SH",2008,Meta-analysis of Go/No-go tasks demonstrating that fMRI activation associated with response inhibition is task-dependent,Neuropsychologia 46(1),10.1016/j.neuropsychologia.2007.07.015,17850833,,https://pubmed.ncbi.nlm.nih.gov/17850833/,hed_catalog;web_search,https://www.hedtags.org/hed-task/tasks/hedtsk_go_no_go.html,CTL-GNG-001,false,
R0409,"Rastle, K., & Davis, M. H.",2008,Morphological decomposition based on the analysis of orthography,Language and Cognitive Processes,10.1080/01690960802069730,,,https://doi.org/10.1080/01690960802069730,hed_catalog,https://www.hedtags.org/hed-task/tasks/hedtsk_semantic_priming.html,LAN-PRIME-001,false,
R0410,"Geisler, W.S., Perry, J.S. and Ing, A.D.",2008,Natural systems analysis,"In: B. Rogowitz and T. Pappas (Eds.), Human Vision and Electronic Imaging. Proceedings SPIE, Vol 6806, 68060M",,,,,wikipedia,https://en.wikipedia.org/wiki/Natural_scene_perception,PER-NAT-001,false,
R0411,"Rao, H., Korczykowski, M., Pluta, J., Hoang, A., & Detre, J. A.",2008,Neural correlates of voluntary and involuntary risk taking in the human brain,"NeuroImage, 42(2), 902-910",10.1016/j.neuroimage.2008.05.046,18582578,,https://doi.org/10.1016/j.neuroimage.2008.05.046,hed_catalog,https://www.hedtags.org/hed-task/tasks/hedtsk_balloon_analog_risk.html,CTL-BART-001,false,
R0412,"Drew, T., & Vogel, E. K.",2008,Neural measures of individual differences in selecting and tracking multiple moving objects,"Journal of Neuroscience, 28(16), 4183–4191",10.1523/jneurosci.0556-08.2008,18417697,,https://doi.org/10.1523/jneurosci.0556-08.2008,hed_catalog,https://www.hedtags.org/hed-task/tasks/hedtsk_multiple_object_tracking.html,PER-MOT-001,false,
R0413,"Quirk, G. J., & Mueller, D.",2008,Neural mechanisms of extinction learning and retrieval,Neuropsychopharmacology,10.1038/sj.npp.1301555,,,https://doi.org/10.1038/sj.npp.1301555,hed_catalog,https://www.hedtags.org/hed-task/tasks/hedtsk_pavlovian_fear_conditioning.html,EMO-FC-001;EMO-FC-003,false,
R0414,"Zacks, J. M.",2008,Neuroimaging studies of mental rotation: A meta-analysis and review,"Journal of Cognitive Neuroscience, 20(1), 1-19",10.1162/jocn.2008.20.1.1,17919082,,https://doi.org/10.1162/jocn.2008.20.1.1,hed_catalog,https://www.hedtags.org/hed-task/tasks/hedtsk_mental_rotation.html,IMG-ROT-001,false,
R0415,"Shinn-Cunningham, B. G.",2008,Object-based auditory and visual attention,"Trends in Cognitive Sciences, 12(5), 182–186",10.1016/j.tics.2008.02.003,18396091,,https://doi.org/10.1016/j.tics.2008.02.003,hed_catalog,https://www.hedtags.org/hed-task/tasks/hedtsk_auditory_masking.html,PER-AMASK-001,false,
R0416,"Bakker, A., Kirwan, C. B., Miller, M., & Stark, C. E. L.",2008,Pattern separation in the human hippocampal CA3 and dentate gyrus,"Science, 319(5870), 1640–1642",10.1126/science.1152882,18356518,,https://doi.org/10.1126/science.1152882,hed_catalog,https://www.hedtags.org/hed-task/tasks/hedtsk_mnemonic_similarity.html,MEM-MST-001;MEM-MST-002,false,
R0417,"Moseley, G. L., Olthof, N., Venema, A., Don, S., Wijers, M., Gallace, A., & Spence, C.",2008,Psychologically induced cooling of a specific body part caused by the illusory ownership of an artificial counterpart,"Proceedings of the National Academy of Sciences, 105(35), 13169-13173",10.1073/pnas.0803768105,18725630,,https://doi.org/10.1073/pnas.0803768105,hed_catalog,https://www.hedtags.org/hed-task/tasks/hedtsk_body_ownership_illusion.html,PER-BOI-001,false,
R0418,"Verbruggen, F., & Logan, G. D.",2008,Response inhibition in the stop-signal paradigm,Trends in Cognitive Sciences,10.1016/j.tics.2008.07.005,18799345,,https://doi.org/10.1016/j.tics.2008.07.005,hed_catalog,https://www.hedtags.org/hed-task/tasks/hedtsk_stop_signal.html,CTL-SST-001,false,
R0419,"Poeppel, D., Monahan, P.J.",2008,Speech Perception: Cognitive Foundations and Cortical Implementation,Current Directions in Psychological Science 17(2): 80–85,10.1111/j.1467-8721.2008.00553.x,,,https://doi.org/10.1111/j.1467-8721.2008.00553.x,wikipedia,https://en.wikipedia.org/wiki/Speech_perception,LAN-PCAT-001;LAN-HIER-001,false,misassigned (moved from LAN-HIER-001 to LAN-PCAT-001)
R0420,"Tallberg, I. M., Ivachova, E., Jones Tinghag, K., & Ostberg, P.",2008,"Swedish norms for word fluency tests: FAS, animals and verbs","Scandinavian Journal of Psychology, 49(5), 479-485",10.1111/j.1467-9450.2008.00653.x,18452499,,https://doi.org/10.1111/j.1467-9450.2008.00653.x,hed_catalog,https://www.hedtags.org/hed-task/tasks/hedtsk_verbal_fluency.html,LAN-VF-001,false,
R0421,"Olvet DM, Hajcak G",2008,The error-related negativity (ERN) and psychopathology: toward an endophenotype,Clinical Psychology Review 28 (8): 1343–54,10.1016/j.cpr.2008.07.003,18694617,,https://doi.org/10.1016/j.cpr.2008.07.003,wikipedia,https://en.wikipedia.org/wiki/Error-related_negativity,ERR-AWARE-001,false,
R0422,"Nitsche MA, Cohen LG, Wassermann EM, Priori A, Lang N, Antal A, et al.",2008,Transcranial direct current stimulation: State of the art 2008,Brain Stimulation,10.1016/j.brs.2008.06.004,20633386,,https://doi.org/10.1016/j.brs.2008.06.004,wikipedia,https://en.wikipedia.org/wiki/Transcranial_direct-current_stimulation,STM-TDCS-001,false,
R0423,"Poirel, N., Pineau, A., & Mellet, E.",2008,What does the nature of the stimuli tell us about the global precedence effect?,"Acta Psychologica, 127(1), 1–11",10.1016/j.actpsy.2006.12.001,17240344,,https://doi.org/10.1016/j.actpsy.2006.12.001,hed_catalog,https://www.hedtags.org/hed-task/tasks/hedtsk_navon.html,PER-NAVON-001,false,
R0424,"Polyn, S. M., Norman, K. A., & Kahana, M. J.",2009,A context maintenance and retrieval model of organizational processes in free recall,"Psychological Review, 116(1), 129–156",10.1037/a0014420,19159151,,https://doi.org/10.1037/a0014420,hed_catalog,https://www.hedtags.org/hed-task/tasks/hedtsk_free_recall.html,MEM-FR-001,false,
R0425,"Baudouin, A., Clarys, D., Vanneste, S., & de Saint Hilaire, Z.",2009,Age-related changes in coding speed: Test-retest reliability and factor structure,"Aging, Neuropsychology, and Cognition, 16(5), 553–567",,,,,hed_catalog,https://www.hedtags.org/hed-task/tasks/hedtsk_digit_symbol_substitution.html,CTL-DSST-001,false,
R0426,"Spreckelmeyer, K. N., Krach, S., Kohls, G., Rademacher, L., Irmak, A., Konrad, K., … & Gründer, G.",2009,Anticipation of monetary and social reward differently activates mesolimbic brain structures in men and women,Social Cognitive and Affective Neuroscience,10.1093/scan/nsn051,19174537,,https://doi.org/10.1093/scan/nsn051,hed_catalog,https://www.hedtags.org/hed-task/tasks/hedtsk_social_incentive_delay.html,SOC-SID-001;EMO-MID-001;EMO-MID-002,false,
R0427,"Donner, T. H., Siegel, M., Fries, P., & Engel, A. K.",2009,Buildup of choice-predictive activity in human motor cortex during perceptual decision making,"Current Biology, 19(18), 1581–1585",10.1016/j.cub.2009.07.066,19747828,,https://doi.org/10.1016/j.cub.2009.07.066,hed_catalog,https://www.hedtags.org/hed-task/tasks/hedtsk_eriksen_flanker.html,CTL-FLK-001,false,
R0428,"Del Cul, A., Dehaene, S., Reyes, P., Bravo, E., & Slachevsky, A.",2009,Causal role of prefrontal cortex in the threshold for access to consciousness,Brain,10.1093/brain/awp111,19433438,,https://doi.org/10.1093/brain/awp111,hed_catalog,https://www.hedtags.org/hed-task/tasks/hedtsk_visual_masking.html,PER-MASK-001,false,
R0429,"McVay, J. C., & Kane, M. J.",2009,"Conducting the train of thought: Working memory capacity, goal neglect, and mind wandering in an executive-control task","Journal of Experimental Psychology: Learning, Memory, and Cognition",10.1037/a0014104,19210090,,https://doi.org/10.1037/a0014104,hed_catalog;wikipedia,https://en.wikipedia.org/wiki/Mind-wandering ; https://www.hedtags.org/hed-task/tasks/hedtsk_sustained_attention_to_response.html,CTL-SART-001;STA-MW-001,false,
R0430,"Buelow MT, Suhr JA",2009,Construct validity of the Iowa Gambling Task,Neuropsychology Review 19(1),10.1007/s11065-009-9083-4,19194801,,https://pubmed.ncbi.nlm.nih.gov/19194801/,hed_catalog;web_search,https://www.hedtags.org/hed-task/tasks/hedtsk_iowa_gambling.html,CTL-IGT-001,false,
R0431,"Sánchez-Cubillo, I., et al.",2009,"Construct validity of the Trail Making Test: Role of task-switching, working memory, inhibition/interference control, and visuomotor abilities",Journal of the International Neuropsychological Society,10.1017/s1355617709090626,19402930,,https://doi.org/10.1017/s1355617709090626,hed_catalog,https://www.hedtags.org/hed-task/tasks/hedtsk_trail_making.html,CTL-TMT-001,false,
R0432,"Doyon, J., Bellec, P., Amsel, R., et al.",2009,Contributions of the basal ganglia and functionally related brain structures to motor learning,"Behavioural Brain Research, 199(1), 61-72",10.1016/j.bbr.2008.11.012,19061920,,https://doi.org/10.1016/j.bbr.2008.11.012,hed_catalog,https://www.hedtags.org/hed-task/tasks/hedtsk_motor_sequence_learning.html,MOT-MSL-001,false,
R0433,"Bowles, D. C., McKone, E., Dawel, A., Duchaine, B., Palermo, R., Schmalzl, L., … & Yovel, G.",2009,"Diagnosing prosopagnosia: Effects of ageing, sex, and participant-stimulus ethnic match on the Cambridge Face Memory Test and Cambridge Face Perception Test","Cognitive Neuropsychology, 26(5), 423–455",10.1080/02643290903343149,19921582,,https://doi.org/10.1080/02643290903343149,hed_catalog,https://www.hedtags.org/hed-task/tasks/hedtsk_cambridge_face_memory.html,MEM-CFMT-001,false,
R0434,"Price, A. L.",2009,Distinguishing the contributions of implicit and explicit processes to performance of the weather prediction task,Memory & Cognition,10.3758/mc.37.2.210,19223570,,https://doi.org/10.3758/mc.37.2.210,hed_catalog,https://www.hedtags.org/hed-task/tasks/hedtsk_probabilistic_classification_learning.html,ERR-PCL-001,false,
R0435,"Apperly, I. A., & Butterfill, S. A.",2009,Do humans have two systems to track beliefs and belief-like states?,"Psychological Review, 116(4), 953–970",10.1037/a0016923,19839692,,https://doi.org/10.1037/a0016923,hed_catalog,https://www.hedtags.org/hed-task/tasks/hedtsk_false_belief.html,SOC-TOM-001,false,
R0436,"Edwards, J. D., Lunsman, M., Perkins, M., Rebok, G. W., & Roth, D. L.",2009,Driving cessation and health trajectories in older adults,Journals of Gerontology Series A,10.1093/gerona/glp114,19675177,,https://doi.org/10.1093/gerona/glp114,hed_catalog,https://www.hedtags.org/hed-task/tasks/hedtsk_useful_field_of_view.html,PER-UFOV-001,false,
R0437,"Botvinick, M. M., Huffstetler, S., & McGuire, J. T.",2009,Effort discounting in human nucleus accumbens,"Cognitive, Affective, & Behavioral Neuroscience, 9(1), 16-27",10.3758/cabn.9.1.16,19246324,,https://doi.org/10.3758/cabn.9.1.16,hed_catalog,https://www.hedtags.org/hed-task/tasks/hedtsk_effort_based_decision_making.html,CTL-EFF-001,false,
R0438,"De Houwer, J., Teige-Mocigemba, S., Spruyt, A., & Moors, A.",2009,Implicit measures: A normative analysis and review,Psychological Bulletin,10.1037/a0014211,19379018,,https://doi.org/10.1037/a0014211,hed_catalog,https://www.hedtags.org/hed-task/tasks/hedtsk_affective_priming.html,EMO-APRIME-001,false,
R0439,"Doll, B. B., Jacobs, W. J., Sanfey, A. G., & Frank, M. J.",2009,Instructional control of reinforcement learning: A behavioral and neurocomputational investigation,Brain Research,10.1016/j.brainres.2009.07.007,19595993,,https://doi.org/10.1016/j.brainres.2009.07.007,hed_catalog,https://www.hedtags.org/hed-task/tasks/hedtsk_probabilistic_selection.html,ERR-PSEL-001,false,
R0440,"Bodi, N., Keri, S., Nagy, H., Moustafa, A., Myers, C. E., Daw, N., … & Gluck, M. A.",2009,Reward-learning and the novelty-seeking personality: A between- and within-subjects study of the effects of dopamine agonists on young Parkinson's patients,Brain,10.1093/brain/awp094,19416950,,https://doi.org/10.1093/brain/awp094,hed_catalog,https://www.hedtags.org/hed-task/tasks/hedtsk_probabilistic_selection.html,ERR-PSEL-001,false,
R0441,"Xu, Y. & Chun, M.M.",2009,Selecting and perceiving multiple visual objects,"Trends in Cognitive Sciences, 13(4), 167-173",,,,,wikipedia,https://en.wikipedia.org/wiki/Natural_scene_perception,PER-NAT-001,false,
R0442,"Mitchell, K. J., & Johnson, M. K.",2009,Source monitoring 15 years later: What have we learned from fMRI about the neural mechanisms of source memory?,"Psychological Bulletin, 135(4), 638-677",10.1037/a0015849,19586165,,https://doi.org/10.1037/a0015849,hed_catalog,https://www.hedtags.org/hed-task/tasks/hedtsk_source_memory.html,MEM-SRC-001,false,
R0443,Rudoy JD et al.,2009,Strengthening Individual Memories by Reactivating them During Sleep,Science 326(5956),10.1126/science.1179013,19965421,,https://pubmed.ncbi.nlm.nih.gov/19965421/,web_search,,MEM-TMR-001,false,
R0444,"Russell, R., Duchaine, B., & Nakayama, K.",2009,Super-recognizers: People with extraordinary face recognition ability,"Psychonomic Bulletin & Review, 16(2), 252–257",10.3758/pbr.16.2.252,19293090,,https://doi.org/10.3758/pbr.16.2.252,hed_catalog,https://www.hedtags.org/hed-task/tasks/hedtsk_cambridge_face_memory.html,MEM-CFMT-001,false,
R0445,"Nyhus E, Barcelo F",2009,The Wisconsin Card Sorting Test and the cognitive assessment of prefrontal executive functions: A critical update,Brain and Cognition 71(3),10.1016/j.bandc.2009.03.005,19375839,,https://pubmed.ncbi.nlm.nih.gov/19375839/,hed_catalog;web_search,https://www.hedtags.org/hed-task/tasks/hedtsk_wisconsin_card_sorting.html,CTL-WCST-001,false,
R0446,"Dux, P. E., & Marois, R.",2009,The attentional blink: A review of data and theory,"Attention, Perception, & Psychophysics",10.3758/app.71.8.1683,19933555,,https://doi.org/10.3758/app.71.8.1683,hed_catalog,https://www.hedtags.org/hed-task/tasks/hedtsk_rapid_serial_visual_presentation.html,PER-RSVP-001;PER-ODD-001,false,
R0447,"Garrido, M. I., Kilner, J. M., Stephan, K. E., & Friston, K. J.",2009,The mismatch negativity: A review of underlying mechanisms,"Clinical Neurophysiology, 120(3), 453-463",10.1016/j.clinph.2008.11.029,19181570,,https://doi.org/10.1016/j.clinph.2008.11.029,hed_catalog,https://www.hedtags.org/hed-task/tasks/hedtsk_mismatch_negativity.html,PER-MMN-001,false,
R0448,"Busch, N. A., Dubois, J., & VanRullen, R.",2009,The phase of ongoing EEG oscillations predicts visual perception,Journal of Neuroscience,10.1523/jneurosci.0113-09.2009,19535598,,https://doi.org/10.1523/jneurosci.0113-09.2009,hed_catalog,https://www.hedtags.org/hed-task/tasks/hedtsk_visual_masking.html,PER-MASK-001,false,
R0449,"Mathewson, K. E., Gratton, G., Fabiani, M., Beck, D. M., & Ro, T.",2009,To see or not to see: Prestimulus alpha phase predicts visual awareness,Journal of Neuroscience,10.1523/jneurosci.3963-08.2009,19261866,,https://doi.org/10.1523/jneurosci.3963-08.2009,hed_catalog,https://www.hedtags.org/hed-task/tasks/hedtsk_visual_masking.html,PER-MASK-001,false,
R0450,"Cangoz, B., Karakoc, E., & Selekler, K.",2009,"Trail Making Test: Normative data for Turkish elderly population by age, sex, and education",Journal of the Neurological Sciences,10.1016/j.jns.2009.02.313,19264326,,https://doi.org/10.1016/j.jns.2009.02.313,hed_catalog,https://www.hedtags.org/hed-task/tasks/hedtsk_trail_making.html,CTL-TMT-001,false,
R0451,"Treadway, M. T., Buckholtz, J. W., Schwartzman, A. N., Lambert, W. E., & Zald, D. H.",2009,Worth the 'EEfRT'? The Effort Expenditure for Rewards Task as an objective measure of motivation and anhedonia,"PLoS ONE, 4(8), e6598",10.1371/journal.pone.0006598,19672310,,https://doi.org/10.1371/journal.pone.0006598,hed_catalog,https://www.hedtags.org/hed-task/tasks/hedtsk_effort_based_decision_making.html,CTL-EFF-001,false,
R0452,"Wixted, J. T., & Mickes, L.",2010,A continuous dual-process model of remember/know judgments,Psychological Review,10.1037/a0020874,20836613,,https://doi.org/10.1037/a0020874,hed_catalog,https://www.hedtags.org/hed-task/tasks/hedtsk_remember_know.html,MEM-RK-001;MEM-ON-002,false,
R0453,"Lim, J., & Dinges, D. F.",2010,A meta-analysis of the impact of short-term sleep deprivation on cognitive variables,Psychological Bulletin,10.1037/a0018883,20438143,,https://doi.org/10.1037/a0018883,hed_catalog,https://www.hedtags.org/hed-task/tasks/hedtsk_psychomotor_vigilance.html,STA-PVT-001,false,
R0454,"Cansino, S., Trejo-Morales, P., & Hernandez-Ramos, E.",2010,"Age-related changes in neural activity during source memory encoding in young, middle-aged and elderly adults","Neuropsychologia, 48(9), 2537-2549",10.1016/j.neuropsychologia.2010.04.032,20441775,,https://doi.org/10.1016/j.neuropsychologia.2010.04.032,hed_catalog,https://www.hedtags.org/hed-task/tasks/hedtsk_source_memory.html,MEM-SRC-001,false,
R0455,"Voss, M., Moore, J., Hauser, M., Gallinat, J., Heinz, A., & Haggard, P.",2010,Altered awareness of action in schizophrenia: A specific deficit in predicting action consequences,"Brain, 133(10), 3104-3112",10.1093/brain/awq152,20685805,,https://doi.org/10.1093/brain/awq152,hed_catalog,https://www.hedtags.org/hed-task/tasks/hedtsk_intentional_binding.html,MOT-IB-001,false,
R0456,MacLeod JW et al.,2010,Appraising the ANT: Psychometric and theoretical considerations of the Attention Network Test,Neuropsychology 24(5),10.1037/a0019803,20804252,,https://pubmed.ncbi.nlm.nih.gov/20804252/,hed_catalog;web_search,https://www.hedtags.org/hed-task/tasks/hedtsk_attention_network.html,CTL-ANT-001,false,
R0457,"Hubbard, T. L.",2010,Auditory imagery: Empirical findings,"Psychological Bulletin, 136(2), 302",,,,,wikipedia,https://en.wikipedia.org/wiki/Auditory_imagery,IMG-AUD-001,false,
R0458,"Jobst, Barbara C.; Darcey, Terrance M.; Thadani, Vijay M.; Roberts, David W.",2010,Brain stimulation for the treatment of epilepsy,Epilepsia 51: 88–92,10.1111/j.1528-1167.2010.02618.x,20618409,,https://doi.org/10.1111/j.1528-1167.2010.02618.x,wikipedia,https://en.wikipedia.org/wiki/Cortical_stimulation_mapping,STM-ECS-001,false,
R0459,Kiesel A et al.,2010,Control and interference in task switching - A review,Psychological Bulletin 136(5),10.1037/a0019842,20804238,,https://pubmed.ncbi.nlm.nih.gov/20804238/,hed_catalog;web_search,https://www.hedtags.org/hed-task/tasks/hedtsk_task_switching.html,CTL-SW-001,false,
R0460,"Adams, R. B., Rule, N. O., Franklin, R. G., et al.",2010,Cross-cultural reading the mind in the eyes: An fMRI investigation,Journal of Cognitive Neuroscience,10.1162/jocn.2009.21187,19199419,,https://doi.org/10.1162/jocn.2009.21187,hed_catalog,https://www.hedtags.org/hed-task/tasks/hedtsk_reading_the_mind_in_the_eyes.html,SOC-RME-001,false,
R0461,"Rademacher, L., Krach, S., Kohls, G., Irmak, A., Gründer, G., & Spreckelmeyer, K. N.",2010,Dissociation of neural networks for anticipation and consumption of monetary and social rewards,NeuroImage,10.1016/j.neuroimage.2009.10.089,19913621,,https://doi.org/10.1016/j.neuroimage.2009.10.089,hed_catalog,https://www.hedtags.org/hed-task/tasks/hedtsk_social_incentive_delay.html,SOC-SID-001;EMO-MID-001;EMO-MID-002,false,
R0462,"Hertzog, C., Dunlosky, J., & Sinclair, S. M.",2010,Episodic feeling-of-knowing resolution derives from the quality of original encoding,"Memory & Cognition, 38(6), 771-784",10.3758/mc.38.6.771,20852240,,https://doi.org/10.3758/mc.38.6.771,hed_catalog,https://www.hedtags.org/hed-task/tasks/hedtsk_feeling_of_knowing.html,MEM-META-001,false,
R0463,Cavanagh JF et al.,2010,Frontal theta links prediction errors to behavioral adaptation in reinforcement learning,NeuroImage 49(4),10.1016/j.neuroimage.2009.11.080,19969093,,https://pubmed.ncbi.nlm.nih.gov/19969093/,hed_catalog;web_search,https://www.hedtags.org/hed-task/tasks/hedtsk_probabilistic_selection.html,ERR-PSEL-001,false,
R0464,"Förster, J., & Dannenberg, L.",2010,GLOMOsys: A systems account of global versus local processing,"Psychological Inquiry, 21(3), 175–197",10.1080/1047840x.2010.487849,,,https://doi.org/10.1080/1047840x.2010.487849,hed_catalog,https://www.hedtags.org/hed-task/tasks/hedtsk_navon.html,PER-NAVON-001,false,
R0465,van Vugt MK et al.,2010,Hippocampal gamma oscillations increase with memory load,Journal of Neuroscience 30(7),10.1523/jneurosci.0567-09.2010,20164353,,https://pubmed.ncbi.nlm.nih.gov/20164353/,hed_catalog;web_search,https://www.hedtags.org/hed-task/tasks/hedtsk_sternberg_item_recognition.html,MEM-SB-001,false,
R0466,"Balleine, B. W., & O'Doherty, J. P.",2010,Human and rodent homologies in action control: Corticostriatal determinants of goal-directed and habitual action,"Neuropsychopharmacology, 35(1), 48–69",10.1038/npp.2009.131,19776734,,https://doi.org/10.1038/npp.2009.131,hed_catalog,https://www.hedtags.org/hed-task/tasks/hedtsk_instrumental_conditioning.html,ERR-INST-001,false,
R0467,"Wilmer, J. B., Germine, L., Chabris, C. F., Chatterjee, G., Williams, M., Loken, E., … & Duchaine, B.",2010,Human face recognition ability is specific and highly heritable,"Proceedings of the National Academy of Sciences, 107(11), 5238–5241",10.1073/pnas.0913053107,20176944,,https://doi.org/10.1073/pnas.0913053107,hed_catalog,https://www.hedtags.org/hed-task/tasks/hedtsk_cambridge_face_memory.html,MEM-CFMT-001,false,
R0468,"Foley, P., Kirschbaum, C.",2010,Human hypothalamus—pituitary—adrenal axis responses to acute psychosocial stress in laboratory settings,"Neuroscience & Biobehavioral Reviews, 35, 91—96",,,,,wikipedia,https://en.wikipedia.org/wiki/Trier_social_stress_test,EMO-STRESS-001,false,
R0469,"Crescentini, C., Shallice, T., & Macaluso, E.",2010,Item retrieval and competition in noun and verb generation: An FMRI study,Journal of Cognitive Neuroscience,10.1162/jocn.2009.21255,19413479,,https://doi.org/10.1162/jocn.2009.21255,hed_catalog,https://www.hedtags.org/hed-task/tasks/hedtsk_verb_generation.html,LAN-VG-001,false,
R0470,"Cisler, J. M., & Koster, E. H.",2010,Mechanisms of attentional biases toward threat in anxiety disorders,"Clinical Psychology Review, 30(2), 203–216",10.1016/j.cpr.2009.11.003,20005616,,https://doi.org/10.1016/j.cpr.2009.11.003,hed_catalog,https://www.hedtags.org/hed-task/tasks/hedtsk_emotional_stroop.html,EMO-EST-001,false,
R0471,"Tsakiris, M.",2010,My body in the brain: A neurocognitive model of body-ownership,"Neuropsychologia, 48(3), 703-712",10.1016/j.neuropsychologia.2009.09.034,19819247,,https://doi.org/10.1016/j.neuropsychologia.2009.09.034,hed_catalog,https://www.hedtags.org/hed-task/tasks/hedtsk_body_ownership_illusion.html,PER-BOI-001,false,
R0472,"Sumner, J. A., Griffith, J. W., & Mineka, S.",2010,Overgeneral autobiographical memory as a predictor of the course of depression: A meta-analysis,"Behaviour Research and Therapy, 48(7), 614-625",10.1016/j.brat.2010.03.013,20399418,,https://doi.org/10.1016/j.brat.2010.03.013,hed_catalog,https://www.hedtags.org/hed-task/tasks/hedtsk_autobiographical_memory.html,EMO-AUTO-001,false,
R0473,"Sauter, Disa A.; Eisner, Frank; Calder, Andrew J.; Scott, Sophie K.",2010,Perceptual cues in nonverbal vocal expressions of emotion,The Quarterly Journal of Experimental Psychology,10.1080/17470211003721642,20437296,,https://doi.org/10.1080/17470211003721642,wikipedia,https://en.wikipedia.org/wiki/Emotional_prosody,EMO-SOUND-001,false,
R0474,"Yonelinas, A. P., Aly, M., Wang, W.-C., & Koen, J. D.",2010,Recollection and familiarity: Examining controversial assumptions and new directions,Hippocampus,10.1002/hipo.20864,20848606,,https://doi.org/10.1002/hipo.20864,hed_catalog,https://www.hedtags.org/hed-task/tasks/hedtsk_remember_know.html,MEM-RK-001,false,
R0475,"Matzen, L. E., Benz, Z. O., Dixon, K. R., Posey, J., Kroger, J. K., & Speed, A. E.",2010,Recreating Raven's: Software for systematically generating large numbers of Raven-like matrix problems with normed properties,"Behavior Research Methods, 42(2), 525–541",10.3758/brm.42.2.525,20479184,,https://doi.org/10.3758/brm.42.2.525,hed_catalog,https://www.hedtags.org/hed-task/tasks/hedtsk_ravens_progressive_matrices.html,CTL-RAVEN-001,false,
R0476,"Ishigami, Y., & Klein, R. M.",2010,"Repeated measurement of the components of attention using two versions of the Attention Network Test (ANT): Stability, isolability, robustness, and reliability","Journal of Neuroscience Methods, 190(1), 117–128",10.1016/j.jneumeth.2010.04.019,20435062,,https://doi.org/10.1016/j.jneumeth.2010.04.019,hed_catalog,https://www.hedtags.org/hed-task/tasks/hedtsk_attention_network.html,CTL-ANT-001;CTL-ANT-002,false,
R0477,"Abrahamse, E. L., Jiménez, L., Verwey, W. B., & Clegg, B. A.",2010,Representing serial action and perception,Psychonomic Bulletin & Review,10.3758/pbr.17.5.603,21037157,,https://doi.org/10.3758/pbr.17.5.603,hed_catalog,https://www.hedtags.org/hed-task/tasks/hedtsk_serial_reaction_time.html,MOT-SRT-001,false,
R0478,"Rosenblum, L. D.",2010,See what I'm saying: The extraordinary powers of our five senses,"New York, NY: W. W. Norton & Company Inc.",,,,,wikipedia,https://en.wikipedia.org/wiki/McGurk_effect,PER-MSI-001,false,
R0479,"Chang, L. J., Doll, B. B., van't Wout, M., Frank, M. J., & Sanfey, A. G.",2010,Seeing is believing: Trustworthiness as a dynamic belief,Cognitive Psychology,10.1016/j.cogpsych.2010.03.001,20553763,,https://doi.org/10.1016/j.cogpsych.2010.03.001,hed_catalog,https://www.hedtags.org/hed-task/tasks/hedtsk_trust_game.html,SOC-TRUST-001,false,
R0480,"Bishara, A. J., Kruschke, J. K., Stout, J. C., Bechara, A., McCabe, D. P., & Busemeyer, J. R.",2010,Sequential learning models for the Wisconsin Card Sorting Task: Assessing processes in substance dependent individuals,Journal of Mathematical Psychology,10.1016/j.jmp.2008.10.002,20495607,,https://doi.org/10.1016/j.jmp.2008.10.002,hed_catalog,https://www.hedtags.org/hed-task/tasks/hedtsk_wisconsin_card_sorting.html,CTL-WCST-001,false,
R0481,"Swinnen, SP.; Vangheluwe, S.; Wagemans, J.; Coxon, JP.; Goble, DJ.; Van Impe, A.; Sunaert, S.; Peeters, R.; Wenderoth, N.",2010,Shared neural resources between left and right interlimb coordination skills: the neural substrate of abstract motor representations,NeuroImage,10.1016/j.neuroimage.2009.10.052,19874897,,https://doi.org/10.1016/j.neuroimage.2009.10.052,wikipedia,https://en.wikipedia.org/wiki/Bimanual_coordination,MOT-BIMAN-001,false,
R0482,"Glascher, J., Daw, N., Dayan, P., & O'Doherty, J. P.",2010,States versus rewards: Dissociable neural prediction error signals underlying model-based and model-free reinforcement learning,Neuron,10.1016/j.neuron.2010.04.016,20510862,,https://doi.org/10.1016/j.neuron.2010.04.016,hed_catalog,https://www.hedtags.org/hed-task/tasks/hedtsk_two_stage_decision.html,ERR-TS-001,false,
R0483,"Vialatte, François-Benoît",2010,Steady-state visually evoked potentials: Focus on essential paradigms and future perspectives,Progress in Neurobiology,10.1016/j.pneurobio.2009.11.005,19963032,,https://doi.org/10.1016/j.pneurobio.2009.11.005,wikipedia,https://en.wikipedia.org/wiki/Steady_state_visually_evoked_potential,SSR-FT-001;SSR-SSVEP-001;SSR-SSVEP-002;SSR-SSVEP-004,false,
R0484,"Vandierendonck, A., Liefooghe, B., & Verbruggen, F.",2010,Task switching: Interplay of reconfiguration and interference control,Psychological Bulletin,10.1037/a0019791,20565170,,https://doi.org/10.1037/a0019791,hed_catalog,https://www.hedtags.org/hed-task/tasks/hedtsk_task_switching.html,CTL-SW-001,false,
R0485,Li X et al.,2010,The Iowa Gambling Task in fMRI images,Human Brain Mapping 31(3),10.1002/hbm.20875,,,https://www.hedtags.org/hed-task/tasks/hedtsk_iowa_gambling.html,hed_catalog;web_search,https://www.hedtags.org/hed-task/tasks/hedtsk_iowa_gambling.html,CTL-IGT-001,false,
R0486,"Jaeggi, S. M., Buschkuehl, M., Perrig, W. J., & Meier, B.",2010,The concurrent validity of the N-back task as a working memory measure,"Memory, 18(4), 394–412",10.1080/09658211003702171,20408039,,https://doi.org/10.1080/09658211003702171,hed_catalog,https://www.hedtags.org/hed-task/tasks/hedtsk_n_back.html,MEM-NBK-001;MEM-NBK-002,false,
R0487,"Leslie K, Myles PS, Forbes A, Chan MT",2010,The effect of bispectral index monitoring on long-term survival in the B-aware trial,Anesthesia and Analgesia,10.1213/ane.0b013e3181c3bfb2,19910621,,https://doi.org/10.1213/ane.0b013e3181c3bfb2,wikipedia,https://en.wikipedia.org/wiki/Bispectral_index,STA-ANES-001,false,
R0488,"Logothetis, Nikos K.; Augath, Mark; Murayama, Yusuke; et al.",2010,The effects of electrical microstimulation on cortical signal propagation,Nature Neuroscience,10.1038/nn.2631,20818384,,https://doi.org/10.1038/nn.2631,wikipedia,https://en.wikipedia.org/wiki/Microstimulation,STM-ICMS-001,false,
R0489,"Haber, S. N., & Knutson, B.",2010,The reward circuit: Linking primate anatomy and human imaging,"Neuropsychopharmacology, 35(1), 4-26",10.1038/npp.2010.129,20736993,,https://doi.org/10.1038/npp.2010.129,hed_catalog,https://www.hedtags.org/hed-task/tasks/hedtsk_instrumental_conditioning.html,ERR-INST-001,false,
R0490,"Feldheim, David A.; O'Leary, Dennis D. M.",2010,"Visual map development: bidirectional signaling, bifunctional guidance molecules, and competition",Cold Spring Harbor Perspectives in Biology,10.1101/cshperspect.a001768,20880989,,https://doi.org/10.1101/cshperspect.a001768,wikipedia,https://en.wikipedia.org/wiki/Retinotopy,PER-RET-001,false,
R0491,"Parra, M. A., Abrahams, S., Logie, R. H., Méndez, L. G., Lopera, F., & Della Sala, S.",2010,Visual short-term memory binding deficits in familial Alzheimer's disease,Brain,10.1093/brain/awq148,20624814,,https://doi.org/10.1093/brain/awq148,hed_catalog,https://www.hedtags.org/hed-task/tasks/hedtsk_paired_associates_learning.html,MEM-PA-001;MEM-PA-002,false,
R0492,"Keuleers, E., & Brysbaert, M.",2010,Wuggy: A multilingual pseudoword generator,"Behavior Research Methods, 42(3), 627–633",10.3758/brm.42.3.627,20805584,,https://doi.org/10.3758/brm.42.3.627,hed_catalog,https://www.hedtags.org/hed-task/tasks/hedtsk_lexical_decision.html,LAN-LDT-001,false,
R0493,"Reggev, N., Zuckerman, M., & Maril, A.",2011,Are all judgments created equal? An fMRI study of semantic and episodic metamemory predictions,"Neuropsychologia, 49(5), 1332-1342",10.1016/j.neuropsychologia.2011.01.013,21238468,,https://doi.org/10.1016/j.neuropsychologia.2011.01.013,hed_catalog,https://www.hedtags.org/hed-task/tasks/hedtsk_feeling_of_knowing.html,MEM-META-001;MEM-META-002,false,
R0494,"Swick, D., Ashley, V., & Turken, U.",2011,Are the neural correlates of stopping and not going identical? Quantitative meta-analysis of two response inhibition tasks,"NeuroImage, 56(3), 1655–1665",10.1016/j.neuroimage.2011.02.070,21376819,,https://doi.org/10.1016/j.neuroimage.2011.02.070,hed_catalog,https://www.hedtags.org/hed-task/tasks/hedtsk_go_no_go.html,CTL-GNG-001,false,
R0495,"Näätänen, R., Kujala, T., & Winkler, I.",2011,Auditory processing that leads to conscious perception: A unique window to central auditory processing opened by the mismatch negativity and related responses,"Psychophysiology, 48(1), 4–22",10.1111/j.1469-8986.2010.01114.x,,,https://doi.org/10.1111/j.1469-8986.2010.01114.x,hed_catalog,https://www.hedtags.org/hed-task/tasks/hedtsk_mismatch_negativity.html,PER-MMN-001,false,
R0496,"Heyes, C.",2011,Automatic imitation,"Psychological Bulletin, 137(3), 463-483",10.1037/a0022288,21280938,,https://doi.org/10.1037/a0022288,hed_catalog,https://www.hedtags.org/hed-task/tasks/hedtsk_imitation_inhibition.html,SOC-IMIT-001,false,
R0497,"Engel, C.",2011,Dictator games: A meta study,"Experimental Economics, 14(4), 583–610",10.1007/s10683-011-9283-7,,,https://doi.org/10.1007/s10683-011-9283-7,hed_catalog,https://www.hedtags.org/hed-task/tasks/hedtsk_dictator_game.html,SOC-DICT-001,false,
R0498,Kaller CP et al.,2011,Dissociable contributions of left and right dorsolateral prefrontal cortex in planning,Cerebral Cortex 21(2),10.1093/cercor/bhq096,,,https://www.hedtags.org/hed-task/tasks/hedtsk_tower_of_london.html,hed_catalog;web_search,https://www.hedtags.org/hed-task/tasks/hedtsk_tower_of_london.html,CTL-TOL-001,false,
R0499,"Lacy, J. W., Yassa, M. A., Stark, S. M., Muftuler, L. T., & Stark, C. E. L.",2011,Distinct pattern separation related transfer functions in human CA3/dentate and CA1 revealed using high-resolution fMRI and variable mnemonic similarity,"Learning & Memory, 18(1), 15–18",10.1101/lm.1971111,,,https://doi.org/10.1101/lm.1971111,hed_catalog,https://www.hedtags.org/hed-task/tasks/hedtsk_mnemonic_similarity.html,MEM-MST-001;MEM-MST-002,false,
R0500,"Beaucousin, V., Cassotti, M., Simon, G., Pineau, A., Kostova, M., Houdé, O., & Poirel, N.",2011,ERP evidence of a meaningfulness impact on visual global/local processing: When meaning captures attention,"Neuropsychologia, 49(5), 1258–1266",10.1016/j.neuropsychologia.2011.01.039,21281654,,https://doi.org/10.1016/j.neuropsychologia.2011.01.039,hed_catalog,https://www.hedtags.org/hed-task/tasks/hedtsk_navon.html,PER-NAVON-001,false,
R0501,"Wacongne, C., Labyt, E., van Wassenhove, V., Bekinschtein, T., Naccache, L., & Dehaene, S.",2011,Evidence for a hierarchy of predictions and prediction errors in the human cortex,"Proceedings of the National Academy of Sciences, 108(51), 20754–20759",10.1073/pnas.1117807108,22147913,,https://doi.org/10.1073/pnas.1117807108,hed_catalog,https://www.hedtags.org/hed-task/tasks/hedtsk_mismatch_negativity.html,PER-MMN-001,false,
R0502,"Dehaene, S., & Changeux, J. P.",2011,Experimental and theoretical approaches to conscious processing,Neuron,10.1016/j.neuron.2011.03.018,21521609,,https://doi.org/10.1016/j.neuron.2011.03.018,hed_catalog,https://www.hedtags.org/hed-task/tasks/hedtsk_visual_masking.html,PER-MASK-001,false,
R0503,"Chatham, C. H., Herd, S. A., Brant, A. M., Hazy, T. E., Miyake, A., O'Reilly, R., & Friedman, N. P.",2011,From an executive network to executive control: A computational model of the n-back task,"Journal of Cognitive Neuroscience, 23(11), 3598–3619",10.1162/jocn_a_00047,21563882,,https://doi.org/10.1162/jocn_a_00047,hed_catalog,https://www.hedtags.org/hed-task/tasks/hedtsk_n_back.html,MEM-NBK-001,false,
R0504,de Rover M et al.,2011,Hippocampal dysfunction in patients with mild cognitive impairment: A functional neuroimaging study of a visuospatial paired associates learning task,Neuropsychologia 49(7),10.1016/j.neuropsychologia.2011.03.037,21477602,,https://pubmed.ncbi.nlm.nih.gov/21477602/,hed_catalog;web_search,https://www.hedtags.org/hed-task/tasks/hedtsk_paired_associates_learning.html,MEM-PA-001;MEM-PA-002,false,
R0505,"Woods, D. L., Kishiyama, M. M., Yund, E. W., Herron, T. J., Edwards, B., Poliva, O., & Reed, B.",2011,Improving digit span assessment of short-term verbal memory,"Journal of Clinical and Experimental Neuropsychology, 33(1), 101–111",10.1080/13803395.2010.493149,,,https://doi.org/10.1080/13803395.2010.493149,hed_catalog,https://www.hedtags.org/hed-task/tasks/hedtsk_digit_span.html,MEM-DS-001,false,
R0506,"Hamberger, Marla J.; Cole, Jeffrey",2011,Language Organization and Reorganization in Epilepsy,Neuropsychology Review 21 (3): 240–51,10.1007/s11065-011-9180-z,21842185,,https://doi.org/10.1007/s11065-011-9180-z,wikipedia,https://en.wikipedia.org/wiki/Cortical_stimulation_mapping,STM-ECS-001,false,
R0507,Bridge H,2011,Mapping the visual brain: how and why,Eye,10.1038/eye.2010.166,21102491,,https://doi.org/10.1038/eye.2010.166,wikipedia,https://en.wikipedia.org/wiki/Retinotopy,PER-RET-001,false,
R0508,"Basner, M., & Dinges, D. F.",2011,Maximizing sensitivity of the Psychomotor Vigilance Test (PVT) to sleep loss,Sleep,10.1093/sleep/34.5.581,21532951,,https://doi.org/10.1093/sleep/34.5.581,hed_catalog,https://www.hedtags.org/hed-task/tasks/hedtsk_psychomotor_vigilance.html,STA-PVT-001,false,
R0509,"Schonberg, T., Fox, C. R., & Poldrack, R. A.",2011,Mind the gap: Bridging economic and naturalistic risk-taking with cognitive neuroscience,"Trends in Cognitive Sciences, 15(1), 11-19",10.1016/j.tics.2010.10.002,21130018,,https://doi.org/10.1016/j.tics.2010.10.002,hed_catalog,https://www.hedtags.org/hed-task/tasks/hedtsk_balloon_analog_risk.html,CTL-BART-001,false,
R0510,Daw ND et al.,2011,Model-based influences on humans' choices and striatal prediction errors,Neuron 69(6),10.1016/j.neuron.2011.02.027,21435563,,https://pubmed.ncbi.nlm.nih.gov/21435563/,hed_catalog;web_search,https://www.hedtags.org/hed-task/tasks/hedtsk_two_stage_decision.html,ERR-TS-001,false,
R0511,"Cohen, M.A., Alvarez, G.A., & Nakayama, K.",2011,Natural-scene perception requires attention,"Psychological Science, 22(9), 1165-1172",,,,,wikipedia,https://en.wikipedia.org/wiki/Natural_scene_perception,PER-NAT-001,false,
R0512,"Pell, Marc D.; Kotz, Sonja A.",2011,On the Time Course of Vocal Emotion Recognition,PLoS ONE,10.1371/journal.pone.0027256,22087275,,https://doi.org/10.1371/journal.pone.0027256,wikipedia,https://en.wikipedia.org/wiki/Emotional_prosody,EMO-SOUND-001,false,
R0513,"Yassa, M. A., & Stark, C. E. L.",2011,Pattern separation in the hippocampus,"Trends in Neurosciences, 34(10), 515–525",10.1016/j.tins.2011.06.006,21788086,,https://doi.org/10.1016/j.tins.2011.06.006,hed_catalog,https://www.hedtags.org/hed-task/tasks/hedtsk_mnemonic_similarity.html,MEM-MST-001,false,
R0514,"Proctor, R. W., Miles, J. D., & Baroni, G.",2011,Reaction time distribution analysis of spatial correspondence effects,"Psychonomic Bulletin & Review, 18(2), 242–266",10.3758/s13423-011-0053-5,21327376,,https://doi.org/10.3758/s13423-011-0053-5,hed_catalog,https://www.hedtags.org/hed-task/tasks/hedtsk_simon.html,CTL-SIM-001,false,
R0515,"Herbert, C., Pauli, P., & Herbert, B. M.",2011,Self-reference modulates the processing of emotional stimuli in the absence of explicit self-referential appraisal instructions,Social Cognitive and Affective Neuroscience,10.1093/scan/nsq082,,,https://doi.org/10.1093/scan/nsq082,hed_catalog,https://www.hedtags.org/hed-task/tasks/hedtsk_self_referential_encoding.html,MEM-SRE-001,false,
R0516,Hommel B,2011,The Simon effect as tool and heuristic,Acta Psychologica 136(2),10.1016/j.actpsy.2010.04.011,20507830,,https://www.hedtags.org/hed-task/tasks/hedtsk_simon.html,hed_catalog;web_search,https://www.hedtags.org/hed-task/tasks/hedtsk_simon.html,CTL-SIM-001;CTL-SIM-002,false,
R0517,"Rhodes, M. G., & Tauber, S. K.",2011,The influence of delaying judgments of learning on metacognitive accuracy: A meta-analytic review,"Psychological Bulletin, 137(1), 131-148",10.1037/a0021705,21219059,,https://doi.org/10.1037/a0021705,hed_catalog,https://www.hedtags.org/hed-task/tasks/hedtsk_judgment_of_learning.html,MEM-META-001;MEM-META-002,false,
R0518,"Peters J, Büchel C",2011,The neural mechanisms of inter-temporal decision-making: Understanding variability,Trends in Cognitive Sciences 15(5),10.1016/j.tics.2011.03.002,21497544,,https://pubmed.ncbi.nlm.nih.gov/21497544/,hed_catalog;web_search,https://www.hedtags.org/hed-task/tasks/hedtsk_delay_discounting.html,CTL-DD-001,false,
R0519,"Dugué, L., Marque, P., & VanRullen, R.",2011,The phase of ongoing oscillations mediates the causal relation between brain excitation and visual perception,Journal of Neuroscience,10.1523/jneurosci.1161-11.2011,21849549,,https://doi.org/10.1523/jneurosci.1161-11.2011,hed_catalog,https://www.hedtags.org/hed-task/tasks/hedtsk_visual_masking.html,PER-MASK-001,false,
R0520,"Pitcher, D., Walsh, V., & Duchaine, B.",2011,The role of the occipital face area in the cortical face perception network,"Experimental Brain Research, 209(4), 481–493",10.1007/s00221-011-2579-1,21318346,,https://doi.org/10.1007/s00221-011-2579-1,hed_catalog,https://www.hedtags.org/hed-task/tasks/hedtsk_face_processing.html,PER-FACE-001,false,
R0521,"Indefrey, P.",2011,The spatial and temporal signatures of word production components: A critical update,Frontiers in Psychology,10.3389/fpsyg.2011.00255,22016740,,https://doi.org/10.3389/fpsyg.2011.00255,hed_catalog,https://www.hedtags.org/hed-task/tasks/hedtsk_picture_naming.html,LAN-PN-001,false,
R0522,"Schwartz, B. L., & Metcalfe, J.",2011,"Tip-of-the-tongue (TOT) states: Retrieval, behavior, and experience","Memory & Cognition, 39(5), 737-749",10.3758/s13421-010-0066-8,21264637,,https://doi.org/10.3758/s13421-010-0066-8,hed_catalog,https://www.hedtags.org/hed-task/tasks/hedtsk_feeling_of_knowing.html,MEM-META-001,false,
R0523,"Johnson, N. D., & Mislin, A. A.",2011,Trust games: A meta-analysis,Journal of Economic Psychology,10.1016/j.joep.2011.05.007,,,https://doi.org/10.1016/j.joep.2011.05.007,hed_catalog,https://www.hedtags.org/hed-task/tasks/hedtsk_trust_game.html,SOC-TRUST-001,false,
R0524,"Basner, M., Mollicone, D., & Dinges, D. F.",2011,Validity and sensitivity of a brief Psychomotor Vigilance Test (PVT-B) to total and partial sleep deprivation,Acta Astronautica,10.1016/j.actaastro.2011.07.015,22025811,,https://doi.org/10.1016/j.actaastro.2011.07.015,hed_catalog,https://www.hedtags.org/hed-task/tasks/hedtsk_psychomotor_vigilance.html,STA-PVT-001,false,
R0525,"Eckstein, M. P.",2011,Visual search: A retrospective,Journal of Vision,10.1167/11.5.14,22209816,,https://doi.org/10.1167/11.5.14,hed_catalog,https://www.hedtags.org/hed-task/tasks/hedtsk_visual_search.html,PER-VS-001,false,
R0526,"Salthouse, T. A.",2011,What cognitive abilities are involved in trail-making performance?,Intelligence,10.1016/j.intell.2011.03.001,21789028,,https://doi.org/10.1016/j.intell.2011.03.001,hed_catalog,https://www.hedtags.org/hed-task/tasks/hedtsk_trail_making.html,CTL-TMT-001,false,
R0527,"Nath, A. R.; Beauchamp, M. S.",2012,"A neural basis for interindividual differences in the McGurk effect, a multisensory speech illusion",NeuroImage 59 (1): 781–787,10.1016/j.neuroimage.2011.07.024,21787869,,https://doi.org/10.1016/j.neuroimage.2011.07.024,wikipedia,https://en.wikipedia.org/wiki/McGurk_effect,PER-MSI-001,false,
R0528,"Donkin, C., & Nosofsky, R. M.",2012,A power-law model of psychological memory strength in short-term and long-term recognition,Psychological Science,10.1177/0956797611430961,22527527,,https://doi.org/10.1177/0956797611430961,hed_catalog,https://www.hedtags.org/hed-task/tasks/hedtsk_sternberg_item_recognition.html,MEM-SB-001,false,
R0529,"Groppa S, Oliviero A, Eisen A, Quartarone A, Cohen LG, Mall V, et al.",2012,A practical guide to diagnostic transcranial magnetic stimulation: report of an IFCN committee,Clinical Neurophysiology,10.1016/j.clinph.2012.01.010,22349304,,https://doi.org/10.1016/j.clinph.2012.01.010,wikipedia,https://en.wikipedia.org/wiki/Transcranial_magnetic_stimulation,STM-TEP-001,false,
R0530,"Kret, M. E., & De Gelder, B.",2012,A review on sex differences in processing emotional signals,"Neuropsychologia, 50(7), 1211–1221",10.1016/j.neuropsychologia.2011.12.022,22245006,,https://doi.org/10.1016/j.neuropsychologia.2011.12.022,hed_catalog,https://www.hedtags.org/hed-task/tasks/hedtsk_facial_emotion_recognition.html,EMO-FACE-001,false,
R0531,"Nees, F., Vollstädt-Klein, S., Fauth-Bühler, M., Steiner, S., Mann, K., & Poustka, L.",2012,A target sample size for studies of the monetary incentive delay task – power calculation and evaluation of existing studies,"Neuropsychobiology, 66(3), 193–198",,,,,hed_catalog,https://www.hedtags.org/hed-task/tasks/hedtsk_monetary_incentive_delay.html,EMO-MID-001,false,
R0532,"Moore, B. C. J.",2012,An Introduction to the Psychology of Hearing (6th ed.),Brill,10.1007/978-0-230-36409-7_1,,,https://doi.org/10.1007/978-0-230-36409-7_1,hed_catalog,https://www.hedtags.org/hed-task/tasks/hedtsk_auditory_masking.html,PER-AMASK-001,false,
R0533,"Pavlova, M. A.",2012,Biological motion processing as a hallmark of social cognition,"Cerebral Cortex, 22(5), 981–995",10.1093/acprof:oso/9780195393705.003.0011,,,https://doi.org/10.1093/acprof:oso/9780195393705.003.0011,hed_catalog,https://www.hedtags.org/hed-task/tasks/hedtsk_biological_motion_perception.html,SOC-BIO-001,false,doi_mismatch
R0535,"Popper AN, Fay RR",2012,Comparative Studies of Hearing in Vertebrates,"New York, NY",,,,,wikipedia,https://en.wikipedia.org/wiki/Tonotopy,PER-TON-001,false,
R0536,"Perret, C., & Laganaro, M.",2012,Comparison of electrophysiological correlates of writing and speaking: A topographic ERP analysis,Brain Topography,10.1007/s10548-011-0200-3,,,https://doi.org/10.1007/s10548-011-0200-3,hed_catalog,https://www.hedtags.org/hed-task/tasks/hedtsk_verb_generation.html,LAN-VG-001,false,
R0537,"Jones, L. L., & Golonka, S.",2012,Different results from different procedures: The impact of SOA and masked/unmasked priming on semantic priming effects,"Attention, Perception, & Psychophysics",,,,,hed_catalog,https://www.hedtags.org/hed-task/tasks/hedtsk_semantic_priming.html,LAN-PRIME-001;LAN-PRIME-002,false,
R0538,Huang-Pollock CL et al.,2012,Evaluating vigilance deficits in ADHD: A meta-analysis of CPT performance,Journal of Abnormal Psychology 121(2),10.1037/a0027205,22428793,,https://www.hedtags.org/hed-task/tasks/hedtsk_continuous_performance.html,hed_catalog;web_search,https://www.hedtags.org/hed-task/tasks/hedtsk_continuous_performance.html,CTL-CPT-001,false,
R0539,"Thompson, J. C., & Baccus, W.",2012,Form and motion make independent contributions to the response to biological motion in occipitotemporal cortex,"NeuroImage, 59(1), 625–634",10.1016/j.neuroimage.2011.07.051,21839175,,https://doi.org/10.1016/j.neuroimage.2011.07.051,hed_catalog,https://www.hedtags.org/hed-task/tasks/hedtsk_biological_motion_perception.html,SOC-BIO-001,false,
R0540,"Kahana, M. J.",2012,Foundations of Human Memory,Oxford University Press,,,,,hed_catalog,https://www.hedtags.org/hed-task/tasks/hedtsk_free_recall.html,MEM-FR-001,false,
R0541,"Ochsner, K. N., Silvers, J. A., & Buhle, J. T.",2012,Functional imaging studies of emotion regulation: A synthetic review and evolving model of the cognitive control of emotion,"Annals of the New York Academy of Sciences, 1251, E1-E24",10.1111/j.1749-6632.2012.06751.x,23025352,,https://doi.org/10.1111/j.1749-6632.2012.06751.x,hed_catalog,https://www.hedtags.org/hed-task/tasks/hedtsk_emotion_regulation.html,EMO-REG-001,false,
R0542,,2012,How selective hearing works in the brain: 'Cocktail party effect' explained (news on Mesgarani & Chang ECoG study),,,,,https://www.sciencedaily.com/releases/2012/04/120418135045.htm,web_search,,PER-AAD-001,false,
R0543,"Moore, J. W., & Obhi, S. S.",2012,Intentional binding and the sense of agency: A review,"Consciousness and Cognition, 21(1), 546-561",10.1016/j.concog.2011.12.002,22240158,,https://doi.org/10.1016/j.concog.2011.12.002,hed_catalog,https://www.hedtags.org/hed-task/tasks/hedtsk_intentional_binding.html,MOT-IB-001,false,
R0544,"Silverstein, Justin",2012,Mapping the Motor and Sensory Cortices: A Historical Look and a Current Case Study in Sensorimotor Localization and Direct Cortical Motor Stimulation,The Neurodiagnostic Journal 52 (1): 54–68,,22558647,,,wikipedia,https://en.wikipedia.org/wiki/Cortical_stimulation_mapping,STM-ECS-001,false,
R0545,"Migo, E. M., Mayes, A. R., & Montaldi, D.",2012,Measuring recollection and familiarity: Improving the remember/know procedure,Consciousness and Cognition,10.1016/j.concog.2012.04.014,22846231,,https://doi.org/10.1016/j.concog.2012.04.014,hed_catalog,https://www.hedtags.org/hed-task/tasks/hedtsk_remember_know.html,MEM-RK-001;MEM-ON-002,false,
R0546,"Brunia CHM, van Boxtel GJM, Böcker KBE",2012,"Negative Slow Waves as Indices of Anticipation: The Bereitschaftspotential, the Contingent Negative Variation, and the Stimulus-Preceding Negativity","In Steven J. Luck, Emily S. Kappenman (Eds.): The Oxford Handbook of Event-Related Potential Components",,,,,wikipedia,https://en.wikipedia.org/wiki/Bereitschaftspotential,STA-SCP-001,false,
R0547,"Fossati, P.",2012,Neural correlates of self-referential processing in depression,World Journal of Biological Psychiatry,10.1016/j.biopsycho.2013.08.003,,,https://doi.org/10.1016/j.biopsycho.2013.08.003,hed_catalog,https://www.hedtags.org/hed-task/tasks/hedtsk_self_referential_encoding.html,MEM-SRE-001,false,
R0548,"Grahn, J. A.",2012,Neural mechanisms of rhythm perception: current findings and future perspectives,"Topics in cognitive science, 4(4), 585-606",,,,,wikipedia,https://en.wikipedia.org/wiki/Beat_(music),SSR-BEAT-001,false,
R0549,"Herholz, S. C., Halpern, A. R., & Zatorre, R. J.",2012,"Neuronal correlates of perception, imagery, and memory for familiar tunes","Journal of Cognitive Neuroscience, 24(6), 1382-1397",,,,,wikipedia,https://en.wikipedia.org/wiki/Auditory_imagery,IMG-AUD-001;IMG-AUD-002,false,
R0550,"Lezak, M. D., Howieson, D. B., Bigler, E. D., & Tranel, D.",2012,Neuropsychological Assessment,Oxford University Press,,,,,hed_catalog,https://www.hedtags.org/hed-task/tasks/hedtsk_rey_auditory_verbal_learning.html,MEM-FR-001;MEM-FR-002,false,
R0551,"Benoit, R. G., & Anderson, M. C.",2012,Opposing mechanisms support the voluntary forgetting of unwanted memories,Neuron,10.1016/j.neuron.2012.07.025,23083745,,https://doi.org/10.1016/j.neuron.2012.07.025,hed_catalog,https://www.hedtags.org/hed-task/tasks/hedtsk_think_no_think.html,MEM-TNT-001,false,
R0552,"Melby-Lervåg, M., Lyster, S. A. H., & Hulme, C.",2012,Phonological skills and their role in learning to read: A meta-analytic review,Psychological Bulletin,10.1037/a0026744,22250824,,https://doi.org/10.1037/a0026744,hed_catalog,https://www.hedtags.org/hed-task/tasks/hedtsk_phonological_awareness.html,LAN-PHA-001,false,
R0553,"Janacsek, K., & Nemeth, D.",2012,Predicting the future: From implicit learning to consolidation,International Journal of Psychophysiology,10.1016/j.ijpsycho.2011.11.012,22154521,,https://doi.org/10.1016/j.ijpsycho.2011.11.012,hed_catalog,https://www.hedtags.org/hed-task/tasks/hedtsk_serial_reaction_time.html,MOT-SRT-001,false,
R0554,"Tarapore, Phiroz E.; Tate, Matthew C.; Findlay, Anne M.; et al.",2012,"Preoperative multimodal motor mapping: A comparison of magnetoencephalography imaging, navigated transcranial magnetic stimulation, and direct cortical stimulation",Journal of Neurosurgery 117 (2): 354–62,10.3171/2012.5.jns112124,22702484,,https://doi.org/10.3171/2012.5.jns112124,wikipedia,https://en.wikipedia.org/wiki/Cortical_stimulation_mapping,STM-ECS-001,false,
R0555,"Levy, B. J., & Anderson, M. C.",2012,Purging of memories from conscious awareness tracked in the human brain,Journal of Neuroscience,10.1523/jneurosci.2640-12.2012,23175832,,https://doi.org/10.1523/jneurosci.2640-12.2012,hed_catalog,https://www.hedtags.org/hed-task/tasks/hedtsk_think_no_think.html,MEM-TNT-001,false,
R0556,,2012,Steady-State Motion Visual Evoked Potentials Produced by Oscillating Newton's Rings: Implications for Brain-Computer Interfaces,PLoS ONE,,,PMC3378577,https://www.ncbi.nlm.nih.gov/pmc/articles/PMC3378577/,web_search,,SSR-SSMVEP-001,false,
R0557,"Petersen SE, Posner MI",2012,The attention system of the human brain: 20 years after,Annual Review of Neuroscience 35,10.1146/annurev-neuro-062111-150525,22524787,,https://pubmed.ncbi.nlm.nih.gov/22524787/,hed_catalog;web_search,https://www.hedtags.org/hed-task/tasks/hedtsk_attention_network.html ; https://www.hedtags.org/hed-task/tasks/hedtsk_posner_spatial_cueing.html,CTL-ANT-001;PER-CUE-001,false,
R0558,"Lindquist, K. A., Wager, T. D., Kober, H., Bliss-Moreau, E., & Barrett, L. F.",2012,The brain basis of emotion: A meta-analytic review,Behavioral and Brain Sciences,10.1017/s0140525x11000446,22617651,,https://doi.org/10.1017/s0140525x11000446,hed_catalog,https://www.hedtags.org/hed-task/tasks/hedtsk_affective_picture_viewing.html,EMO-IAPS-001,false,
R0559,"Weiner, K. S., & Grill-Spector, K.",2012,The improbable simplicity of the fusiform face area,"Trends in Cognitive Sciences, 16(5), 251–254",10.1016/j.tics.2012.03.003,22481071,,https://doi.org/10.1016/j.tics.2012.03.003,hed_catalog,https://www.hedtags.org/hed-task/tasks/hedtsk_face_processing.html,PER-FACE-001,false,
R0560,"Ibbotson, Michael",2012,Visual Perception and Saccadic Eye Movements,Current Opinion in Neurobiology,10.1016/j.conb.2011.05.012,21646014,,https://doi.org/10.1016/j.conb.2011.05.012,wikipedia,https://en.wikipedia.org/wiki/Saccade,MOT-SACC-001,false,
R0561,"Apperly, I. A.",2012,"What is ""theory of mind""? Concepts, cognitive processes and individual differences","Quarterly Journal of Experimental Psychology, 65(5), 825–839",10.1080/17470218.2012.676055,22533318,,https://doi.org/10.1080/17470218.2012.676055,hed_catalog,https://www.hedtags.org/hed-task/tasks/hedtsk_false_belief.html,SOC-TOM-001,false,
R0562,"Redick TS, Lindsey DRB",2013,(Meta-analysis of n-back and complex span relations; DOI listed on HED page),Psychonomic Bulletin & Review,10.3758/s13423-013-0453-9,23733330,,https://pubmed.ncbi.nlm.nih.gov/23733330/,hed_catalog;web_search,https://www.hedtags.org/hed-task/tasks/hedtsk_n_back.html,MEM-NBK-001,false,title_placeholder
R0563,"van Boxtel, J. J. A., & Lu, H.",2013,"A biological motion toolbox for reading, displaying, and manipulating motion capture data in research settings","Journal of Vision, 13(12), 7",10.1167/13.12.7,24130256,,https://doi.org/10.1167/13.12.7,hed_catalog,https://www.hedtags.org/hed-task/tasks/hedtsk_biological_motion_perception.html,SOC-BIO-001,false,
R0564,"Hardwick, R. M., Rottschy, C., Miall, R. C., & Eickhoff, S. B.",2013,A quantitative meta-analysis and review of motor learning in the human brain,"NeuroImage, 67, 283–297",10.1016/j.neuroimage.2012.11.020,23194819,,https://doi.org/10.1016/j.neuroimage.2012.11.020,hed_catalog,https://www.hedtags.org/hed-task/tasks/hedtsk_mirror_tracing.html,MOT-MIRR-001,false,
R0565,"Stark, S. M., Yassa, M. A., Lacy, J. W., & Stark, C. E. L.",2013,A task to assess behavioral pattern separation (BPS) in humans: Data from healthy aging and mild cognitive impairment,"Neuropsychologia, 51(12), 2442–2449",10.1016/j.neuropsychologia.2012.12.014,23313292,,https://doi.org/10.1016/j.neuropsychologia.2012.12.014,hed_catalog,https://www.hedtags.org/hed-task/tasks/hedtsk_mnemonic_similarity.html,MEM-MST-001,false,
R0566,Antoniades CA et al.,2013,An internationally standardised antisaccade protocol,Vision Research 84,10.1016/j.visres.2013.02.007,23474300,,https://www.hedtags.org/hed-task/tasks/hedtsk_anti_saccade.html,hed_catalog;web_search,https://www.hedtags.org/hed-task/tasks/hedtsk_anti_saccade.html,CTL-AS-001,false,
R0567,"Rugg MD, Vilberg KL",2013,Brain networks underlying episodic memory retrieval,Current Opinion in Neurobiology 23(2),10.1016/j.conb.2012.11.005,23206590,,https://pubmed.ncbi.nlm.nih.gov/23206590/,hed_catalog;web_search,https://www.hedtags.org/hed-task/tasks/hedtsk_old_new_recognition_memory.html,MEM-ON-001,false,
R0568,"Taylor, J. S. H., Rastle, K., & Davis, M. H.",2013,Can cognitive models explain brain activation during word and pseudoword reading? A meta-analysis of 36 neuroimaging studies,"Psychological Bulletin, 139(4), 766–791",10.1037/a0030266,23046391,,https://doi.org/10.1037/a0030266,hed_catalog,https://www.hedtags.org/hed-task/tasks/hedtsk_lexical_decision.html,LAN-LDT-001,false,
R0569,"Wolpe, N., Haggard, P., Siebner, H. R., & Rowe, J. B.",2013,Cue integration and the perception of action in intentional binding,"Experimental Brain Research, 229(3), 467-474",10.1007/s00221-013-3419-2,23371752,,https://doi.org/10.1007/s00221-013-3419-2,hed_catalog,https://www.hedtags.org/hed-task/tasks/hedtsk_intentional_binding.html,MOT-IB-001,false,
R0570,"den Ouden, H. E. M., Daw, N. D., Fernandez, G., et al.",2013,Dissociable effects of dopamine and serotonin on reversal learning,Neuron,10.1016/j.neuron.2013.08.030,24267657,,https://doi.org/10.1016/j.neuron.2013.08.030,hed_catalog,https://www.hedtags.org/hed-task/tasks/hedtsk_reversal_learning.html,ERR-PRL-001,false,
R0571,,2013,Frontiers in Human Neuroscience 2013 article 10.3389/fnhum.2013.00407 (SanMiguel et al.; omission responses; title not shown),Frontiers in Human Neuroscience,10.3389/fnhum.2013.00407,,,https://www.frontiersin.org/journals/human-neuroscience/articles/10.3389/fnhum.2013.00407/text,web_search,,PER-OMIT-001,false,
R0572,"Dolan RJ, Dayan P",2013,Goals and habits in the brain,Neuron 80(2),10.1016/j.neuron.2013.09.007,24139036,,https://pubmed.ncbi.nlm.nih.gov/24139036/,hed_catalog;web_search,https://www.hedtags.org/hed-task/tasks/hedtsk_instrumental_conditioning.html ; https://www.hedtags.org/hed-task/tasks/hedtsk_two_stage_decision.html,ERR-INST-001;ERR-TS-001,false,
R0573,"Criaud, M., & Boulinguez, P.",2013,Have we been asking the right questions when assessing response inhibition in go/no-go tasks with fMRI?,"Neuroscience & Biobehavioral Reviews, 37(1), 11–23",10.1016/j.neubiorev.2012.11.003,23164813,,https://doi.org/10.1016/j.neubiorev.2012.11.003,hed_catalog,https://www.hedtags.org/hed-task/tasks/hedtsk_go_no_go.html,CTL-GNG-001,false,
R0574,"Rand, D. G., & Nowak, M. A.",2013,Human cooperation,Trends in Cognitive Sciences,10.1016/j.tics.2013.06.003,23856025,,https://doi.org/10.1016/j.tics.2013.06.003,hed_catalog,https://www.hedtags.org/hed-task/tasks/hedtsk_prisoners_dilemma.html,SOC-TRUST-001,false,
R0575,"Esterman, M., Noonan, S. K., Rosenberg, M., & DeGutis, J.",2013,In the zone or zoning out? Tracking behavioral and neural fluctuations during sustained attention,"Cerebral Cortex, 23(11), 2712–2723",10.1093/cercor/bhs261,,,https://doi.org/10.1093/cercor/bhs261,hed_catalog,https://www.hedtags.org/hed-task/tasks/hedtsk_continuous_performance.html,CTL-CPT-001;CTL-CPT-003,false,
R0576,"Miller, L. E., & Saygin, A. P.",2013,Individual differences in the perception of biological motion: Links to social cognition and motor imagery,"Cognition, 128(2), 140–148",10.1016/j.cognition.2013.03.013,23680791,,https://doi.org/10.1016/j.cognition.2013.03.013,hed_catalog,https://www.hedtags.org/hed-task/tasks/hedtsk_biological_motion_perception.html,SOC-BIO-001,false,
R0577,"Boets, B., Op de Beeck, H. P., Vandermosten, M., et al.",2013,Intact but less accessible phonetic representations in adults with dyslexia,Science,10.1126/science.1244333,24311693,,https://doi.org/10.1126/science.1244333,hed_catalog,https://www.hedtags.org/hed-task/tasks/hedtsk_phonological_awareness.html,LAN-PHA-001,false,
R0578,"Kelly, S. P., & O'Connell, R. G.",2013,Internal and external influences on the rate of sensory evidence accumulation in the human brain,Journal of Neuroscience,10.1523/jneurosci.3355-13.2013,24336710,,https://doi.org/10.1523/jneurosci.3355-13.2013,hed_catalog,https://www.hedtags.org/hed-task/tasks/hedtsk_oddball.html,PER-ODD-001;CTL-PDM-002,false,
R0579,Sahakyan L et al.,2013,List-method directed forgetting in cognitive and clinical research: A theoretical and methodological review,Psychology of Learning and Motivation 59,10.1016/b978-0-12-407187-2.00004-6,,,https://www.hedtags.org/hed-task/tasks/hedtsk_directed_forgetting.html,hed_catalog;web_search,https://www.hedtags.org/hed-task/tasks/hedtsk_directed_forgetting.html,MEM-DF-001;MEM-DF-002,false,
R0580,"Wiener, J. M., de Condappa, O., Harris, M. A., & Wolbers, T.",2013,Maladaptive bias for extrahippocampal navigation strategies in aging humans,Journal of Neuroscience,10.1523/jneurosci.0717-12.2013,23554482,,https://doi.org/10.1523/jneurosci.0717-12.2013,hed_catalog,https://www.hedtags.org/hed-task/tasks/hedtsk_virtual_radial_arm_maze.html,MEM-NAV-001,false,
R0581,"Gilaie-Dotan, S., Kanai, R., Bahrami, B., Rees, G., & Saygin, A. P.",2013,Neuroanatomical correlates of biological motion detection,"Neuropsychologia, 51(3), 457–463",10.1016/j.neuropsychologia.2012.11.027,23211992,,https://doi.org/10.1016/j.neuropsychologia.2012.11.027,hed_catalog,https://www.hedtags.org/hed-task/tasks/hedtsk_biological_motion_perception.html,SOC-BIO-001,false,
R0582,"Herring, D. R., White, K. R., Jabeen, L. N., Hinojos, M., Terrazas, G., Reyes, S. M., Taylor, J. H., & Crites, S. L.",2013,On the automatic activation of attitudes: A quarter century of evaluative priming research,Psychological Bulletin,10.1037/a0031309,23339522,,https://doi.org/10.1037/a0031309,hed_catalog,https://www.hedtags.org/hed-task/tasks/hedtsk_affective_priming.html,EMO-APRIME-001,false,
R0583,"Steingroever, H., Wetzels, R., Horstmann, A., Neumann, J., & Wagenmakers, E. J.",2013,Performance of healthy participants on the Iowa Gambling Task,"Psychological Assessment, 25(1), 180–193",10.1037/a0029929,22984804,,https://doi.org/10.1037/a0029929,hed_catalog,https://www.hedtags.org/hed-task/tasks/hedtsk_iowa_gambling.html,CTL-IGT-001,false,
R0584,"Edwards D, Cortes M, Datta A, et al.",2013,Physiological and modeling evidence for focal transcranial electrical brain stimulation in humans: a basis for high-definition tDCS,NeuroImage,10.1016/j.neuroimage.2013.01.042,23370061,,https://doi.org/10.1016/j.neuroimage.2013.01.042,wikipedia,https://en.wikipedia.org/wiki/Transcranial_direct-current_stimulation,STM-TDCS-001,false,
R0585,,2013,SanMiguel I et al. 2013 J Neurosci 33:8633 (Leipzig BioCog abstract page),Journal of Neuroscience,,,,https://home.uni-leipzig.de/biocog/archived-20210701/index.php@page=abstract&signature=sanmiguel_i2013jneurosci33_8633.html,web_search,,PER-OMIT-001;PER-OMIT-002,false,
R0586,"Vellante, M., Baron-Cohen, S., Melis, M., et al.",2013,"The ""Reading the Mind in the Eyes"" test: Systematic review of psychometric properties and a validation study in Italy",Cognitive Neuropsychiatry,10.1080/13546805.2012.721728,23106125,,https://doi.org/10.1080/13546805.2012.721728,hed_catalog,https://www.hedtags.org/hed-task/tasks/hedtsk_reading_the_mind_in_the_eyes.html,SOC-RME-001,false,
R0587,"Scullin, M. K., McDaniel, M. A., & Shelton, J. T.",2013,The Dynamic Multiprocess Framework: Evidence from prospective memory with contextual variability,Cognitive Psychology,10.1016/j.cogpsych.2013.07.001,23916951,,https://doi.org/10.1016/j.cogpsych.2013.07.001,hed_catalog,https://www.hedtags.org/hed-task/tasks/hedtsk_prospective_memory.html,MEM-PM-001,false,
R0588,"Smith, N. J., & Levy, R.",2013,The effect of word predictability on reading time is logarithmic,Cognition,10.1016/j.cognition.2013.02.013,23747651,,https://doi.org/10.1016/j.cognition.2013.02.013,hed_catalog,https://www.hedtags.org/hed-task/tasks/hedtsk_self_paced_reading.html,LAN-SPR-001,false,
R0589,"Kohls, G., Perino, M. T., Taylor, J. M., Madva, E. N., Cayber, S. J., Troiani, V., … & Schultz, R. T.",2013,The nucleus accumbens is involved in both the pursuit of social reward and the avoidance of social punishment,Neuropsychologia,10.1016/j.neuropsychologia.2013.07.020,23911778,,https://doi.org/10.1016/j.neuropsychologia.2013.07.020,hed_catalog,https://www.hedtags.org/hed-task/tasks/hedtsk_social_incentive_delay.html,SOC-SID-001;EMO-MID-001;EMO-MID-002,false,
R0590,"Hutchison, K. A., Balota, D. A., Neely, J. H., et al.",2013,The semantic priming project,Behavior Research Methods,10.3758/s13428-012-0304-z,23344737,,https://doi.org/10.3758/s13428-012-0304-z,hed_catalog,https://www.hedtags.org/hed-task/tasks/hedtsk_semantic_priming.html,LAN-PRIME-001,false,
R0591,"Luck, S. J., & Vogel, E. K.",2013,Visual working memory capacity: From psychophysics and neurobiology to individual differences,"Trends in Cognitive Sciences, 17(8), 391–400",10.1016/j.tics.2013.06.006,23850263,,https://doi.org/10.1016/j.tics.2013.06.006,hed_catalog,https://www.hedtags.org/hed-task/tasks/hedtsk_change_detection.html,MEM-CD-001;MEM-CD-003,false,
R0592,"Seli, P., Cheyne, J. A., & Smilek, D.",2013,Wandering minds and wavering rhythms: Linking mind wandering and behavioral variability,Journal of Experimental Psychology: Human Perception and Performance,10.1037/a0030954,23244046,,https://doi.org/10.1037/a0030954,hed_catalog,https://www.hedtags.org/hed-task/tasks/hedtsk_sustained_attention_to_response.html,CTL-SART-001,false,
R0593,"Declerck, C. H., Boone, C., & Emonds, G.",2013,When do people cooperate? The neuroeconomics of prosocial decision making,Brain and Cognition,10.1016/j.bandc.2012.09.009,23174433,,https://doi.org/10.1016/j.bandc.2012.09.009,hed_catalog,https://www.hedtags.org/hed-task/tasks/hedtsk_prisoners_dilemma.html,SOC-TRUST-001,false,
R0594,"Clark, G. M., Lum, J. A., & Ullman, M. T.",2014,A meta-analysis and meta-regression of serial reaction time task performance in Parkinson's disease,Neuropsychology,,24999755,,,hed_catalog,https://www.hedtags.org/hed-task/tasks/hedtsk_serial_reaction_time.html,MOT-SRT-001,false,
R0595,"Wixted, J. T., & Mickes, L.",2014,A signal-detection-based diagnostic-feature-detection model of eyewitness identification,Psychological Review,10.1037/a0035940,24730600,,https://doi.org/10.1037/a0035940,hed_catalog,https://www.hedtags.org/hed-task/tasks/hedtsk_old_new_recognition_memory.html,MEM-ON-001,false,
R0596,"Kavirajan HC, Lueck K, Chuang K",2014,Alternating current cranial electrotherapy stimulation (CES) for depression,Cochrane Database Syst Rev. 2014 (7) CD010521,10.1002/14651858.cd010521.pub2,25000907,,https://doi.org/10.1002/14651858.cd010521.pub2,wikipedia,https://en.wikipedia.org/wiki/Transcranial_alternating_current_stimulation,STM-TACS-001,false,
R0597,"Ma, W. J., Husain, M., & Bays, P. M.",2014,Changing concepts of working memory,"Nature Neuroscience, 17(3), 347–356",10.1038/nn.3655,24569831,,https://doi.org/10.1038/nn.3655,hed_catalog,https://www.hedtags.org/hed-task/tasks/hedtsk_change_detection.html,MEM-CD-001;MEM-CD-002,false,
R0598,"Buhle, J. T., Silvers, J. A., Wager, T. D., et al.",2014,Cognitive reappraisal of emotion: A meta-analysis of human neuroimaging studies,"Cerebral Cortex, 24(11), 2981–2990",10.1093/cercor/bht154,,,https://doi.org/10.1093/cercor/bht154,hed_catalog,https://www.hedtags.org/hed-task/tasks/hedtsk_emotion_regulation.html,EMO-REG-001,false,
R0599,"Dörfel, D., Lamke, J. P., Hummel, F., Wagner, U., Ott, S., & Sammer, G.",2014,"Common and differential neural networks of emotion regulation by detachment, reinterpretation, distraction, and expressive suppression","NeuroImage, 101, 298–309",10.1016/j.neuroimage.2014.06.051,24993897,,https://doi.org/10.1016/j.neuroimage.2014.06.051,hed_catalog,https://www.hedtags.org/hed-task/tasks/hedtsk_emotion_regulation.html,EMO-REG-001;EMO-REG-002,false,
R0600,"Richey, J. A., Rittenberg, A., Hughes, L., Damiano, C. R., Sabatino, A., Miller, S., … & Dichter, G. S.",2014,Common and distinct neural features of social and non-social reward processing in autism and social anxiety disorder,Social Cognitive and Affective Neuroscience,10.1093/scan/nss146,,,https://doi.org/10.1093/scan/nss146,hed_catalog,https://www.hedtags.org/hed-task/tasks/hedtsk_social_incentive_delay.html,SOC-SID-001;EMO-MID-001;EMO-MID-002,false,
R0601,"Servant, M., Montagnini, A., & Burle, B.",2014,Conflict tasks and the diffusion framework: Insight in model constraints based on psychological laws,Cognitive Psychology,10.1016/j.cogpsych.2014.03.002,24762975,,https://doi.org/10.1016/j.cogpsych.2014.03.002,hed_catalog,https://www.hedtags.org/hed-task/tasks/hedtsk_stroop_color_word.html,CTL-STR-001,false,
R0602,"Pastötter, B., & Bäuml, K.-H. T.",2014,Distinct slow and fast cortical theta dynamics in episodic memory retrieval,"NeuroImage, 94, 155–161",10.1016/j.neuroimage.2014.03.002,24632089,,https://doi.org/10.1016/j.neuroimage.2014.03.002,hed_catalog,https://www.hedtags.org/hed-task/tasks/hedtsk_directed_forgetting.html,MEM-DF-001;MEM-DF-002,false,
R0603,"Chavarriaga R, Sobolewski A, Millán JdR",2014,Errare machinale est: the use of error-related potentials in brain-machine interfaces,Frontiers in Neuroscience,10.3389/fnins.2014.00208,,,https://www.frontiersin.org/articles/10.3389/fnins.2014.00208/text,web_search,,ERR-ERRP-001,false,
R0604,"Schurz, M., Radua, J., Aichhorn, M., Richlan, F., & Perner, J.",2014,Fractionating theory of mind: A meta-analysis of functional brain imaging studies,"Neuroscience & Biobehavioral Reviews, 42, 9–34",10.1016/j.neubiorev.2014.01.009,24486722,,https://doi.org/10.1016/j.neubiorev.2014.01.009,hed_catalog;web_search,https://pubmed.ncbi.nlm.nih.gov/24486722/ ; https://www.hedtags.org/hed-task/tasks/hedtsk_false_belief.html,SOC-TOM-001;SOC-TOM-002,false,
R0605,"Lim, S. J., Fiez, J. A., & Holt, L. L.",2014,How may the basal ganglia contribute to auditory categorization and speech perception?,Frontiers in Neuroscience,10.3389/fnins.2014.00230,25136291,,https://doi.org/10.3389/fnins.2014.00230,hed_catalog,https://www.hedtags.org/hed-task/tasks/hedtsk_paired_associates_learning.html,MEM-PA-001,false,
R0606,"Peysakhovich, A., Nowak, M. A., & Rand, D. G.",2014,Humans display a 'cooperative phenotype' that is domain general and temporally stable,Nature Communications,10.1038/ncomms5939,25225950,,https://doi.org/10.1038/ncomms5939,hed_catalog,https://www.hedtags.org/hed-task/tasks/hedtsk_prisoners_dilemma.html,SOC-TRUST-001,false,
R0607,"Rohrmeier, M. A., & Cross, I.",2014,Modelling unsupervised online-learning of artificial grammars: Linking implicit and statistical learning,"Consciousness and Cognition, 27, 155–167",10.1016/j.concog.2014.03.011,24905545,,https://doi.org/10.1016/j.concog.2014.03.011,hed_catalog,https://www.hedtags.org/hed-task/tasks/hedtsk_artificial_grammar_learning.html,LAN-AGL-001,false,
R0608,"Grange, J. A., & Houghton, G.",2014,Models of cognitive control in task switching,Task Switching and Cognitive Control,10.1093/acprof:osobl/9780199921959.003.0008,,,https://doi.org/10.1093/acprof:osobl/9780199921959.003.0008,hed_catalog,https://www.hedtags.org/hed-task/tasks/hedtsk_task_switching.html,CTL-SW-001,false,
R0609,"Lee, S. W., Shimojo, S., & O'Doherty, J. P.",2014,Neural computations underlying arbitration between model-based and model-free learning,"Neuron, 81(3), 687–699",10.1016/j.neuron.2013.11.028,24507199,,https://doi.org/10.1016/j.neuron.2013.11.028,hed_catalog,https://www.hedtags.org/hed-task/tasks/hedtsk_instrumental_conditioning.html,ERR-INST-001,false,
R0610,"Anderson MC, Hanslmayr S",2014,Neural mechanisms of motivated forgetting,Trends in Cognitive Sciences 18(6),10.1016/j.tics.2014.03.002,24747000,,https://pubmed.ncbi.nlm.nih.gov/24747000/,hed_catalog;web_search,https://www.hedtags.org/hed-task/tasks/hedtsk_directed_forgetting.html ; https://www.hedtags.org/hed-task/tasks/hedtsk_think_no_think.html,MEM-DF-001;MEM-TNT-001;MEM-DF-002,false,
R0611,"Kohn, N., Eickhoff, S. B., Scheller, M., Laird, A. R., Fox, P. T., & Habel, U.",2014,Neural network of cognitive emotion regulation: An ALE meta-analysis and MACM analysis,"NeuroImage, 87, 345–355",10.1016/j.neuroimage.2013.11.001,24220041,,https://doi.org/10.1016/j.neuroimage.2013.11.001,hed_catalog,https://www.hedtags.org/hed-task/tasks/hedtsk_emotion_regulation.html,EMO-REG-001,false,
R0612,"Reagh, Z. M., & Yassa, M. A.",2014,Object and spatial mnemonic interference differentially engage lateral and medial entorhinal cortex in humans,"Proceedings of the National Academy of Sciences, 111(40), E4264–E4273",10.1073/pnas.1411250111,25246569,,https://doi.org/10.1073/pnas.1411250111,hed_catalog,https://www.hedtags.org/hed-task/tasks/hedtsk_mnemonic_similarity.html,MEM-MST-001,false,
R0613,"Fedorenko, E., & Thompson-Schill, S. L.",2014,Reworking the language network,Trends in Cognitive Sciences,10.1016/j.tics.2013.12.006,24440115,,https://doi.org/10.1016/j.tics.2013.12.006,hed_catalog,https://www.hedtags.org/hed-task/tasks/hedtsk_sentence_comprehension.html,LAN-SC-001,false,
R0614,"Rand, D. G., & Epstein, Z. G.",2014,Risking your life without a second thought: Intuitive decision-making and extreme altruism,"PLoS ONE, 9(10), e109687",10.1371/journal.pone.0109687,25333876,,https://doi.org/10.1371/journal.pone.0109687,hed_catalog,https://www.hedtags.org/hed-task/tasks/hedtsk_dictator_game.html,SOC-DICT-001,false,
R0615,"Jegerski, J.",2014,Self-paced reading,Research Methods in Second Language Psycholinguistics,10.4324/9780203123430,,,https://doi.org/10.4324/9780203123430,hed_catalog,https://www.hedtags.org/hed-task/tasks/hedtsk_self_paced_reading.html,LAN-SPR-001,false,
R0616,"Schlagenhauf, F., Huys, Q. J. M., Deserno, L., Rapp, M. A., Beck, A., Heinze, H. J., Dolan, R., & Heinz, A.",2014,Striatal dysfunction during reversal learning in unmedicated schizophrenia patients,NeuroImage,10.1016/j.neuroimage.2013.11.034,24291614,,https://doi.org/10.1016/j.neuroimage.2013.11.034,hed_catalog,https://www.hedtags.org/hed-task/tasks/hedtsk_reversal_learning.html,ERR-PRL-001,false,
R0617,"Head, J., & Helton, W. S.",2014,Sustained attention failures are primarily due to sustained cognitive load not task monotony,Acta Psychologica,10.1016/j.actpsy.2014.09.007,25310454,,https://doi.org/10.1016/j.actpsy.2014.09.007,hed_catalog,https://www.hedtags.org/hed-task/tasks/hedtsk_sustained_attention_to_response.html,CTL-SART-001,false,
R0618,"Chica, A. B., Martín-Arévalo, E., Botta, F., & Lupiáñez, J.",2014,The Spatial Orienting paradigm: How to design and interpret spatial attention experiments,Neuroscience & Biobehavioral Reviews,10.1016/j.neubiorev.2014.01.002,24462751,,https://doi.org/10.1016/j.neubiorev.2014.01.002,hed_catalog,https://www.hedtags.org/hed-task/tasks/hedtsk_posner_spatial_cueing.html,PER-CUE-001;PER-CUE-002,false,
R0619,"Gabay, A. S., Radua, J., Kempton, M. J., & Mehta, M. A.",2014,The Ultimatum Game and the brain: A meta-analysis of neuroimaging studies,Neuroscience & Biobehavioral Reviews,10.1016/j.neubiorev.2014.10.014,25454357,,https://doi.org/10.1016/j.neubiorev.2014.10.014,hed_catalog,https://www.hedtags.org/hed-task/tasks/hedtsk_ultimatum_game.html,SOC-UG-001,false,
R0620,"Asplund, C. L., Fougnie, D., Zughni, S., Martin, J. W., & Marois, R.",2014,The attentional blink reveals the probabilistic nature of discrete conscious perception,Psychological Science,10.1177/0956797613513810,24434237,,https://doi.org/10.1177/0956797613513810,hed_catalog,https://www.hedtags.org/hed-task/tasks/hedtsk_rapid_serial_visual_presentation.html,PER-RSVP-001;PER-ODD-001,false,
R0621,Bickel WK et al.,2014,The behavioral- and neuro-economic process of temporal discounting: A candidate behavioral marker of addiction,Neuropharmacology 76,10.1016/j.neuropharm.2013.06.013,23806805,,https://pubmed.ncbi.nlm.nih.gov/23806805/,hed_catalog;web_search,https://www.hedtags.org/hed-task/tasks/hedtsk_delay_discounting.html,CTL-DD-001,false,
R0622,"Kounios, J., & Beeman, M.",2014,The cognitive neuroscience of insight,Annual Review of Psychology,10.1146/annurev-psych-010213-115154,24405359,,https://doi.org/10.1146/annurev-psych-010213-115154,hed_catalog,https://www.hedtags.org/hed-task/tasks/hedtsk_remote_associates.html,CTL-RAT-001,false,
R0623,"Patel, A. D., & Iversen, J. R.",2014,The evolutionary neuroscience of musical beat perception: the Action Simulation for Auditory Prediction (ASAP) hypothesis,"Frontiers in systems neuroscience, 8, 57",,,,,wikipedia,https://en.wikipedia.org/wiki/Beat_(music),SSR-BEAT-001,false,
R0624,"Amodio, D. M.",2014,The neuroscience of prejudice and stereotyping,Nature Reviews Neuroscience,10.1038/nrn3800,25186236,,https://doi.org/10.1038/nrn3800,hed_catalog,https://www.hedtags.org/hed-task/tasks/hedtsk_weapons_identification.html,SOC-WIT-001,false,
R0625,"Correll, J., Hudson, S. M., Guillermo, S., & Ma, D. S.",2014,The police officer's dilemma: A decade of research on racial bias in the decision to shoot,Social and Personality Psychology Compass,10.1111/spc3.12099,,,https://doi.org/10.1111/spc3.12099,hed_catalog,https://www.hedtags.org/hed-task/tasks/hedtsk_weapons_identification.html,SOC-WIT-001,false,
R0626,"Beaty, R. E., Silvia, P. J., Nusbaum, E. C., Jauk, E., & Benedek, M.",2014,The roles of associative and executive processes in creative cognition,Memory & Cognition,10.3758/s13421-014-0428-8,24898118,,https://doi.org/10.3758/s13421-014-0428-8,hed_catalog,https://www.hedtags.org/hed-task/tasks/hedtsk_remote_associates.html,CTL-RAT-001,false,
R0627,"Strobach, T., Schubert, T., Pashler, H., & Rickard, T.",2014,The specificity of stimulus-response and response-response compatibility effects in dual tasks,"Journal of Experimental Psychology: Human Perception and Performance, 40(5), 1966–1984",,,,,hed_catalog,https://www.hedtags.org/hed-task/tasks/hedtsk_psychological_refractory_period.html,CTL-DT-001,false,
R0628,"Saenz M, Langers DR",2014,Tonotopic mapping of human auditory cortex,Hearing Research,10.1016/j.heares.2013.07.016,23916753,,https://doi.org/10.1016/j.heares.2013.07.016,wikipedia,https://en.wikipedia.org/wiki/Tonotopy,PER-TON-001,false,
R0629,"Kable, J. W.",2014,"Valuation, intertemporal choice, and self-control","Neuroeconomics (2nd ed., pp. 173–192). Academic Press",10.1016/b978-0-12-416008-8.00010-3,,,https://doi.org/10.1016/b978-0-12-416008-8.00010-3,hed_catalog,https://www.hedtags.org/hed-task/tasks/hedtsk_delay_discounting.html,CTL-DD-001,false,
R0630,"Shao, Z., Janse, E., Visser, K., & Meyer, A. S.",2014,What do verbal fluency tasks measure? Predictors of verbal fluency performance in older adults,"Frontiers in Psychology, 5, 772",10.3389/fpsyg.2014.00772,25101034,,https://doi.org/10.3389/fpsyg.2014.00772,hed_catalog,https://www.hedtags.org/hed-task/tasks/hedtsk_verbal_fluency.html,LAN-VF-001,false,
R0631,"Brunetti R, Del Gatto C, Delogu F",2014,eCorsi: Implementation and testing of the Corsi Block-Tapping Task for digital tablets,Frontiers in Psychology 5,10.3389/fpsyg.2014.00939,25228888,,https://pubmed.ncbi.nlm.nih.gov/25228888/,hed_catalog;web_search,https://www.hedtags.org/hed-task/tasks/hedtsk_corsi_block_tapping.html,MEM-SWM-001,false,
R0632,Stokes MG,2015,'Activity-silent' working memory in prefrontal cortex: A dynamic coding framework,Trends in Cognitive Sciences 19(7),10.1016/j.tics.2015.05.004,26051384,,https://pubmed.ncbi.nlm.nih.gov/26051384/,hed_catalog;web_search,https://www.hedtags.org/hed-task/tasks/hedtsk_delayed_match_to_sample.html,MEM-DMS-001,false,
R0633,"Wager, T. D., Kang, J., Johnson, T. D., Nichols, T. E., Satpute, A. B., & Barrett, L. F.",2015,A Bayesian model of category-specific emotional brain responses,PLoS Computational Biology,10.1371/journal.pcbi.1004066,25853490,,https://doi.org/10.1371/journal.pcbi.1004066,hed_catalog,https://www.hedtags.org/hed-task/tasks/hedtsk_affective_picture_viewing.html,EMO-IAPS-001,false,
R0634,"Verwey, W. B., Shea, C. H., & Wright, D. L.",2015,A cognitive framework for explaining serial processing and sequence execution strategies,"Psychonomic Bulletin & Review, 22(1), 54–77",10.3758/s13423-014-0773-4,,,https://doi.org/10.3758/s13423-014-0773-4,hed_catalog,https://www.hedtags.org/hed-task/tasks/hedtsk_motor_sequence_learning.html,MOT-MSL-001,false,
R0635,"Olderbak, S., Wilhelm, O., Olaru, G., et al.",2015,A psychometric analysis of the Reading the Mind in the Eyes test: Toward a brief form,Frontiers in Psychology,10.3389/fpsyg.2015.01503,26500578,,https://doi.org/10.3389/fpsyg.2015.01503,hed_catalog,https://www.hedtags.org/hed-task/tasks/hedtsk_reading_the_mind_in_the_eyes.html,SOC-RME-001,false,
R0636,"Balodis, I. M., & Potenza, M. N.",2015,Anticipatory reward processing in addicted populations: A focus on the monetary incentive delay task,"Biological Psychiatry, 77(5), 434–444",10.1016/j.biopsych.2014.08.020,25481621,,https://doi.org/10.1016/j.biopsych.2014.08.020,hed_catalog,https://www.hedtags.org/hed-task/tasks/hedtsk_monetary_incentive_delay.html,EMO-MID-001,false,
R0637,"Köstering, L., Nitschke, K., Schumacher, F. K., et al.",2015,Assessment of planning performance in clinical samples: Reliability and validity of the Tower of London task (TOL-F),Neuropsychologia,10.1016/j.neuropsychologia.2015.07.017,26197091,,https://doi.org/10.1016/j.neuropsychologia.2015.07.017,hed_catalog,https://www.hedtags.org/hed-task/tasks/hedtsk_tower_of_london.html,CTL-TOL-001,false,
R0638,"Ulrich, R., Schröter, H., Leuthold, H., & Birngruber, D.",2015,Automatic and controlled stimulus processing in conflict tasks: Superimposed diffusion processes and delta functions,"Cognitive Psychology, 78, 148–174",10.1016/j.cogpsych.2015.02.005,25909766,,https://doi.org/10.1016/j.cogpsych.2015.02.005,hed_catalog,https://www.hedtags.org/hed-task/tasks/hedtsk_eriksen_flanker.html,CTL-FLK-001,false,
R0639,"Westbrook, A., & Braver, T. S.",2015,Cognitive effort: A neuroeconomic approach,"Cognitive, Affective, & Behavioral Neuroscience, 15(2), 395-415",10.3758/s13415-015-0334-y,25673005,,https://doi.org/10.3758/s13415-015-0334-y,hed_catalog,https://www.hedtags.org/hed-task/tasks/hedtsk_effort_based_decision_making.html,CTL-EFF-001,false,
R0640,"Hayes, T. R., Petrov, A. A., & Sederberg, P. B.",2015,Do we really become smarter when our fluid-intelligence test scores improve?,"Intelligence, 48, 1–14",10.1016/j.intell.2014.10.005,25395695,,https://doi.org/10.1016/j.intell.2014.10.005,hed_catalog,https://www.hedtags.org/hed-task/tasks/hedtsk_ravens_progressive_matrices.html,CTL-RAVEN-001,false,
R0641,"Chong, T. T.-J., Bonnelle, V., Manohar, S., et al.",2015,Dopamine enhances willingness to exert effort for reward in Parkinson's disease,"Cortex, 69, 40-46",10.1016/j.cortex.2015.04.003,,,https://doi.org/10.1016/j.cortex.2015.04.003,hed_catalog,https://www.hedtags.org/hed-task/tasks/hedtsk_effort_based_decision_making.html,CTL-EFF-001,false,
R0642,"Reddy, L. F., Horan, W. P., Barch, D. M., Buchanan, R. W., et al.",2015,Effort-Based Decision-Making Paradigms for Clinical Trials in Schizophrenia: Part 1 — Psychometric Characteristics of 5 Paradigms,"Schizophrenia Bulletin, 41(5), 1045-1054",10.1093/schbul/sbv089,26142081,,https://doi.org/10.1093/schbul/sbv089,hed_catalog,https://www.hedtags.org/hed-task/tasks/hedtsk_effort_based_decision_making.html,CTL-EFF-001,false,
R0643,"Price, R. B., Kuckertz, J. M., Siegle, G. J., Ladouceur, C. D., Silk, J. S., Ryan, N. D., et al.",2015,Empirical recommendations for improving the stability of the dot-probe task in clinical research,"Psychological Assessment, 27(2), 365–376",10.1037/pas0000036,25419646,,https://doi.org/10.1037/pas0000036,hed_catalog,https://www.hedtags.org/hed-task/tasks/hedtsk_dot_probe.html,EMO-DOT-001,false,
R0644,"Lohnas, L. J., Polyn, S. M., & Kahana, M. J.",2015,Expanding the scope of memory search: Modeling intralist and interlist effects in free recall,"Psychological Review, 122(2), 337–363",10.1037/a0039036,25844876,,https://doi.org/10.1037/a0039036,hed_catalog,https://www.hedtags.org/hed-task/tasks/hedtsk_free_recall.html,MEM-FR-001,false,
R0645,"Batterink, L. J., Reber, P. J., Neville, H. J., & Paller, K. A.",2015,Implicit and explicit contributions to statistical learning,"Journal of Memory and Language, 83, 62–78",10.1016/j.jml.2015.04.004,26034344,,https://doi.org/10.1016/j.jml.2015.04.004,hed_catalog,https://www.hedtags.org/hed-task/tasks/hedtsk_artificial_grammar_learning.html,LAN-AGL-001,false,
R0646,"Goujon, A., Didierjean, A., & Thorpe, S.",2015,Investigating implicit statistical learning mechanisms through contextual cueing,"Trends in Cognitive Sciences, 19(9), 524–533",10.1016/j.tics.2015.07.009,26255970,,https://doi.org/10.1016/j.tics.2015.07.009,hed_catalog,https://www.hedtags.org/hed-task/tasks/hedtsk_contextual_cueing.html,PER-CTXC-001,false,
R0647,"Garfinkel, S. N., Seth, A. K., Barrett, A. B., Suzuki, K., & Critchley, H. D.",2015,Knowing your own heart: Distinguishing interoceptive accuracy from interoceptive sensibility,"Biological Psychology, 104, 65-74",10.1016/j.biopsycho.2014.11.004,25451381,,https://doi.org/10.1016/j.biopsycho.2014.11.004,hed_catalog,https://www.hedtags.org/hed-task/tasks/hedtsk_heartbeat_detection.html,PER-HBD-001;PER-HBD-002,false,
R0648,"Song, Y., Hakoda, Y., & Sang, B.",2015,Lack of global precedence and global-to-local interference without local processing deficit in children with ADHD,"Journal of Attention Disorders, 20(8), 671–682",10.1037/neu0000213,26146856,,https://doi.org/10.1037/neu0000213,hed_catalog,https://www.hedtags.org/hed-task/tasks/hedtsk_navon.html,PER-NAVON-001,false,
R0649,"Soderstrom, N. C., & Bjork, R. A.",2015,Learning versus performance: An integrative review,"Perspectives on Psychological Science, 10(2), 176-199",10.1177/1745691615569000,25910388,,https://doi.org/10.1177/1745691615569000,hed_catalog,https://www.hedtags.org/hed-task/tasks/hedtsk_judgment_of_learning.html,MEM-META-001,false,
R0650,"Diedrichsen, J., & Kornysheva, K.",2015,Motor skill learning between selection and execution,"Trends in Cognitive Sciences, 19(4), 227–233",,,,,hed_catalog,https://www.hedtags.org/hed-task/tasks/hedtsk_motor_sequence_learning.html,MOT-MSL-001,false,
R0651,"Cona, G., Scarpazza, C., Sartori, G., Moscovitch, M., & Bhisset, P.",2015,Neural bases of prospective memory: A meta-analysis and the 'Attention to Delayed Intention' (AtoDI) model,Neuroscience & Biobehavioral Reviews,10.1016/j.neubiorev.2015.02.007,25704073,,https://doi.org/10.1016/j.neubiorev.2015.02.007,hed_catalog,https://www.hedtags.org/hed-task/tasks/hedtsk_prospective_memory.html,MEM-PM-001;MEM-PM-002,false,
R0652,"Cremers, H. R., Veer, I. M., Spinhoven, P., Rombouts, S. A. R. B., & Roelofs, K.",2015,Neural sensitivity to social reward and punishment anticipation in social anxiety disorder,Frontiers in Behavioral Neuroscience,10.3389/fnbeh.2014.00439,25601830,,https://doi.org/10.3389/fnbeh.2014.00439,hed_catalog,https://www.hedtags.org/hed-task/tasks/hedtsk_social_incentive_delay.html,SOC-SID-001;EMO-MID-001;EMO-MID-002,false,
R0653,"Feng, C., Luo, Y. J., & Krueger, F.",2015,Neural signatures of fairness-related normative decision-making in the ultimatum game: A coordinate-based meta-analysis,Human Brain Mapping,10.1002/hbm.22649,25327760,,https://doi.org/10.1002/hbm.22649,hed_catalog;web_search,https://pubmed.ncbi.nlm.nih.gov/25327760 ; https://www.hedtags.org/hed-task/tasks/hedtsk_ultimatum_game.html,SOC-UG-001,false,
R0654,"Spiers, H. J., & Barry, C.",2015,Neural systems supporting navigation,Current Opinion in Behavioral Sciences,10.1016/j.cobeha.2014.08.005,,,https://doi.org/10.1016/j.cobeha.2014.08.005,hed_catalog,https://www.hedtags.org/hed-task/tasks/hedtsk_virtual_morris_water_maze.html,MEM-NAV-001,false,
R0655,"Kilteni, K., Maselli, A., Kording, K. P., & Slater, M.",2015,Over my fake body: Body ownership illusions for studying the multisensory basis of own-body perception,"Frontiers in Human Neuroscience, 9, 141",10.3389/fnhum.2015.00141,25852524,,https://doi.org/10.3389/fnhum.2015.00141,hed_catalog,https://www.hedtags.org/hed-task/tasks/hedtsk_body_ownership_illusion.html,PER-BOI-001,false,
R0656,"Samad, M., Chung, A. J., & Shams, L.",2015,Perception of body ownership is driven by Bayesian sensory inference,"PLoS ONE, 10(2), e0117178",10.1371/journal.pone.0117178,25658822,,https://doi.org/10.1371/journal.pone.0117178,hed_catalog,https://www.hedtags.org/hed-task/tasks/hedtsk_body_ownership_illusion.html,PER-BOI-001,false,
R0657,"Costa, V. D., Tran, V. L., Turchi, J., & Averbeck, B. B.",2015,Reversal learning and dopamine: A Bayesian perspective,Journal of Neuroscience,10.1523/jneurosci.1989-14.2015,25673835,,https://doi.org/10.1523/jneurosci.1989-14.2015,hed_catalog,https://www.hedtags.org/hed-task/tasks/hedtsk_reversal_learning.html,ERR-PRL-001,false,
R0658,"Foster, J. L., Shipstead, Z., Harrison, T. L., Hicks, K. L., Redick, T. S., & Engle, R. W.",2015,Shortened complex span tasks can reliably measure working memory capacity.,Memory & Cognition,10.1037/t67769-000,,,https://doi.org/10.1037/t67769-000,hed_catalog,https://www.hedtags.org/hed-task/tasks/hedtsk_operation_span.html,MEM-OSPAN-001,false,
R0659,"Greenwald, A. G., Banaji, M. R., & Nosek, B. A.",2015,Statistically small effects of the Implicit Association Test can have societally large effects,"Journal of Personality and Social Psychology, 108(4), 553–561",10.1037/pspa0000016,25402677,,https://doi.org/10.1037/pspa0000016,hed_catalog,https://www.hedtags.org/hed-task/tasks/hedtsk_implicit_association.html,SOC-IAT-001,false,
R0660,"Zvielli, A., Bernstein, A., & Koster, E. H. W.",2015,Temporal dynamics of attentional bias,"Clinical Psychological Science, 3(5), 772–788",10.1177/2167702614551572,,,https://doi.org/10.1177/2167702614551572,hed_catalog,https://www.hedtags.org/hed-task/tasks/hedtsk_dot_probe.html,EMO-DOT-001,false,
R0661,"Twomey, D. M., Murphy, P. R., Kelly, S. P., & O'Connell, R. G.",2015,The classic P300 encodes a build-to-threshold decision variable,European Journal of Neuroscience,10.1111/ejn.12936,25925534,,https://doi.org/10.1111/ejn.12936,hed_catalog,https://www.hedtags.org/hed-task/tasks/hedtsk_oddball.html,PER-ODD-001,false,
R0662,"Adam, K. C. S., Mance, I., Fukuda, K., & Vogel, E. K.",2015,The contribution of attentional lapses to individual differences in visual working memory capacity,"Journal of Cognitive Neuroscience, 27(8), 1601–1616",10.1162/jocn_a_00811,25811710,,https://doi.org/10.1162/jocn_a_00811,hed_catalog,https://www.hedtags.org/hed-task/tasks/hedtsk_change_detection.html,MEM-CD-001;MEM-CD-003,false,
R0663,"Staub, A.",2015,The effect of lexical predictability on eye movements in reading: Critical review and theoretical interpretation,Language and Linguistics Compass,10.1111/lnc3.12151,,,https://doi.org/10.1111/lnc3.12151,hed_catalog,https://www.hedtags.org/hed-task/tasks/hedtsk_sentence_comprehension.html,LAN-SC-001,false,
R0664,"Undorf, M., & Erdfelder, E.",2015,The relatedness effect on judgments of learning: A closer look at the contribution of processing fluency,"Memory & Cognition, 43(3), 480-493",10.3758/s13421-014-0479-x,,,https://doi.org/10.3758/s13421-014-0479-x,hed_catalog,https://www.hedtags.org/hed-task/tasks/hedtsk_judgment_of_learning.html,MEM-META-001,false,
R0665,"Lara AH, Wallis JD",2015,The role of prefrontal cortex in working memory: A mini review,Frontiers in Systems Neuroscience 9,10.3389/fnsys.2015.00173,26733825,,https://pubmed.ncbi.nlm.nih.gov/26733825/,hed_catalog;web_search,https://www.hedtags.org/hed-task/tasks/hedtsk_delayed_match_to_sample.html,MEM-DMS-001,false,
R0666,"Smallwood, J.; Schooler, J.W.",2015,The science of mind wandering: empirically navigating the stream of consciousness,Annual Review of Psychology 66: 487–518,10.1146/annurev-psych-010814-015331,25293689,,https://doi.org/10.1146/annurev-psych-010814-015331,wikipedia,https://en.wikipedia.org/wiki/Mind-wandering,STA-MW-001;STA-MW-002,false,
R0667,"Norcia, Anthony M.; Appelbaum, L. Gregory; Ales, Justin M.; Cottereau, Benoit R.; Rossion, Bruno",2015,The steady-state visual evoked potential in vision research: A review,Journal of Vision,10.1167/15.6.4,26024451,,https://doi.org/10.1167/15.6.4,web_search;wikipedia,https://en.wikipedia.org/wiki/Steady_state_visually_evoked_potential ; https://pubmed.ncbi.nlm.nih.gov/26024451/,SSR-FT-001;SSR-SSVEP-001;SSR-SSVEP-004,false,
R0668,"Duits, P., Cath, D. C., Lissek, S., et al.",2015,Updated meta-analysis of classical fear conditioning in the anxiety disorders,Depression and Anxiety,10.1002/da.22353,25703487,,https://doi.org/10.1002/da.22353,hed_catalog,https://www.hedtags.org/hed-task/tasks/hedtsk_pavlovian_fear_conditioning.html,EMO-FC-001,false,
R0669,"Olteteanu, A. M., & Falomir, Z.",2015,comRAT-C: A computational compound Remote Associates Test solver based on language data and its comparison to human performance,Pattern Recognition Letters,10.1016/j.patrec.2015.05.015,,,https://doi.org/10.1016/j.patrec.2015.05.015,hed_catalog,https://www.hedtags.org/hed-task/tasks/hedtsk_remote_associates.html,CTL-RAT-001,false,
R0670,"Erickson, M. A., Ruffle, A., & Gold, J. M.",2016,A meta-analysis of mismatch negativity in schizophrenia: From clinical risk to disease specificity and progression,"Biological Psychiatry, 79(12), 980–987",10.1016/j.biopsych.2015.08.025,26444073,,https://doi.org/10.1016/j.biopsych.2015.08.025,hed_catalog,https://www.hedtags.org/hed-task/tasks/hedtsk_mismatch_negativity.html,PER-MMN-001,false,
R0671,"Kievit, R. A., Davis, S. W., Griffiths, J., Correia, M. M., Cam-CAN, & Henson, R. N.",2016,A watershed model of individual differences in fluid intelligence,"Neuropsychologia, 91, 186–198",10.1016/j.neuropsychologia.2016.08.008,27520470,,https://doi.org/10.1016/j.neuropsychologia.2016.08.008,hed_catalog,https://www.hedtags.org/hed-task/tasks/hedtsk_ravens_progressive_matrices.html,CTL-RAVEN-001,false,
R0672,"King, J. R., Pescetelli, N., & Dehaene, S.",2016,Brain mechanisms underlying the brief maintenance of seen and unseen sensory information,Neuron,10.1016/j.neuron.2016.10.051,27930903,,https://doi.org/10.1016/j.neuron.2016.10.051,hed_catalog,https://www.hedtags.org/hed-task/tasks/hedtsk_visual_masking.html,PER-MASK-001,false,
R0673,"Gillan, C. M., Kosinski, M., Whelan, R., Phelps, E. A., & Daw, N. D.",2016,Characterizing a psychiatric symptom dimension related to deficits in goal-directed control,"eLife, 5, e11305",10.7554/elife.11305,26928075,,https://doi.org/10.7554/elife.11305,hed_catalog,https://www.hedtags.org/hed-task/tasks/hedtsk_instrumental_conditioning.html ; https://www.hedtags.org/hed-task/tasks/hedtsk_two_stage_decision.html,ERR-INST-001;ERR-TS-001,false,
R0674,"Bobak, A. K., Pampoulov, P., & Bate, S.",2016,Detecting superior face recognition skills in a large sample of young British adults,"Quarterly Journal of Experimental Psychology, 69(2), 253–263",10.3389/fpsyg.2016.01378,27713706,,https://doi.org/10.3389/fpsyg.2016.01378,hed_catalog,https://www.hedtags.org/hed-task/tasks/hedtsk_cambridge_face_memory.html,MEM-CFMT-001,false,
R0675,Ratcliff R et al.,2016,Diffusion decision model: Current issues and history,Trends in Cognitive Sciences 20(4),10.1016/j.tics.2016.01.007,26952739,,https://pubmed.ncbi.nlm.nih.gov/26952739/,hed_catalog;web_search,https://www.hedtags.org/hed-task/tasks/hedtsk_random_dot_kinematogram.html,CTL-PDM-001,false,
R0676,"Bookbinder, S. H., & Brainerd, C. J.",2016,Emotion and false memory: A critical review and meta-analysis,"Psychological Bulletin, 142(12), 1-24",10.1037/bul0000077,27748610,,https://doi.org/10.1037/bul0000077,hed_catalog,https://www.hedtags.org/hed-task/tasks/hedtsk_source_memory.html,MEM-SRC-001,false,
R0677,"Kurkela, K. A., & Dennis, N. A.",2016,Event-related fMRI studies of false memory: An Activation Likelihood Estimation meta-analysis,"Neuropsychologia, 81, 149-167",10.1016/j.neuropsychologia.2015.12.006,26683385,,https://doi.org/10.1016/j.neuropsychologia.2015.12.006,hed_catalog,https://www.hedtags.org/hed-task/tasks/hedtsk_source_memory.html,MEM-SRC-001,false,
R0678,,2016,ISCEV standard for clinical visual evoked potentials: (2016 update),,,,,https://iscev.org/standards/pdfs/ISCEV-VEP-Standard-2016.pdf,web_search,,PER-FVEP-001;PER-PRVEP-001,false,
R0679,"Salvi, C., Bricolo, E., Kounios, J., Bowden, E., & Beeman, M.",2016,Insight solutions are correct more often than analytic solutions,Thinking & Reasoning,10.1080/13546783.2016.1141798,27667960,,https://doi.org/10.1080/13546783.2016.1141798,hed_catalog,https://www.hedtags.org/hed-task/tasks/hedtsk_remote_associates.html,CTL-RAT-001,false,
R0680,"Flesher, Sharlene N.; Collinger, Jennifer L.; et al.",2016,Intracortical microstimulation of human somatosensory cortex,Science Translational Medicine,10.1126/scitranslmed.aaf8083,27738096,,https://doi.org/10.1126/scitranslmed.aaf8083,wikipedia,https://en.wikipedia.org/wiki/Microstimulation,STM-ICMS-001,false,
R0681,"Seli, P., Risko, E. F., Smilek, D., & Schacter, D. L.",2016,Mind-wandering with and without intention,Trends in Cognitive Sciences,10.1016/j.tics.2016.05.010,27318437,,https://doi.org/10.1016/j.tics.2016.05.010,hed_catalog,https://www.hedtags.org/hed-task/tasks/hedtsk_sustained_attention_to_response.html,CTL-SART-001,false,
R0682,"Fullana, M. A., Harrison, B. J., Soriano-Mas, C., et al.",2016,Neural signatures of human fear conditioning: An updated and extended meta-analysis of fMRI studies,Molecular Psychiatry,10.1038/mp.2015.88,26122585,,https://doi.org/10.1038/mp.2015.88,hed_catalog;web_search,https://pubmed.ncbi.nlm.nih.gov/26122585/ ; https://www.hedtags.org/hed-task/tasks/hedtsk_pavlovian_fear_conditioning.html,EMO-FC-001,false,
R0683,"Calvo, M. G., & Nummenmaa, L.",2016,Perceptual and affective mechanisms in facial expression recognition: An integrative review,"Cognition and Emotion, 30(6), 1081–1106",10.1016/b978-0-12-800951-2.00016-9,,,https://doi.org/10.1016/b978-0-12-800951-2.00016-9,hed_catalog,https://www.hedtags.org/hed-task/tasks/hedtsk_facial_emotion_recognition.html,EMO-FACE-001,false,doi_mismatch
R0684,"VanRullen, R.",2016,Perceptual cycles,Trends in Cognitive Sciences,10.1016/j.tics.2016.07.006,27567317,,https://doi.org/10.1016/j.tics.2016.07.006,hed_catalog,https://www.hedtags.org/hed-task/tasks/hedtsk_visual_masking.html,PER-MASK-001,false,
R0685,"Oksama, L., & Hyönä, J.",2016,Position tracking and identity tracking are separate systems: Evidence from eye movements,"Cognition, 146, 393–409",10.1016/j.cognition.2015.10.016,26529194,,https://doi.org/10.1016/j.cognition.2015.10.016,hed_catalog,https://www.hedtags.org/hed-task/tasks/hedtsk_multiple_object_tracking.html,PER-MOT-001,false,
R0686,"Thurman, S. M., & Lu, H.",2016,Revisiting the importance of common body dynamics in human action perception,"Attention, Perception, & Psychophysics, 78, 2187–2199",,,,,hed_catalog,https://www.hedtags.org/hed-task/tasks/hedtsk_biological_motion_perception.html,SOC-BIO-001,false,
R0687,"Vasishth, S., & Nicenboim, B.",2016,Statistical methods for linguistic research: Foundational ideas – Part I,Language and Linguistics Compass,10.1111/lnc3.12201,,,https://doi.org/10.1111/lnc3.12201,hed_catalog,https://www.hedtags.org/hed-task/tasks/hedtsk_self_paced_reading.html,LAN-SPR-001,false,
R0688,"Iversen, J. R., & Balasubramaniam, R.",2016,Synchronization and temporal processing,"Current Opinion in Behavioral Sciences, 8, 175-180",,,,,wikipedia,https://en.wikipedia.org/wiki/Beat_(music),SSR-BEAT-001,false,
R0689,"Luria, R., Balaban, H., Awh, E., & Vogel, E. K.",2016,The contralateral delay activity as a neural measure of visual working memory,"Neuroscience & Biobehavioral Reviews, 62, 100–108",10.1016/j.neubiorev.2016.01.003,26802451,,https://doi.org/10.1016/j.neubiorev.2016.01.003,hed_catalog,https://www.hedtags.org/hed-task/tasks/hedtsk_change_detection.html,MEM-CD-001;MEM-CD-003,false,
R0690,"Oakley, B. F. M., Brewer, R., Bird, G., & Catmur, C.",2016,Theory of mind is not theory of emotion: A cautionary note on the Reading the Mind in the Eyes Test,Journal of Abnormal Psychology,10.1037/abn0000182,27505409,,https://doi.org/10.1037/abn0000182,hed_catalog,https://www.hedtags.org/hed-task/tasks/hedtsk_reading_the_mind_in_the_eyes.html,SOC-RME-001,false,
R0691,"Brunoni AR, Moffa AH, Fregni F, et al.",2016,Transcranial direct current stimulation for acute major depressive episodes: meta-analysis of individual patient data,The British Journal of Psychiatry,10.1192/bjp.bp.115.164715,27056623,,https://doi.org/10.1192/bjp.bp.115.164715,wikipedia,https://en.wikipedia.org/wiki/Transcranial_direct-current_stimulation,STM-TDCS-001,false,
R0692,"Kool, W., Cushman, F. A., & Gershman, S. J.",2016,When does model-based control pay off?,PLoS Computational Biology,10.1371/journal.pcbi.1005090,27564094,,https://doi.org/10.1371/journal.pcbi.1005090,hed_catalog,https://www.hedtags.org/hed-task/tasks/hedtsk_two_stage_decision.html,ERR-TS-001;ERR-TS-002,false,
R0693,"Engel, C., & Zhurakhovska, L.",2016,When is the risk of cooperation worth taking? The prisoner's dilemma as a game of multiple motives,Applied Economics Letters,10.1080/13504851.2016.1139672,,,https://doi.org/10.1080/13504851.2016.1139672,hed_catalog,https://www.hedtags.org/hed-task/tasks/hedtsk_prisoners_dilemma.html,SOC-TRUST-001;SOC-TRUST-002,false,
R0694,"Deschrijver, E., Wiersema, J. R., & Brass, M.",2017,Action-based touch observation in adults with high functioning autism,"Social Cognitive and Affective Neuroscience, 12(2), 273-282",10.1093/scan/nsw126,,,https://doi.org/10.1093/scan/nsw126,hed_catalog,https://www.hedtags.org/hed-task/tasks/hedtsk_imitation_inhibition.html,SOC-IMIT-001,false,
R0695,"Stark, S. M., & Stark, C. E. L.",2017,Age-related deficits in the mnemonic similarity task for objects and scenes,"Behavioural Brain Research, 333, 109–117",10.1016/j.bbr.2017.06.049,28673769,,https://doi.org/10.1016/j.bbr.2017.06.049,hed_catalog,https://www.hedtags.org/hed-task/tasks/hedtsk_mnemonic_similarity.html,MEM-MST-001,false,
R0696,"Hitchcock, C., Werner-Seidler, A., Blackwell, S. E., & Dalgleish, T.",2017,"Autobiographical episodic memory-based training for the treatment of mood, anxiety and stress-related disorders: A systematic review and meta-analysis","Clinical Psychology Review, 52, 92-107",10.1016/j.cpr.2016.12.003,28086133,,https://doi.org/10.1016/j.cpr.2016.12.003,hed_catalog,https://www.hedtags.org/hed-task/tasks/hedtsk_autobiographical_memory.html,EMO-AUTO-001,false,
R0697,"Borhani, K., Beck, B., & Haggard, P.",2017,"Choosing, doing, and controlling: Implicit sense of agency over somatosensory events","Psychological Science, 28(7), 882-893",10.1177/0956797617697693,28488908,,https://doi.org/10.1177/0956797617697693,hed_catalog,https://www.hedtags.org/hed-task/tasks/hedtsk_intentional_binding.html,MOT-IB-001,false,
R0698,"Korthauer, L. E., Nowak, N. T., Frahmand, M., & Driscoll, I.",2017,Cognitive correlates of spatial navigation: Associations between executive function and the virtual radial arm maze,Behavioural Brain Research,10.1016/j.bbr.2016.10.007,27720743,,https://doi.org/10.1016/j.bbr.2016.10.007,hed_catalog,https://www.hedtags.org/hed-task/tasks/hedtsk_virtual_radial_arm_maze.html,MEM-NAV-001;MEM-NAV-002,false,
R0699,"Lange F, Seer C, Kopp B",2017,Cognitive flexibility in neurological disorders: Cognitive components and event-related potentials,Neuroscience & Biobehavioral Reviews 83,10.1016/j.neubiorev.2017.09.011,28903059,,https://pubmed.ncbi.nlm.nih.gov/28903059/,hed_catalog;web_search,https://www.hedtags.org/hed-task/tasks/hedtsk_wisconsin_card_sorting.html,CTL-WCST-001,false,
R0700,"Littman, R., & Takács, Á.",2017,Do all inhibitions act alike? A study of Go/No-Go and stop-signal paradigms using drift-diffusion modeling,"PLOS ONE, 12(10), e0186774",10.1371/journal.pone.0186774,29065184,,https://doi.org/10.1371/journal.pone.0186774,hed_catalog,https://www.hedtags.org/hed-task/tasks/hedtsk_go_no_go.html,CTL-GNG-001,false,
R0701,"Lonsdorf, T. B., Menz, M. M., Andreatta, M., et al.",2017,"Don't fear 'fear conditioning': Methodological considerations for the design and analysis of studies on human fear acquisition, extinction, and return of fear",Neuroscience & Biobehavioral Reviews,10.1016/j.neubiorev.2017.02.026,28263758,,https://doi.org/10.1016/j.neubiorev.2017.02.026,hed_catalog,https://www.hedtags.org/hed-task/tasks/hedtsk_pavlovian_fear_conditioning.html,EMO-FC-001,false,
R0702,"Lefaucheur JP, Antal A, Ayache SS, et al.",2017,Evidence-based guidelines on the therapeutic use of transcranial direct current stimulation (tDCS),Clinical Neurophysiology,10.1016/j.clinph.2016.10.087,27866120,,https://doi.org/10.1016/j.clinph.2016.10.087,wikipedia,https://en.wikipedia.org/wiki/Transcranial_direct-current_stimulation,STM-TDCS-001,false,
R0703,"Wolfe, J. M., & Horowitz, T. S.",2017,Five factors that guide attention in visual search,Nature Human Behaviour,10.1038/s41562-017-0058,36711068,,https://doi.org/10.1038/s41562-017-0058,hed_catalog,https://www.hedtags.org/hed-task/tasks/hedtsk_visual_search.html,PER-VS-001,false,
R0704,"Ekstrom, A. D., & Isham, E. A.",2017,Human spatial navigation: Representations across dimensions and scales,Current Opinion in Behavioral Sciences,10.1016/j.cobeha.2017.06.005,29130062,,https://doi.org/10.1016/j.cobeha.2017.06.005,hed_catalog,https://www.hedtags.org/hed-task/tasks/hedtsk_virtual_morris_water_maze.html,MEM-NAV-001,false,
R0705,"Murphy, J., Brewer, R., Catmur, C., & Bird, G.",2017,Interoception and psychopathology: A developmental neuroscience perspective,"Developmental Cognitive Neuroscience, 23, 45-56",10.1016/j.dcn.2016.12.006,28081519,,https://doi.org/10.1016/j.dcn.2016.12.006,hed_catalog,https://www.hedtags.org/hed-task/tasks/hedtsk_heartbeat_detection.html,PER-HBD-001,false,
R0706,"Cogliati Dezza, I., Yu, A. J., Cleeremans, A., & Alexander, W.",2017,Learning the value of information and reward over time when solving exploration–exploitation problems,"Scientific Reports, 7, 16919",10.1038/s41598-017-17237-w,29209058,,https://doi.org/10.1038/s41598-017-17237-w,hed_catalog,https://www.hedtags.org/hed-task/tasks/hedtsk_multi_armed_bandit.html,ERR-BANDIT-001,false,
R0707,"Annac, E., Conci, M., Müller, H. J., & Geyer, T.",2017,Local item density modulates adaptation of learned contextual cues,"Visual Cognition, 25(1–3), 262–277",10.1080/13506285.2017.1339158,,,https://doi.org/10.1080/13506285.2017.1339158,hed_catalog,https://www.hedtags.org/hed-task/tasks/hedtsk_contextual_cueing.html,PER-CTXC-001,false,
R0708,"Antal A, Alekseichuk I, Bikson M, et al.",2017,"Low intensity transcranial electric stimulation: Safety, ethical, legal regulatory and application guidelines",Clinical Neurophysiology,10.1016/j.clinph.2017.06.001,28709880,,https://doi.org/10.1016/j.clinph.2017.06.001,wikipedia,https://en.wikipedia.org/wiki/Transcranial_direct-current_stimulation,STM-TDCS-001,false,
R0709,"Morton, N. W., Sherrill, K. R., & Preston, A. R.",2017,"Memory integration constructs maps of space, time, and concepts","Current Opinion in Behavioral Sciences, 17, 161–168",10.1016/j.cobeha.2017.08.007,28924579,,https://doi.org/10.1016/j.cobeha.2017.08.007,hed_catalog,https://www.hedtags.org/hed-task/tasks/hedtsk_free_recall.html,MEM-FR-001,false,
R0710,"Genschow, O., van Den Bossche, S., Cracco, E., & Brass, M.",2017,Mimicry and automatic imitation are not correlated,"PLoS ONE, 12(9), e0183784",10.1371/journal.pone.0183784,28877197,,https://doi.org/10.1371/journal.pone.0183784,hed_catalog,https://www.hedtags.org/hed-task/tasks/hedtsk_imitation_inhibition.html,SOC-IMIT-001,false,
R0711,"Wolfe, B., Dobres, J., Rosenholtz, R., & Reimer, B.",2017,More than the Useful Field: Considering peripheral vision in driving,Applied Ergonomics,10.1016/j.apergo.2017.07.009,28802451,,https://doi.org/10.1016/j.apergo.2017.07.009,hed_catalog,https://www.hedtags.org/hed-task/tasks/hedtsk_useful_field_of_view.html,PER-UFOV-001,false,
R0712,"Bellucci, G., Chernyak, S. V., Goodyear, K., Eickhoff, S. B., & Krueger, F.",2017,Neural signatures of trust in reciprocity: A coordinate-based meta-analysis,Human Brain Mapping,10.1002/hbm.23451,,,https://doi.org/10.1002/hbm.23451,hed_catalog,https://www.hedtags.org/hed-task/tasks/hedtsk_trust_game.html,SOC-TRUST-001,false,
R0713,"Gagnepain, P., Hulbert, J., & Anderson, M. C.",2017,Parallel regulation of memory and emotion supports the suppression of intrusive memories,Journal of Neuroscience,10.1523/jneurosci.2732-16.2017,28559378,,https://doi.org/10.1523/jneurosci.2732-16.2017,hed_catalog,https://www.hedtags.org/hed-task/tasks/hedtsk_think_no_think.html,MEM-TNT-001,false,
R0714,Somon B et al.,2017,Performance Monitoring Applied to System Supervision,Frontiers in Human Neuroscience,10.3389/fnhum.2017.00360,,,https://www.frontiersin.org/journals/human-neuroscience/articles/10.3389/fnhum.2017.00360/full,web_search,,ERR-OBS-001;ERR-ERRP-002;ERR-GAM-001;ERR-GAM-003;ERR-OBS-002;ERR-OBS-003,false,
R0715,Fortenbaugh FC et al.,2017,"Recent theoretical, neural, and clinical advances in sustained attention research",Annals of the New York Academy of Sciences 1396(1),10.1111/nyas.13318,28260249,,https://www.hedtags.org/hed-task/tasks/hedtsk_continuous_performance.html,hed_catalog;web_search,https://www.hedtags.org/hed-task/tasks/hedtsk_continuous_performance.html ; https://www.hedtags.org/hed-task/tasks/hedtsk_sustained_attention_to_response.html,CTL-CPT-001;CTL-SART-001,false,
R0716,"Patel, V. P., Walker, L. A. S., & Feinstein, A.",2017,Revisiting cognitive reserve and cognition in multiple sclerosis: A closer look at the SDMT,"Multiple Sclerosis Journal, 23(10), 1390–1399",10.1177/1352458517692887,28273771,,https://doi.org/10.1177/1352458517692887,hed_catalog,https://www.hedtags.org/hed-task/tasks/hedtsk_digit_symbol_substitution.html,CTL-DSST-001,false,
R0717,"Salzer Y, de Hollander G, Forstmann BU",2017,Sensory neural pathways revisited to unravel the temporal dynamics of the Simon effect: A model-based cognitive neuroscience approach,Neuroscience & Biobehavioral Reviews 77,10.1016/j.neubiorev.2017.02.023,28238943,,https://www.hedtags.org/hed-task/tasks/hedtsk_simon.html,hed_catalog;web_search,https://www.hedtags.org/hed-task/tasks/hedtsk_simon.html,CTL-SIM-001,false,
R0718,"King, B. R., Hoedlmoser, K., Hirschauer, F., Dolfen, N., & Albouy, G.",2017,Sleeping on the motor engram: The multifaceted nature of sleep-related motor memory consolidation,"Neuroscience & Biobehavioral Reviews, 80, 1–22",10.1016/j.neubiorev.2017.04.026,28465166,,https://doi.org/10.1016/j.neubiorev.2017.04.026,hed_catalog,https://www.hedtags.org/hed-task/tasks/hedtsk_motor_sequence_learning.html,MOT-MSL-001,false,
R0719,"Meyerhoff, H. S., Papenmeier, F., & Huff, M.",2017,Studying visual attention using the multiple object tracking paradigm: A tutorial review,"Attention, Perception, & Psychophysics, 79(5), 1255–1274",10.3758/s13414-017-1338-1,28584953,,https://doi.org/10.3758/s13414-017-1338-1,hed_catalog,https://www.hedtags.org/hed-task/tasks/hedtsk_multiple_object_tracking.html,PER-MOT-001,false,
R0720,"Ciaramelli, E., Faggi, G., Scarpazza, C., Mattioli, F., & Spaniol, J.",2017,Subjective recollection independent from multifeatural context retrieval following damage to the posterior parietal cortex,"Cortex, 91, 168-179",10.1016/j.cortex.2017.03.015,28449939,,https://doi.org/10.1016/j.cortex.2017.03.015,hed_catalog,https://www.hedtags.org/hed-task/tasks/hedtsk_source_memory.html,MEM-SRC-001,false,
R0721,"Hu, X., Bergström, Z. M., Gagnepain, P., & Anderson, M. C.",2017,Suppressing unwanted memories reduces their unintended influences,Current Directions in Psychological Science,10.1177/0963721417689881,28458471,,https://doi.org/10.1177/0963721417689881,hed_catalog,https://www.hedtags.org/hed-task/tasks/hedtsk_think_no_think.html,MEM-TNT-001,false,
R0722,Epstein RA et al.,2017,The cognitive map in humans: Spatial navigation and beyond,Nature Neuroscience 20(11),10.1038/nn.4656,29073650,,https://pubmed.ncbi.nlm.nih.gov/29073650/,hed_catalog;web_search,https://www.hedtags.org/hed-task/tasks/hedtsk_virtual_morris_water_maze.html,MEM-NAV-001,false,
R0723,"Morawetz, C., Bode, S., Derntl, B., & Heekeren, H. R.",2017,"The effect of strategies, goals and stimulus material on the neural mechanisms of emotion regulation: A meta-analysis of fMRI studies","Neuroscience & Biobehavioral Reviews, 72, 111–128",10.1016/j.neubiorev.2016.11.014,27894828,,https://doi.org/10.1016/j.neubiorev.2016.11.014,hed_catalog,https://www.hedtags.org/hed-task/tasks/hedtsk_emotion_regulation.html,EMO-REG-001;EMO-REG-002,false,
R0724,"Grill-Spector, K., Weiner, K. S., Kay, K., & Gomez, J.",2017,The functional neuroanatomy of human face perception,"Annual Review of Vision Science, 3, 167–196",10.1146/annurev-vision-102016-061214,28715955,,https://doi.org/10.1146/annurev-vision-102016-061214,hed_catalog,https://www.hedtags.org/hed-task/tasks/hedtsk_face_processing.html,PER-FACE-001,false,
R0725,"Izquierdo, A., Brigman, J. L., Bhatt, D. K., et al.",2017,The neural basis of reversal learning: An updated perspective,Neuroscience,10.1016/j.neuroscience.2016.03.021,26979052,,https://doi.org/10.1016/j.neuroscience.2016.03.021,hed_catalog;web_search,https://vivo.health.unm.edu/display/n644693830 ; https://www.hedtags.org/hed-task/tasks/hedtsk_reversal_learning.html,ERR-PRL-001,false,
R0726,"Weigard, A., & Huang-Pollock, C.",2017,The role of speed in ADHD-related working memory deficits: A time-based resource-sharing and diffusion model account,"Clinical Psychological Science, 5(2), 195–211",,,,,hed_catalog,https://www.hedtags.org/hed-task/tasks/hedtsk_continuous_performance.html,CTL-CPT-001,false,
R0727,"Dehaene, S., Lau, H., & Kouider, S.",2017,"What is consciousness, and could machines have it?",Science,10.1126/science.aan8871,29074769,,https://doi.org/10.1126/science.aan8871,hed_catalog,https://www.hedtags.org/hed-task/tasks/hedtsk_visual_masking.html,PER-MASK-001,false,
R0728,"Soveri, A., Antfolk, J., Karlsson, L., Salo, B., & Laine, M.",2017,Working memory training revisited: A multi-level meta-analysis of n-back training studies,"Psychonomic Bulletin & Review, 24(4), 1077–1096",10.3758/s13423-016-1217-0,28116702,,https://doi.org/10.3758/s13423-016-1217-0,hed_catalog,https://www.hedtags.org/hed-task/tasks/hedtsk_n_back.html,MEM-NBK-001;MEM-NBK-004,false,
R0729,"Double, K. S., Birney, D. P., & Walker, S. A.",2018,A meta-analysis and systematic review of reactivity to judgments of learning,"Memory, 26(6), 741-750",10.1080/09658211.2017.1404111,,,https://doi.org/10.1080/09658211.2017.1404111,hed_catalog,https://www.hedtags.org/hed-task/tasks/hedtsk_judgment_of_learning.html,MEM-META-001,false,
R0730,"Feher da Silva, C., & Hare, T. A.",2018,A note on the analysis of two-stage task results: How changes in task structure affect what model-free and model-based strategies predict about the effects of reward and transition on the stay probability,PLoS ONE,10.1371/journal.pone.0195328,29614130,,https://doi.org/10.1371/journal.pone.0195328,hed_catalog,https://www.hedtags.org/hed-task/tasks/hedtsk_two_stage_decision.html,ERR-TS-001,false,
R0731,"Flores, L. E., Jr., Eckstrand, K. L., Silk, J. S., Allen, N. B., Ambrosia, M., Healey, K. L., & Forbes, E. E.",2018,Adolescents' neural response to social reward and real-world emotional closeness and positive affect,"Cognitive, Affective, & Behavioral Neuroscience",10.3758/s13415-018-0598-0,29943174,,https://doi.org/10.3758/s13415-018-0598-0,hed_catalog,https://www.hedtags.org/hed-task/tasks/hedtsk_social_incentive_delay.html,SOC-SID-001;EMO-MID-001;EMO-MID-002,false,
R0732,"Turner, B. M., van Maanen, L., Forstmann, B. U., & Brown, S. D.",2018,Approaches to analysis in model-based cognitive neuroscience,Journal of Mathematical Psychology,10.1016/j.neubiorev.2018.04.011,29660415,,https://doi.org/10.1016/j.neubiorev.2018.04.011,hed_catalog,https://www.hedtags.org/hed-task/tasks/hedtsk_random_dot_kinematogram.html,CTL-PDM-001,false,
R0733,"Atkinson, A. L., Berry, E. D. J., Waterman, A. H., Baddeley, A. D., Hitch, G. J., & Allen, R. J.",2018,Are there multiple ways to direct attention in working memory?,Annals of the New York Academy of Sciences,10.1111/nyas.13634,29635690,,https://doi.org/10.1111/nyas.13634,hed_catalog,https://www.hedtags.org/hed-task/tasks/hedtsk_paired_associates_learning.html,MEM-PA-001,false,
R0734,"Cracco, E., Bardi, L., Desmet, C., Genschow, O., Rigoni, D., De Coster, L., Radkova, I., Deschrijver, E., & Brass, M.",2018,Automatic imitation: A meta-analysis,"Psychological Bulletin, 144(5), 453-500",10.1037/bul0000143,29517262,,https://doi.org/10.1037/bul0000143,hed_catalog,https://www.hedtags.org/hed-task/tasks/hedtsk_imitation_inhibition.html,SOC-IMIT-001,false,
R0735,Oberauer K et al.,2018,Benchmarks for models of short-term and working memory,Psychological Bulletin 144(9),10.1037/bul0000153,30148379,,https://pubmed.ncbi.nlm.nih.gov/30148379/,hed_catalog;web_search,https://www.hedtags.org/hed-task/tasks/hedtsk_operation_span.html ; https://www.hedtags.org/hed-task/tasks/hedtsk_sternberg_item_recognition.html,MEM-OSPAN-001;MEM-SB-001,false,
R0736,"Steinemann NA, O'Connell RG, Kelly SP",2018,Decisions are expedited through multiple neural adjustments spanning the sensorimotor hierarchy,Nature Communications 9,10.1038/s41467-018-06117-0,30194305,,https://pubmed.ncbi.nlm.nih.gov/30194305/,hed_catalog;web_search,https://www.hedtags.org/hed-task/tasks/hedtsk_random_dot_kinematogram.html,CTL-PDM-001;CTL-PDM-002,false,
R0737,Gershman SJ,2018,Deconstructing the human algorithms for exploration,Cognition 173,10.1016/j.cognition.2017.12.014,29289795,,https://pubmed.ncbi.nlm.nih.gov/29289795/,hed_catalog;web_search,https://www.hedtags.org/hed-task/tasks/hedtsk_multi_armed_bandit.html,ERR-BANDIT-001,false,
R0738,"Warrier, V., Grasby, K. L., Uzefovsky, F., et al.",2018,"Genome-wide meta-analysis of cognitive empathy: Heritability and correlates with sex, neuropsychiatric conditions and cognition",Molecular Psychiatry,10.1038/mp.2017.122,,,https://doi.org/10.1038/mp.2017.122,hed_catalog,https://www.hedtags.org/hed-task/tasks/hedtsk_reading_the_mind_in_the_eyes.html,SOC-RME-001,false,
R0739,"Braem, S., & Egner, T.",2018,Getting a grip on cognitive flexibility,Current Directions in Psychological Science,10.1177/0963721418787475,30555214,,https://doi.org/10.1177/0963721418787475,hed_catalog,https://www.hedtags.org/hed-task/tasks/hedtsk_task_switching.html,CTL-SW-001,false,
R0740,"Knowlton, B. J., & Patterson, T. K.",2018,Habit formation and the striatum,Current Topics in Behavioral Neurosciences,10.1007/7854_2016_451,,,https://doi.org/10.1007/7854_2016_451,hed_catalog,https://www.hedtags.org/hed-task/tasks/hedtsk_probabilistic_classification_learning.html,ERR-PCL-001,false,
R0741,"Kulke, L., & Rakoczy, H.",2018,Implicit Theory of Mind: An overview of current replications and non-replications,"Data in Brief, 16, 101–104",10.1016/j.dib.2017.11.016,29188228,,https://doi.org/10.1016/j.dib.2017.11.016,hed_catalog,https://www.hedtags.org/hed-task/tasks/hedtsk_false_belief.html,SOC-TOM-001,false,
R0742,"Zamariola, G., Maurage, P., Luminet, O., & Corneille, O.",2018,Interoceptive accuracy scores from the heartbeat counting task are problematic: Evidence from simple bivariate correlations,"Biological Psychology, 137, 12-17",10.1016/j.biopsycho.2018.06.006,29944964,,https://doi.org/10.1016/j.biopsycho.2018.06.006,hed_catalog,https://www.hedtags.org/hed-task/tasks/hedtsk_heartbeat_detection.html,PER-HBD-001;PER-HBD-002,false,
R0743,"Gerlach, C., & Poirel, N.",2018,Navon's classical paradigm concerning local and global processing relates systematically to visual object classification performance,"Scientific Reports, 8, 324",10.1038/s41598-017-18664-5,29321634,,https://doi.org/10.1038/s41598-017-18664-5,hed_catalog,https://www.hedtags.org/hed-task/tasks/hedtsk_navon.html,PER-NAVON-001,false,
R0744,"Husain, M., & Roiser, J. P.",2018,Neuroscience of apathy and anhedonia: a transdiagnostic approach,"Nature Reviews Neuroscience, 19(3), 164-178",10.1038/s41583-018-0029-9,29946157,,https://doi.org/10.1038/s41583-018-0029-9,hed_catalog,https://www.hedtags.org/hed-task/tasks/hedtsk_effort_based_decision_making.html,CTL-EFF-001,false,
R0745,"Constantinidis, C., Funahashi, S., Lee, D., Murray, J. D., Qi, X. L., Wang, M., & Arnsten, A. F. T.",2018,Persistent spiking activity underlies working memory,"Journal of Neuroscience, 38(32), 7020–7028",10.1523/jneurosci.2486-17.2018,30089641,,https://doi.org/10.1523/jneurosci.2486-17.2018,hed_catalog,https://www.hedtags.org/hed-task/tasks/hedtsk_delayed_match_to_sample.html,MEM-DMS-001,false,
R0746,"Zinchenko, A., Conci, M., Müller, H. J., & Geyer, T.",2018,Predictive visual search: Role of environmental regularities in the learning of context cues,"Attention, Perception, & Psychophysics, 80, 1096–1109",10.3758/s13414-018-1500-4,29600489,,https://doi.org/10.3758/s13414-018-1500-4,hed_catalog,https://www.hedtags.org/hed-task/tasks/hedtsk_contextual_cueing.html,PER-CTXC-001,false,
R0747,Wessel JR,2018,Prepotent motor activity and inhibitory control demands in different variants of the go/no-go paradigm,Psychophysiology 55(3),10.1111/psyp.12871,,,https://www.hedtags.org/hed-task/tasks/hedtsk_go_no_go.html,hed_catalog;web_search,https://www.hedtags.org/hed-task/tasks/hedtsk_go_no_go.html,CTL-GNG-001,false,
R0748,"Coughlan, G., Laczó, J., Hort, J., Minihane, A. M., & Hornberger, M.",2018,Spatial navigation deficits—overlooked cognitive marker for preclinical Alzheimer disease?,Nature Reviews Neurology,10.1038/s41582-018-0031-x,29980763,,https://doi.org/10.1038/s41582-018-0031-x,hed_catalog,https://www.hedtags.org/hed-task/tasks/hedtsk_virtual_morris_water_maze.html,MEM-NAV-001,false,
R0749,"White, C. N., Servant, M., & Logan, G. D.",2018,Testing the validity of conflict drift-diffusion models for use in estimating cognitive processes: A parameter-recovery study,"Psychonomic Bulletin & Review, 25(1), 323–330",10.3758/s13423-017-1271-2,,,https://doi.org/10.3758/s13423-017-1271-2,hed_catalog,https://www.hedtags.org/hed-task/tasks/hedtsk_eriksen_flanker.html,CTL-FLK-001,false,
R0750,"Haines, N., Vassileva, J., & Ahn, W. Y.",2018,The Outcome-Representation Learning Model: A novel reinforcement learning model of the Iowa Gambling Task,"Cognitive Science, 42(Suppl 3), 1098–1122",10.1111/cogs.12688,30289167,,https://doi.org/10.1111/cogs.12688,hed_catalog,https://www.hedtags.org/hed-task/tasks/hedtsk_iowa_gambling.html,CTL-IGT-001,false,
R0751,Oldham S et al.,2018,The anticipation and outcome phases of reward and loss processing: A neuroimaging meta-analysis,Human Brain Mapping 39(8),10.1002/hbm.24184,29696725,,https://pubmed.ncbi.nlm.nih.gov/29696725/,hed_catalog;web_search,https://www.hedtags.org/hed-task/tasks/hedtsk_monetary_incentive_delay.html,EMO-MID-001,false,
R0752,"Desmedt, O., Luminet, O., & Corneille, O.",2018,The heartbeat counting task largely measures non-interoceptive processes: Better alternatives exist,"Biological Psychology, 137, 80-84",10.1016/j.biopsycho.2018.09.004,30218689,,https://doi.org/10.1016/j.biopsycho.2018.09.004,hed_catalog,https://www.hedtags.org/hed-task/tasks/hedtsk_heartbeat_detection.html,PER-HBD-001;PER-HBD-002,false,
R0753,"Wilson, R. P., Colizzi, M., Bossong, M. G., Allen, P., Kempton, M., & Bhattacharyya, S.",2018,The neural substrate of reward anticipation in health: A meta-analysis of fMRI findings in the monetary incentive delay task,"Neuropsychology Review, 28(4), 496–506",10.1007/s11065-018-9385-5,30255220,,https://doi.org/10.1007/s11065-018-9385-5,hed_catalog,https://www.hedtags.org/hed-task/tasks/hedtsk_monetary_incentive_delay.html,EMO-MID-001,false,
R0754,"Lundqvist, M., Herman, P., & Miller, E. K.",2018,"Working memory: Delay activity, yes! Persistent activity? Maybe not.","Journal of Neuroscience, 38(32), 7013–7019",10.1523/jneurosci.2485-17.2018,30089640,,https://doi.org/10.1523/jneurosci.2485-17.2018,hed_catalog,https://www.hedtags.org/hed-task/tasks/hedtsk_delayed_match_to_sample.html,MEM-DMS-001,false,
R0756,"Verbruggen, F., Aron, A. R., Band, G. P., Beste, C., et al.",2019,A consensus guide to capturing the ability to inhibit actions and impulsive behaviors in the stop-signal task,eLife,10.7554/elife.46323,31033438,PMC6533084,https://doi.org/10.7554/elife.46323,hed_catalog;web_search,https://elifesciences.org/articles/46323 ; https://www.hedtags.org/hed-task/tasks/hedtsk_stop_signal.html,CTL-SST-001,false,
R0757,"Kruijt, A.-W., Parsons, S., & Fox, E.",2019,A meta-analysis of bias at baseline in RCTs of attention bias modification: No evidence for dot-probe bias towards threat in clinical anxiety and PTSD,"Journal of Abnormal Psychology, 128(6), 563–573",10.1037/abn0000406,31368735,,https://doi.org/10.1037/abn0000406,hed_catalog,https://www.hedtags.org/hed-task/tasks/hedtsk_dot_probe.html,EMO-DOT-001,false,
R0758,"Bastin, C., Besson, G., Simon, J., Delhaye, E., Geurten, M., Willems, S., & Salmon, E.",2019,An integrative memory model of recollection and familiarity to understand memory deficits,Behavioral and Brain Sciences,10.1017/s0140525x19000621,30719958,,https://doi.org/10.1017/s0140525x19000621,hed_catalog,https://www.hedtags.org/hed-task/tasks/hedtsk_remember_know.html,MEM-RK-001,false,
R0759,"Matzke, D., Curley, S., Gong, Q., & Heathcote, A.",2019,Bayesian modeling of stop-signal reaction time distributions,Psychological Review,,,,,hed_catalog,https://www.hedtags.org/hed-task/tasks/hedtsk_stop_signal.html,CTL-SST-001,false,
R0760,"Lewis SR, Pritchard MW, Fawcett LJ, Punjasawadwong Y",2019,Bispectral index for improving intraoperative awareness and early postoperative recovery in adults,The Cochrane Database of Systematic Reviews,10.1002/14651858.cd003843.pub4,31557307,,https://doi.org/10.1002/14651858.cd003843.pub4,wikipedia,https://en.wikipedia.org/wiki/Bispectral_index,STA-ANES-001,false,
R0761,"Shooshtari, S. V., Sadrabadi, J. E., Azizi, Z., & Ebrahimpour, R.",2019,Confidence representation of perceptual decision by EEG and eye data in a random dot motion task,Neuroscience,10.1016/j.neuroscience.2019.03.031,30904664,,https://doi.org/10.1016/j.neuroscience.2019.03.031,hed_catalog,https://www.hedtags.org/hed-task/tasks/hedtsk_random_dot_kinematogram.html,CTL-PDM-001,false,
R0762,,2019,Corticomuscular Coherence and Its Applications: A Review,Frontiers in Human Neuroscience,10.3389/fnhum.2019.00100,,PMC6435838,https://www.ncbi.nlm.nih.gov/pmc/articles/PMC6435838/,web_search,,MOT-FORCE-001,false,
R0763,"Servant, M., & Logan, G. D.",2019,Dynamics of attentional focusing in the Eriksen flanker task,"Attention, Perception, & Psychophysics, 81, 2710–2721",10.3758/s13414-019-01796-3,31250363,,https://doi.org/10.3758/s13414-019-01796-3,hed_catalog,https://www.hedtags.org/hed-task/tasks/hedtsk_eriksen_flanker.html,CTL-FLK-001,false,
R0764,"Barrett, L. F., Adolphs, R., Marsella, S., Martinez, A. M., & Pollak, S. D.",2019,Emotional expressions reconsidered: Challenges to inferring emotion from human facial movements,"Psychological Science in the Public Interest, 20(1), 1–68",,,,,hed_catalog,https://www.hedtags.org/hed-task/tasks/hedtsk_facial_emotion_recognition.html,EMO-FACE-001,false,
R0765,"Aita, S. L., Beach, J. D., Taylor, S. E., et al.",2019,"Executive, language, or both? An examination of the construct validity of verbal fluency measures","Applied Neuropsychology: Adult, 26(5), 441-451",10.1080/23279095.2018.1439830,,,https://doi.org/10.1080/23279095.2018.1439830,hed_catalog,https://www.hedtags.org/hed-task/tasks/hedtsk_verbal_fluency.html,LAN-VF-001,false,
R0766,"Theeuwes, J.",2019,"Goal-driven, stimulus-driven, and history-driven selection",Current Opinion in Psychology,10.1016/j.copsyc.2018.12.024,30711911,,https://doi.org/10.1016/j.copsyc.2018.12.024,hed_catalog,https://www.hedtags.org/hed-task/tasks/hedtsk_posner_spatial_cueing.html,PER-CUE-001;PER-CUE-002,false,
R0767,"Anderson, F. T., & McDaniel, M. A.",2019,"Hey buddy, why don't we take it outside: An experience sampling study of prospective memory",Memory & Cognition,10.4324/9781351000154,,,https://doi.org/10.4324/9781351000154,hed_catalog,https://www.hedtags.org/hed-task/tasks/hedtsk_prospective_memory.html,MEM-PM-001,false,
R0768,"Dobs, K., Isik, L., Pantazis, D., & Kanwisher, N.",2019,How face perception unfolds over time,"Nature Communications, 10(1), 1258",10.1038/s41467-019-09239-1,30890707,,https://doi.org/10.1038/s41467-019-09239-1,hed_catalog,https://www.hedtags.org/hed-task/tasks/hedtsk_facial_emotion_recognition.html,EMO-FACE-001,false,
R0769,"Suzuki, K., Lush, P., Seth, A. K., & Roseboom, W.",2019,Intentional binding without intentional action,"Psychological Science, 30(6), 842-853",10.1177/0956797619842191,31023161,,https://doi.org/10.1177/0956797619842191,hed_catalog,https://www.hedtags.org/hed-task/tasks/hedtsk_intentional_binding.html,MOT-IB-001,false,
R0770,,2019,"Krizman Kraus HR 2019 (Analyzing the FFR: a tutorial, Hearing Research)",Hearing Research,,,,https://brainvolts.northwestern.edu/wp-content/uploads/boxtrx/Krizman_Kraus_HR_2019.pdf,web_search,,SSR-FFR-001;SSR-FFR-002,false,
R0771,"Sisk, C. A., Remington, R. W., & Jiang, Y. V.",2019,Mechanisms of contextual cueing: A tutorial review,"Attention, Perception, & Psychophysics, 81, 2571–2589",10.3758/s13414-019-01832-2,31410759,,https://doi.org/10.3758/s13414-019-01832-2,hed_catalog,https://www.hedtags.org/hed-task/tasks/hedtsk_contextual_cueing.html,PER-CTXC-001,false,
R0772,"Iemi, L., Busch, N. A., Laudini, A., Haegens, S., Samaha, J., Villringer, A., & Nikulin, V. V.",2019,Multiple mechanisms link prestimulus neural oscillations to sensory responses,eLife,10.7554/elife.43620,31188126,,https://doi.org/10.7554/elife.43620,hed_catalog,https://www.hedtags.org/hed-task/tasks/hedtsk_visual_masking.html,PER-MASK-001,false,
R0773,,2019,Nature Communications 2019 article 10.1038/s41467-019-13003-w (Coffey et al.; FFR),Nature Communications,10.1038/s41467-019-13003-w,,,https://ideas.repec.org/a/nat/natcom/v10y2019i1d10.1038_s41467-019-13003-w.html,web_search,,SSR-FFR-001;SSR-FFR-002,false,
R0774,"Charlesworth, T. E. S., & Banaji, M. R.",2019,Patterns of implicit and explicit attitudes: I. Long-term change and stability from 2007 to 2016,"Psychological Science, 30(2), 174–192",10.1177/0956797618813087,30605364,,https://doi.org/10.1177/0956797618813087,hed_catalog,https://www.hedtags.org/hed-task/tasks/hedtsk_implicit_association.html,SOC-IAT-001,false,
R0775,"Meissner, F., Grigutsch, L. A., Koranyi, N., Müller, F., & Rothermund, K.",2019,"Predicting behavior with implicit measures: Disillusioning findings, reasonable explanations, and sophisticated solutions","Frontiers in Psychology, 10, 2483",10.3389/fpsyg.2019.02483,31787912,,https://doi.org/10.3389/fpsyg.2019.02483,hed_catalog,https://www.hedtags.org/hed-task/tasks/hedtsk_implicit_association.html,SOC-IAT-001,false,
R0776,"Draheim, C., Mashburn, C. A., Martin, J. D., & Engle, R. W.",2019,Reaction time in differential and developmental research: A review and commentary on the problems and alternatives.,Psychological Bulletin,10.1037/bul0000192,30896187,,https://doi.org/10.1037/bul0000192,hed_catalog,https://www.hedtags.org/hed-task/tasks/hedtsk_operation_span.html,MEM-OSPAN-001,false,
R0777,"Algom, D., & Chajut, E.",2019,Reclaiming the Stroop effect back from control to input-driven attention and perception,Frontiers in Psychology,10.3389/fpsyg.2019.01683,31428008,,https://doi.org/10.3389/fpsyg.2019.01683,hed_catalog,https://www.hedtags.org/hed-task/tasks/hedtsk_stroop_color_word.html,CTL-STR-001,false,
R0778,"Kurdi, B., Seitchik, A. E., Axt, J. R., Carroll, T. J., Karapetyan, A., Kaushik, N., … & Banaji, M. R.",2019,Relationship between the Implicit Association Test and intergroup behavior: A meta-analysis,"American Psychologist, 74(5), 569–586",10.1037/amp0000364,30550298,,https://doi.org/10.1037/amp0000364,hed_catalog,https://www.hedtags.org/hed-task/tasks/hedtsk_implicit_association.html,SOC-IAT-001,false,
R0779,"Skippen, P., Matzke, D., Heathcote, A., Fulham, W. R., Michie, P., & Karayanidis, F.",2019,Reliability of triggering inhibitory process is a better predictor of impulsivity than SSRT,Acta Psychologica,10.1016/j.actpsy.2018.10.016,30469044,,https://doi.org/10.1016/j.actpsy.2018.10.016,hed_catalog,https://www.hedtags.org/hed-task/tasks/hedtsk_stop_signal.html,CTL-SST-001,false,
R0780,"Epstein RA, Baker CI",2019,Scene perception in the human brain,Annu Rev Vis Sci 5:373–397,,,,,wikipedia,https://en.wikipedia.org/wiki/Natural_scene_perception,PER-NAT-001,false,
R0781,"Schulz E, Gershman SJ",2019,The algorithmic architecture of exploration in the human brain,Current Opinion in Neurobiology 55,10.1016/j.conb.2018.11.003,30529148,,https://pubmed.ncbi.nlm.nih.gov/30529148/,hed_catalog;web_search,https://www.hedtags.org/hed-task/tasks/hedtsk_multi_armed_bandit.html,ERR-BANDIT-001,false,
R0782,"Nozari, N., & Hepner, C. R.",2019,To select or to wait? The importance of criterion setting in debates of competitive lexical selection,Cognitive Neuropsychology,10.1080/02643294.2019.1632280,31238793,,https://doi.org/10.1080/02643294.2019.1632280,hed_catalog,https://www.hedtags.org/hed-task/tasks/hedtsk_picture_naming.html,LAN-PN-001;LAN-PN-002,false,
R0783,"Krueger, F., & Meyer-Lindenberg, A.",2019,"Toward a model of interpersonal trust drawn from neuroscience, psychology, and economics",Trends in Neurosciences,10.1016/j.tins.2018.10.004,30482606,,https://doi.org/10.1016/j.tins.2018.10.004,hed_catalog,https://www.hedtags.org/hed-task/tasks/hedtsk_trust_game.html,SOC-TRUST-001,false,
R0784,"di Biase L, Falato E, Di Lazzaro V",2019,Transcranial Focused Ultrasound (tFUS) and Transcranial Unfocused Ultrasound (tUS) Neuromodulation: From Theoretical Principles to Stimulation Practices,Front Neurol,10.3389/fneur.2019.00549,31244747,,https://doi.org/10.3389/fneur.2019.00549,wikipedia,https://en.wikipedia.org/wiki/Transcranial_focused_ultrasound,STM-TUS-001,false,
R0785,"Narvaez Linares, N. F., Charron, V., Ouimet, A. J., Labelle, P. R., & Plamondon, H.",2020,A systematic review of the Trier Social Stress Test methodology: Issues in promoting study comparison and replicable research,"Neurobiology of Stress, 13, 100235",10.1016/j.ynstr.2020.100235,33344691,,https://doi.org/10.1016/j.ynstr.2020.100235,wikipedia,https://en.wikipedia.org/wiki/Trier_social_stress_test,EMO-STRESS-001,false,
R0786,"Bartolomeo, Paolo; Hajhajate, Dounia; Liu, Jianghao; Spagna, Alfredo",2020,Assessing the causal role of early visual areas in visual mental imagery,Nature Reviews Neuroscience 21(9): 517,10.1038/s41583-020-0348-5,32665712,,https://doi.org/10.1038/s41583-020-0348-5,wikipedia,https://en.wikipedia.org/wiki/Mental_image,IMG-VIS-001,false,
R0787,,2020,Assessment of Human Visual Acuity Using Visual Evoked Potential: A Review,Sensors,,,PMC7582995,https://www.ncbi.nlm.nih.gov/pmc/articles/PMC7582995/,web_search,,SSR-SWEEP-001,false,
R0788,"Federici, A., et al.",2020,Biological motion perception in autism: A meta-analysis,"Research in Autism Spectrum Disorders, 77, 101610",10.1186/s13229-019-0299-8,,,https://doi.org/10.1186/s13229-019-0299-8,hed_catalog,https://www.hedtags.org/hed-task/tasks/hedtsk_biological_motion_perception.html,SOC-BIO-001,false,doi_mismatch
R0789,"Kopp B, Steinke A, Visalli A",2020,Cognitive flexibility and N2/P3 event-related brain potentials,Scientific Reports 10,10.1038/s41598-020-66781-5,32555267,,https://pubmed.ncbi.nlm.nih.gov/32555267/,hed_catalog;web_search,https://www.hedtags.org/hed-task/tasks/hedtsk_wisconsin_card_sorting.html,CTL-WCST-001,false,
R0790,"Kahana, M. J.",2020,Computational models of memory search,"Annual Review of Psychology, 71, 107–138",,,,,hed_catalog,https://www.hedtags.org/hed-task/tasks/hedtsk_free_recall.html,MEM-FR-001,false,
R0791,"Mashour, G. A., Roelfsema, P., Changeux, J. P., & Dehaene, S.",2020,Conscious processing and the global neuronal workspace hypothesis,Neuron,10.1016/j.neuron.2020.01.026,32135090,,https://doi.org/10.1016/j.neuron.2020.01.026,hed_catalog,https://www.hedtags.org/hed-task/tasks/hedtsk_visual_masking.html,PER-MASK-001,false,
R0792,,2020,Dercksen TT et al. 2020 NeuroImage 215:116840 (Leipzig BioCog abstract page),NeuroImage,,,,https://home.uni-leipzig.de/biocog/archived-20210701/index.php@page=abstract&signature=dercksen_tt2020neuroimage215_116840.html,web_search,,PER-OMIT-001;PER-OMIT-002,false,
R0793,"Dugué, L., Merriam, E. P., Heeger, D. J., & Carrasco, M.",2020,Differential impact of endogenous and exogenous attention on activity in human visual cortex,Scientific Reports,10.1038/s41598-020-78172-x,33277552,,https://doi.org/10.1038/s41598-020-78172-x,hed_catalog,https://www.hedtags.org/hed-task/tasks/hedtsk_posner_spatial_cueing.html,PER-CUE-001;PER-CUE-002,false,
R0794,"Chakroun, K., Mathar, D., Wiehler, A., Ganzer, F., & Peters, J.",2020,Dopaminergic modulation of the exploration/exploitation trade-off in human decision-making,"eLife, 9, e51260",10.7554/elife.51260,32484779,,https://doi.org/10.7554/elife.51260,hed_catalog,https://www.hedtags.org/hed-task/tasks/hedtsk_multi_armed_bandit.html,ERR-BANDIT-001,false,
R0795,"Figueroa-Vargas, A., Cárcamo, C., Henríquez-Ch, R., et al.",2020,Frontoparietal connectivity correlates with cognitive flexibility during the Wisconsin Card Sorting Test,NeuroImage,,,,,hed_catalog,https://www.hedtags.org/hed-task/tasks/hedtsk_wisconsin_card_sorting.html,CTL-WCST-001,false,
R0796,"da Silva, C. F., & Hare, T. A.",2020,Humans primarily use model-based inference in the two-stage task,Nature Human Behaviour,10.1038/s41562-020-0905-y,32632333,,https://doi.org/10.1038/s41562-020-0905-y,hed_catalog,https://www.hedtags.org/hed-task/tasks/hedtsk_two_stage_decision.html,ERR-TS-001,false,
R0797,"Boyce, V., Futrell, R., & Levy, R. P.",2020,Maze made easy: Better and easier measurement of incremental processing difficulty,Journal of Memory and Language,10.1016/j.jml.2019.104082,,,https://doi.org/10.1016/j.jml.2019.104082,hed_catalog,https://www.hedtags.org/hed-task/tasks/hedtsk_self_paced_reading.html,LAN-SPR-001,false,
R0798,Hu X et al.,2020,Promoting memory consolidation during sleep: A meta-analysis of targeted memory reactivation,Psychological Bulletin 146(3),10.1037/bul0000223,32027149,,https://pubmed.ncbi.nlm.nih.gov/32027149/,web_search,,MEM-TMR-001;MEM-TMR-002,false,
R0799,"Ragni, M., & Johnson-Laird, P. N.",2020,Reasoning about epistemic possibilities,Acta Psychologica,10.1016/j.actpsy.2020.103081,32497740,,https://doi.org/10.1016/j.actpsy.2020.103081,hed_catalog,https://www.hedtags.org/hed-task/tasks/hedtsk_wason_selection.html,CTL-WASON-001,false,
R0800,"Samaha, J., Iemi, L., Haegens, S., & Busch, N. A.",2020,Spontaneous brain oscillations and perceptual decision-making,Trends in Cognitive Sciences,10.1016/j.tics.2020.05.004,32513573,,https://doi.org/10.1016/j.tics.2020.05.004,hed_catalog,https://www.hedtags.org/hed-task/tasks/hedtsk_visual_masking.html,PER-MASK-001,false,
R0801,"Arora, S., Lawrence, M. A., & Klein, R. M.",2020,The Attention Network Test database: ADHD and cross-cultural applications,"Frontiers in Psychology, 11, 388",10.3389/fpsyg.2020.00388,32292363,,https://doi.org/10.3389/fpsyg.2020.00388,hed_catalog,https://www.hedtags.org/hed-task/tasks/hedtsk_attention_network.html,CTL-ANT-001,false,
R0802,"Davidson, M. J.",2020,"The SSVEP tracks attention, not consciousness, during visual masking",eLife,10.7554/elife.60031,32894207,,https://doi.org/10.7554/elife.60031,wikipedia,https://en.wikipedia.org/wiki/Steady_state_visually_evoked_potential,SSR-FT-001;SSR-SSVEP-001;SSR-SSVEP-004,false,
R0803,"Fellner MC, Waldhauser GT, Axmacher N",2020,Tracking selective rehearsal and active inhibition of memory traces in directed forgetting,Current Biology 30(13),10.1016/j.cub.2020.04.091,32442462,,https://pubmed.ncbi.nlm.nih.gov/32442462/,hed_catalog;web_search,https://www.hedtags.org/hed-task/tasks/hedtsk_directed_forgetting.html,MEM-DF-001,false,
R0804,"Bissett, P. G., Hagen, M. P., Jones, H. M., & Poldrack, R. A.",2021,Design issues and solutions for stop-signal data from the Adolescent Brain Cognitive Development (ABCD) study,eLife,10.7554/elife.60185,33661097,,https://doi.org/10.7554/elife.60185,hed_catalog,https://www.hedtags.org/hed-task/tasks/hedtsk_stop_signal.html,CTL-SST-001,false,
R0805,"Zickerick, B., Thönes, S., Kobald, S. O., Wascher, E., Schneider, D., & Küper, K.",2021,Differential effects of the psychological refractory period on early perceptual processing,"Psychophysiology, 58(5), e13791",,,,,hed_catalog,https://www.hedtags.org/hed-task/tasks/hedtsk_psychological_refractory_period.html,CTL-DT-001,false,
R0806,"Wolfe, J. M.",2021,Guided Search 6.0: An updated model of visual search,Psychonomic Bulletin & Review,10.3758/s13423-020-01859-9,33547630,,https://doi.org/10.3758/s13423-020-01859-9,hed_catalog,https://www.hedtags.org/hed-task/tasks/hedtsk_visual_search.html,PER-VS-001,false,
R0807,"Stramaccia, D. F., Meyer, A.-K., Rischer, K. M., Fawcett, J. M., & Benoit, R. G.",2021,Memory suppression and its deficiency in psychological disorders: A focused review,Journal of Experimental Psychology: General,10.1037/xge0000971,33090824,,https://doi.org/10.1037/xge0000971,hed_catalog,https://www.hedtags.org/hed-task/tasks/hedtsk_think_no_think.html,MEM-TNT-001,false,
R0808,Rossi; et al.,2021,"Safety and recommendations for TMS use in healthy subjects and patient populations, with updates on training, ethical and regulatory issues: Expert Guidelines",Clinical Neurophysiology,10.1016/j.clinph.2020.10.003,33243615,,https://doi.org/10.1016/j.clinph.2020.10.003,wikipedia,https://en.wikipedia.org/wiki/Transcranial_magnetic_stimulation,STM-TEP-001,false,
R0809,"Lopez-Gamundi, P., Yao, Y.-W., Chong, T. T.-J., Heekeren, H. R., Mas-Herrero, E., & Marco-Pallares, J.",2021,The neural basis of effort valuation: A meta-analysis of functional magnetic resonance imaging studies,"Neuroscience & Biobehavioral Reviews, 131, 1275-1287",10.1016/j.neubiorev.2021.10.024,34710515,,https://doi.org/10.1016/j.neubiorev.2021.10.024,hed_catalog,https://www.hedtags.org/hed-task/tasks/hedtsk_effort_based_decision_making.html,CTL-EFF-001,false,
R0810,"Amodio, D. M., & Cikara, M.",2021,The social neuroscience of prejudice,Annual Review of Psychology,10.1146/annurev-psych-010419-050928,32946320,,https://doi.org/10.1146/annurev-psych-010419-050928,hed_catalog,https://www.hedtags.org/hed-task/tasks/hedtsk_weapons_identification.html,SOC-WIT-001,false,
R0811,"Spagna, Alfredo; Hajhajate, Dounia; Liu, Jianghao; Bartolomeo, Paolo",2021,"Visual mental imagery engages the left fusiform gyrus, but not the early visual cortex: A meta-analysis of neuroimaging evidence",Neurosci Biobehav Rev 122: 201–217,10.1016/j.neubiorev.2020.12.029,33040678,,https://doi.org/10.1016/j.neubiorev.2020.12.029,wikipedia,https://en.wikipedia.org/wiki/Mental_image,IMG-VIS-001,false,
R0812,"Mathur S, Patel J, Goldstein S, Jain A",2022,Bispectral Index,StatPearls,,30969631,,,wikipedia,https://en.wikipedia.org/wiki/Bispectral_index,STA-ANES-001,false,
R0813,"Baek H, Lockwood D, Mason EJ, et al.",2022,Clinical Intervention Using Focused Ultrasound (FUS) Stimulation of the Brain in Diverse Neurological Disorders,Front Neurol,10.3389/fneur.2022.880814,35614924,,https://doi.org/10.3389/fneur.2022.880814,wikipedia,https://en.wikipedia.org/wiki/Transcranial_focused_ultrasound,STM-TUS-001,false,
R0814,,2022,Frontiers in Psychology METHODS article 10.3389/fpsyg.2022.1015611 (FPVS; title not shown),Frontiers in Psychology,10.3389/fpsyg.2022.1015611,,,https://www.frontiersin.org/journals/psychology/articles/10.3389/fpsyg.2022.1015611/full,web_search,,SSR-FPVS-001,false,
R0815,"Kaur, J., & Paul, S.",2022,Global precedence changes by environment: A systematic review and meta-analysis on effect of perceptual field variables on global-local visual processing,"Attention, Perception, & Psychophysics, 84, 1833–1877",,,,,hed_catalog,https://www.hedtags.org/hed-task/tasks/hedtsk_navon.html,PER-NAVON-001,false,
R0816,"Darmani G, Bergmann TO, Butts Pauly K, et al.",2022,Non-invasive transcranial ultrasound stimulation for neuromodulation,Clinical Neurophysiology,10.1016/j.clinph.2021.12.010,35033772,,https://doi.org/10.1016/j.clinph.2021.12.010,wikipedia,https://en.wikipedia.org/wiki/Transcranial_focused_ultrasound,STM-TUS-001,false,
R0817,"Vadillo, M. A., Konstantinidis, E., & Shanks, D. R.",2022,"Underpowered samples, false negatives, and unconscious learning","Psychonomic Bulletin & Review, 29, 307–337",,,,,hed_catalog,https://www.hedtags.org/hed-task/tasks/hedtsk_contextual_cueing.html,PER-CTXC-001,false,
R0818,"Tabi, Younes Adam; et al.",2022,Vividness of visual imagery questionnaire scores and their relationship to visual short-term memory performance,Cortex 146: 186–199,10.1016/j.cortex.2021.10.011,34894605,,https://doi.org/10.1016/j.cortex.2021.10.011,wikipedia,https://en.wikipedia.org/wiki/Mental_image,IMG-VIS-001,false,
R0819,"Piai, V., & Eikelboom, J.",2023,Brain areas critical for picture naming: A systematic review and meta-analysis of lesion-symptom mapping studies,Neurobiology of Language,10.1162/nol_a_00097,37229507,,https://doi.org/10.1162/nol_a_00097,hed_catalog,https://www.hedtags.org/hed-task/tasks/hedtsk_picture_naming.html,LAN-PN-001,false,
R0820,"Milivojevic, B., et al.",2023,Imaging the spin: Disentangling the core processes underlying mental rotation by meta-analysis,"Neuroscience & Biobehavioral Reviews, 147, 105131",10.1016/j.neubiorev.2023.105187,,,https://doi.org/10.1016/j.neubiorev.2023.105187,hed_catalog,https://www.hedtags.org/hed-task/tasks/hedtsk_mental_rotation.html,IMG-ROT-001,false,doi_mismatch
R0821,Egetemeyer J et al.,2024,"Not all Stroop-type tasks are alike: Assessing the impact of stimulus material, task design, and cognitive demand via meta-analyses across neuroimaging studies",Neuropsychology Review 34,10.1007/s11065-024-09647-1,39264479,,https://pubmed.ncbi.nlm.nih.gov/39264479/,hed_catalog;web_search,https://www.hedtags.org/hed-task/tasks/hedtsk_stroop_color_word.html,CTL-STR-001,false,
R0822,"Keihani A, Sanguineti C, Chaichian O, et al.",2024,"Transcranial Focused Ultrasound Neuromodulation in Psychiatry: Main Characteristics, Current Evidence, and Future Directions",Brain Sci,10.3390/brainsci14111095,39595858,,https://doi.org/10.3390/brainsci14111095,wikipedia,https://en.wikipedia.org/wiki/Transcranial_focused_ultrasound,STM-TUS-001,false,
R0823,"Murphy KR, Nandi T, Kop B, et al.",2025,A practical guide to transcranial ultrasonic stimulation from the IFCN-endorsed ITRUSST consortium,Clinical Neurophysiology,10.1016/j.clinph.2025.01.004,,,https://doi.org/10.1016/j.clinph.2025.01.004,wikipedia,https://en.wikipedia.org/wiki/Transcranial_focused_ultrasound,STM-TUS-001,false,
R0824,"Mononen, R., Saarela, T., Vallinoja, J., Olkkonen, M., & Henriksson, L.",2025,Cortical encoding of spatial structure and semantic content in 3D natural scenes,"Journal of Neuroscience, 45(9)",,,,,wikipedia,https://en.wikipedia.org/wiki/Natural_scene_perception,PER-NAT-001,false,
R0825,,2025,Decision-making and performance in the Iowa Gambling Task: recent ERP findings and clinical implications,Frontiers in Psychology 16,10.3389/fpsyg.2025.1492471,40177039,,https://pubmed.ncbi.nlm.nih.gov/40177039/,hed_catalog;web_search,https://www.hedtags.org/hed-task/tasks/hedtsk_iowa_gambling.html,CTL-IGT-001,false,
R0826,,2025,"Exploring the n-back task: insights, applications, and future directions","Frontiers in Human Neuroscience, 19, 1721330",10.3389/fnhum.2025.1721330,41426299,,https://doi.org/10.3389/fnhum.2025.1721330,hed_catalog,https://www.hedtags.org/hed-task/tasks/hedtsk_n_back.html,MEM-NBK-001,false,
R0827,,2025,ISCEV standard for clinical visual evoked potentials (2025 update),,,,PMC12436483,https://www.ncbi.nlm.nih.gov/pmc/articles/PMC12436483/,web_search,,PER-PRVEP-001,false,
R0828,"Aubry JF, Attali D, Schafer ME, et al.",2025,ITRUSST consensus on biophysical safety for transcranial ultrasound stimulation,Brain Stimulation,10.1016/j.brs.2025.10.007,,,https://doi.org/10.1016/j.brs.2025.10.007,wikipedia,https://en.wikipedia.org/wiki/Transcranial_focused_ultrasound,STM-TUS-001,false,
R0829,"Buchanan, E. M., et al.",2025,Measuring the semantic priming effect across many languages,Nature Human Behaviour,,,,,hed_catalog,https://www.hedtags.org/hed-task/tasks/hedtsk_semantic_priming.html,LAN-PRIME-001,false,
R0831,"López-Blanco, A., et al.",2025,Pharmacological enhancement of fear extinction,Trends in Cognitive Sciences,10.1016/j.tics.2025.xxx,,,https://doi.org/10.1016/j.tics.2025.xxx,hed_catalog,https://www.hedtags.org/hed-task/tasks/hedtsk_pavlovian_fear_conditioning.html,EMO-FC-001,false,doi_placeholder
R0832,"Ball, L. V., Brusini, P., & Bannard, C.",2025,Revisiting novel word semantic priming: The role of strategic priming mechanisms,"Quarterly Journal of Experimental Psychology, 78",10.1177/17470218241306747,,,https://doi.org/10.1177/17470218241306747,hed_catalog,https://www.hedtags.org/hed-task/tasks/hedtsk_lexical_decision.html,LAN-LDT-001,false,
R0833,,,40-Hz auditory potential recorded from the human scalp (Alzforum paper record),,,,,https://www.alzforum.org/papers/40-hz-auditory-potential-recorded-human-scalp,web_search,,SSR-ASSR-001,false,
R0834,,,A Review of Motor Brain-Computer Interfaces Using Intracranial Electroencephalography Based on Surface Electrodes and Depth Electrodes,,,38949928,,https://pubmed.ncbi.nlm.nih.gov/38949928/,web_search,,MOT-REACH-001,false,
R0835,,,A Review of Techniques for Detection of Movement Intention Using Movement-Related Cortical Potentials,,,,PMC4735988,https://www.ncbi.nlm.nih.gov/pmc/articles/PMC4735988/,web_search,,MOT-MRCP-001;MOT-MRCP-002,false,
R0836,,,"A Single-Stimulus, Multitarget BCI Based on Retinotopic Mapping of Motion-Onset VEPs",,,,,https://fis.uke.de/portal/de/publications/a-singlestimulus-multitarget-bci-based-on-retinotopic-mapping-of-motiononset-veps(92c93a95-2b47-4ace-8c66-84c5c3c2961d).html,web_search,,PER-MVEP-001;PER-MVEP-002,false,
R0837,,,A brain-computer typing interface using finger movements,,,37465143,,https://pubmed.ncbi.nlm.nih.gov/37465143/,web_search,,MOT-FING-001;MOT-ME-001;MOT-ME-002,false,
R0838,,,A high-performance neuroprosthesis for speech decoding and avatar control,,,37612505,,https://pubmed.ncbi.nlm.nih.gov/37612505/,web_search,,LAN-OVS-001;LAN-OVS-003,false,
R0839,,,A high-performance speech neuroprosthesis,,,37612500,,https://pubmed.ncbi.nlm.nih.gov/37612500/,web_search,,LAN-OVS-001;LAN-OVS-003,false,
R0840,"Sambrook TD, Goslin J",,A neural reward prediction error revealed by a meta-analysis of ERPs using great grand averages,Psychological Bulletin 141(1),,,,https://research-portal.uea.ac.uk/en/publications/a-neural-reward-prediction-error-revealed-by-a-meta-analysis-of-e/,web_search,,ERR-GAM-001,false,
R0841,,,A new methodical approach in neuroscience: assessing inter-personal brain coupling using functional near-infrared imaging (fNIRI) hyperscanning,,,24348362,,https://pubmed.ncbi.nlm.nih.gov/24348362/,web_search,,SOC-HYP-001;SOC-JA-001,false,
R0842,,,A new mode of EEG based communication,,,,,https://research.monash.edu/en/publications/a-new-mode-of-eeg-based-communication/,web_search,,IMG-MA-001;IMG-MA-002,false,
R0843,,,A review of rapid serial visual presentation-based brain-computer interfaces,,,,,https://pure.ulster.ac.uk/en/publications/a-review-of-rapid-serial-visual-presentation-based-brain-computer/,web_search,,PER-RSVP-001;PER-ODD-001;PER-ODD-004;PER-ODD-005,false,
R0844,,,"Accepted JNE manuscript (uvadoc, c-VEP review)",Journal of Neural Engineering,,,,https://uvadoc.uva.es/handle/10324/66001,web_search,,SSR-CVEP-001,false,
R0845,,,Activation of human primary motor cortex during action observation: a neuromagnetic study,,,9844015,,https://pubmed.ncbi.nlm.nih.gov/9844015/,web_search,,MOT-OBS-001,false,
R0846,,,An ERP study on the time course of emotional face processing,,,11930154,,https://pubmed.ncbi.nlm.nih.gov/11930154,web_search,,EMO-FACE-001,false,
R0847,,,An electrophysiological investigation of indirect semantic priming,,,17076811,,https://pubmed.ncbi.nlm.nih.gov/17076811/,web_search,,LAN-PRIME-001,false,
R0848,,,Analysis of the use and relative factors about flash visual evoked potentials in neonatal intensive care unit,,10.11852/zgetbjzz2015-23-04-07,,,https://cjchc.xjtu.edu.cn/EN/10.11852/zgetbjzz2015-23-04-07,web_search,,PER-FVEP-001,false,
R0849,,,Arnegard Contractor report,,,,,https://matb.larc.nasa.gov/wp-content/uploads/sites/30/2014/03/Arnegard-Contractor-report.pdf,web_search,,STA-MATB-001,false,
R0850,,,Artificial intelligence for brain-to-speech decoding in paralysis: a systematic review,,,42186045,,https://pubmed.ncbi.nlm.nih.gov/42186045/,web_search,,LAN-OVS-001;LAN-OVS-002;LAN-OVS-003,false,
R0851,,,Assessing human mirror activity with EEG mu rhythm: A meta-analysis,,,26689088,,https://pubmed.ncbi.nlm.nih.gov/26689088/,web_search,,MOT-OBS-001,false,
R0852,,,Assessing movement factors in upper limb kinematics decoding from EEG signals,,,26020525,,https://pubmed.ncbi.nlm.nih.gov/26020525/,web_search,,MOT-TRACK-001,false,
R0853,,,Assessing the effectiveness of a large database of emotion-eliciting films: A new tool for emotion researchers,Cognition and Emotion,10.1080/02699930903274322,,,https://www.tandfonline.com/doi/abs/10.1080/02699930903274322,web_search,,EMO-FILM-001,false,
R0854,,,Assessment of mental fatigue during car driving by using high resolution EEG activity and neurophysiologic indices,,,23367404,,https://pubmed.ncbi.nlm.nih.gov/23367404/,web_search,,STA-DRV-001,false,
R0855,,,Attentional Selection in a Cocktail Party Environment Can Be Decoded from Single-Trial EEG,Cerebral Cortex,10.1093/cercor/bht355,,,https://plaudit.pub/endorsements/doi:10.1093/cercor/bht355,web_search,,PER-AAD-001,false,
R0856,,,Auditory brainstem response (Wikipedia; history incl. Jewett & Williston 1971),,,,,https://en.wikipedia.org/wiki/Auditory_brainstem_response,web_search,,PER-ABR-001,false,
R0857,,,Automatic Speech Recognition from Neural Signals: A Focused Review,,,27729844,,https://pubmed.ncbi.nlm.nih.gov/27729844/,web_search,,LAN-OVS-001;LAN-OVS-002,false,
R0858,,,Bedside detection of awareness in the vegetative state: a cohort study,,,22078855,,https://pubmed.ncbi.nlm.nih.gov/22078855/,web_search,,IMG-CMD-001;IMG-CMD-002,false,
R0859,,,Bereitschaftspotential and lateralized readiness potential in children with attention deficit hyperactivity disorder: altered motor system activation and effects of methylphenidate,,,31280897,,https://pubmed.ncbi.nlm.nih.gov/31280897/,web_search,,MOT-RT-001,false,
R0860,,,"Beyond the ""Bereitschaftspotential"": Action preparation behind cognitive functions",,,28445742,,https://pubmed.ncbi.nlm.nih.gov/28445742/,web_search,,MOT-MRCP-001,false,
R0861,,,Brain activations associated with anticipation and delivery of monetary reward: A systematic review and meta-analysis of fMRI studies,,,34351957,,https://pubmed.ncbi.nlm.nih.gov/34351957/,web_search,,EMO-MID-001,false,
R0862,,,Brain correlates of music-evoked emotions,,,24552785,,https://pubmed.ncbi.nlm.nih.gov/24552785/,web_search,,EMO-MUS-001;EMO-FILM-001;EMO-FILM-002,false,
R0863,,,Brain potentials during reading reflect word expectancy and semantic association,,,6690995,,https://pubmed.ncbi.nlm.nih.gov/6690995/,web_search,,LAN-N400-001;LAN-N400-002,false,
R0864,,,Brain potentials elicited by garden-path sentences: evidence of the application of verb information during parsing,,,8064247,,https://pubmed.ncbi.nlm.nih.gov/8064247,web_search,,LAN-P600-001;LAN-P600-002,false,
R0865,,,Brain potentials in affective picture processing: covariation with autonomic arousal and affective report,,,10699350,,https://pubmed.ncbi.nlm.nih.gov/10699350/,web_search,,EMO-IAPS-001,false,
R0866,,,Brain-computer interfaces based on code-modulated visual evoked potentials (c-VEP): A literature review,,,,,https://portaldelaciencia.uva.es/documentos/61be2d03baa1ae41a49c5f5a?lang=en_US,web_search,,SSR-CVEP-001,false,
R0867,,,Brain–Computer Interface Speller Based on Steady-State Visual Evoked Potential: A Review Focusing on the Stimulus Paradigm and Performance,,,,PMC8065759,https://www.ncbi.nlm.nih.gov/pmc/articles/PMC8065759/,web_search,,SSR-SSVEP-001;SSR-SSVEP-002;SSR-SSVEP-005,false,
R0868,,,Brain–Computer Interfacing Using Functional Near-Infrared Spectroscopy (fNIRS),,,,PMC8534036,https://pmc.ncbi.nlm.nih.gov/articles/PMC8534036/,web_search,,IMG-MA-001,false,
R0869,,,C3Vision developed (Columbia SEAS history page on cortically coupled computer vision),,,,,https://seas150.columbia.edu/history/view/c3vision-developed,web_search,,PER-RSVP-001;PER-ODD-001;PER-ODD-004,false,
R0870,,,Characterization of EEG signals revealing covert cognition in the injured brain,,,29562312,,https://pubmed.ncbi.nlm.nih.gov/29562312/,web_search,,IMG-CMD-001;IMG-CMD-002,false,
R0871,,,Classification of multichannel ECoG related to individual finger movements with redundant spatial projections,,,22255564,,https://pubmed.ncbi.nlm.nih.gov/22255564/,web_search,,MOT-FING-001;MOT-ME-001;MOT-ME-002,false,
R0872,,,ClinNeurophysiol99 110 (Rotman-Baycrest PDF; ASSR methods),,,,,https://rotman-baycrest.on.ca/files/publicationmodule/@random467a5cfc7d695/ClinNeurophysiol99_110.pdf,web_search,,SSR-ASSR-001,false,
R0873,,,Cognitive Atlas task page (surfaced for probabilistic reversal learning query; task name not verified),Cognitive Atlas,,,,https://cognitiveatlas.org/task/id/trm_4da6318f7381b,web_search,,ERR-PRL-001,false,
R0874,,,Cognitive Motor Dissociation in Disorders of Consciousness: An Individual Participant Data Meta-Analysis,,,42538749,,https://pubmed.ncbi.nlm.nih.gov/42538749/,web_search,,IMG-CMD-001,false,pmid_suspect
R0875,,,Common brain areas engaged in false belief reasoning and visual perspective taking: a meta-analysis of functional brain imaging studies,,,24198773,,https://pubmed.ncbi.nlm.nih.gov/24198773/,web_search,,SOC-TOM-001;SOC-VPT-001,false,
R0876,,,Comparing monetary gain and loss in the monetary incentive delay task: EEG evidence,,,37427496,,https://pubmed.ncbi.nlm.nih.gov/37427496,web_search,,EMO-MID-001,false,
R0877,,,Comparing reappraisal and acceptance strategies to understand the neural architecture of emotion regulation: a meta-analytic approach,,,37546477,,https://pubmed.ncbi.nlm.nih.gov/37546477/,web_search,,EMO-REG-001,false,
R0878,,,Comparison of Brain Activation during Motor Imagery and Motor Movement Using fNIRS,,,,PMC5435907,https://www.ncbi.nlm.nih.gov/pmc/articles/PMC5435907/,web_search,,MOT-ME-001,false,
R0879,,,"Contributions of episodic retrieval and mentalizing to autobiographical thought: evidence from functional neuroimaging, resting-state connectivity, and fMRI meta-analyses",,,24486981,,https://pubmed.ncbi.nlm.nih.gov/24486981/,web_search,,EMO-AUTO-001,false,
R0880,,,"Cortical activity during motor execution, motor imagery, and imagery-based online feedback",,,,,https://neurotechcenter.org/node/2199,web_search,,MOT-CURSOR-001,false,
R0881,,,Cortical control of human motoneuron firing during isometric contraction,,,9212286,,https://pubmed.ncbi.nlm.nih.gov/9212286/,web_search,,MOT-FORCE-001,false,
R0882,,,Cortical processing of head- and eye-gaze cues guiding joint social attention,,,20832481,,https://pubmed.ncbi.nlm.nih.gov/20832481/,web_search,,SOC-GAZE-001;SOC-GAZE-002,false,
R0883,,,"Could the beta rebound in the EEG be suitable to realize a ""brain switch""?",,,19028138,,https://pubmed.ncbi.nlm.nih.gov/19028138/,web_search,,MOT-GAIT-001;MOT-MI-001;MOT-MI-004,false,
R0884,,,Decoding Covert Speech From EEG-A Comprehensive Review,,,,PMC8116487,https://pmc.ncbi.nlm.nih.gov/articles/PMC8116487/,web_search,,IMG-SPI-001,false,
R0885,,,Decoding Different Reach-and-Grasp Movements Using Noninvasive Electroencephalogram,,,,PMC8505714,https://www.ncbi.nlm.nih.gov/pmc/articles/PMC8505714/,web_search,,MOT-GRASP-001;MOT-GRASP-003,false,
R0886,,,Decoding Imagined Handwriting from EEG,,,,,https://arxiv.org/html/2503.11202v1,web_search,,MOT-HW-001;MOT-HW-002,false,
R0887,,,Decoding Inner Speech Using Electrocorticography: Progress and Challenges Toward a Speech Prosthesis,,,,PMC6021529,https://pmc.ncbi.nlm.nih.gov/articles/PMC6021529/,web_search,,IMG-SPI-001,false,
R0888,,,Decoding natural grasp types from human ECoG,,,21763434,,https://pubmed.ncbi.nlm.nih.gov/21763434/,web_search,,MOT-GRASP-001,false,
R0889,,,Decoding three-dimensional hand kinematics from electroencephalographic signals,,,19965033,,https://pubmed.ncbi.nlm.nih.gov/19965033/,web_search,,MOT-TRACK-001,false,
R0890,,,Deep Learning in Automatic Sleep Staging With a Single Channel Electroencephalography,,,33746774,,https://pubmed.ncbi.nlm.nih.gov/33746774/,web_search,,STA-SLP-001;STA-SLP-002,false,
R0891,,,Deep learning for EEG-based sleep stage classification: a review,,,42062687,,https://pubmed.ncbi.nlm.nih.gov/42062687/,web_search,,STA-SLP-001;STA-SLP-002,false,
R0892,,,DeepSleepNet: A Model for Automatic Sleep Stage Scoring Based on Raw Single-Channel EEG,,,28678710,,https://pubmed.ncbi.nlm.nih.gov/28678710/,web_search,,STA-SLP-001;STA-SLP-002,false,
R0893,,,Detecting awareness in the vegetative state,,,16959998,,https://pubmed.ncbi.nlm.nih.gov/16959998/,web_search,,IMG-CMD-001;IMG-NAV-001,false,
R0894,,,Detecting awareness in the vegetative state: electroencephalographic evidence for attempted movements to command,,,23185489,,https://pubmed.ncbi.nlm.nih.gov/23185489/,web_search,,MOT-ATT-001;MOT-ATT-002,false,
R0895,,,Detection of mental imagery and attempted movements in patients with disorders of consciousness using EEG,,,25566029,,https://pubmed.ncbi.nlm.nih.gov/25566029/,web_search,,MOT-ATT-001;MOT-ATT-002,false,
R0896,,,Detection of movement intention from single-trial movement-related cortical potentials,,,,,https://publications.goettingen-research-online.de/ID-21451,web_search,,MOT-MRCP-001;MOT-MRCP-002,false,
R0897,,,Developmental and aging trajectories of 40-Hz auditory steady-state responses: A systematic review across the human lifespan,,,,PMC12914391,https://www.ncbi.nlm.nih.gov/pmc/articles/PMC12914391/,web_search,,SSR-ASSR-001,false,
R0898,,,Differences in unity: the go/no-go and stop signal tasks rely on different inhibitory mechanisms,bioRxiv,10.1101/705079,,,https://www.biorxiv.org/content/10.1101/705079.full.pdf,web_search,,CTL-GNG-001,false,
R0899,,,Differential task effects on N400 and P600 elicited by semantic and syntactic violations,,,24614675,,https://pubmed.ncbi.nlm.nih.gov/24614675/,web_search,,LAN-P600-001,false,
R0900,,,Differentiating between self and others: an ALE meta-analysis of fMRI studies of self-recognition and theory of mind,,,24535033,,https://pubmed.ncbi.nlm.nih.gov/24535033/,web_search,,SOC-SELF-001,false,
R0901,,,Dissecting social interaction: dual-fMRI reveals patterns of interpersonal brain-behavior relationships that dissociate among dimensions of social exchange,,,30649548,,https://pubmed.ncbi.nlm.nih.gov/30649548/,web_search,,SOC-TRUST-001;SOC-TRUST-003,false,
R0902,,,Dissociation between medial frontal negativity and cardiac responses in the ultimatum game: Effects of offer size and fairness,,,21786030,,https://pubmed.ncbi.nlm.nih.gov/21786030/,web_search,,SOC-UG-001,false,
R0903,,,Dissociation of reward anticipation and outcome with event-related fMRI,,,11726774,,https://pubmed.ncbi.nlm.nih.gov/11726774/,web_search,,EMO-MID-001,false,
R0904,,,Distinct neural bases of subcomponents of the attentional blink,eLife,,,,https://elifesciences.org/articles/97098v1,web_search,,PER-AB-001,false,
R0905,,,Distinguishing neurocognitive processes reflected by P600 effects: evidence from ERPs and neural oscillations,,,24844290,,https://pubmed.ncbi.nlm.nih.gov/24844290,web_search,,LAN-P600-001;LAN-P600-002,false,
R0906,,,Do we care about the powerless third? An ERP study of the three-person ultimatum game,,,22470328,,https://pubmed.ncbi.nlm.nih.gov/22470328/,web_search,,SOC-TPP-001,false,
R0907,,,Driver drowsiness detection methods using EEG signals: a systematic review,,,35983784,,https://pubmed.ncbi.nlm.nih.gov/35983784/,web_search,,STA-DRV-001,false,
R0908,,,ECoG Beta Suppression and Modulation During Finger Extension and Flexion,,,32116497,,https://pubmed.ncbi.nlm.nih.gov/32116497/,web_search,,MOT-FING-001;MOT-ME-001;MOT-ME-002,false,
R0909,,,EEG based Emotion Recognition: A Tutorial and Review,,,,,https://arxiv.org/pdf/2203.11279,web_search,,EMO-FILM-001,false,
R0911,,,EEG-based Auditory Attention Decoding: Towards Neuro-Steered Hearing Devices (arXiv 2008.04569),,,,,https://arxiv.org/abs/2008.04569v3,web_search,,PER-AAD-001,false,
R0912,,,EEG-based prediction of reaction time during sleep deprivation,,,40120105,,https://pubmed.ncbi.nlm.nih.gov/40120105/,web_search,,STA-PVT-001,false,
R0913,,,"Eelbrain, a Python toolkit for time-continuous analysis with temporal response functions",,,38018501,,https://pubmed.ncbi.nlm.nih.gov/38018501/,web_search,,LAN-NAT-001,false,
R0914,,,Electrocorticographic gamma activity during word production in spoken and sign language,,,11739824,,https://pubmed.ncbi.nlm.nih.gov/11739824/,web_search,,LAN-PN-001,false,
R0915,Huster RJ et al.,,Electroencephalography of response inhibition tasks: Functional networks and cognitive contributions,International Journal of Psychophysiology,10.1016/j.ijpsycho.2012.08.001,,,https://www.doi.org/10.1016/j.ijpsycho.2012.08.001,web_search,,CTL-GNG-001;CTL-SST-001,false,
R0916,,,Electroencephalography-Based Auditory Attention Decoding: Toward Neurosteered Hearing Devices,,,,,https://hal.archives-ouvertes.fr/hal-03090994,web_search,,PER-AAD-001,false,
R0917,,,Electrophysiological Studies of Face Perception in Humans,,,,,https://wikidp.org/Q34081017,web_search,,PER-FACE-001,false,
R0918,,,Emotion elicitation using films,Cognition and Emotion,10.1080/02699939508408966,,,https://www.tandfonline.com/doi/abs/10.1080/02699939508408966,web_search,,EMO-FILM-001,false,
R0919,,,"Empathy for pain influences perceptual and motor processing: Evidence from response force, ERPs, and EEG oscillations",,,27643572,,https://pubmed.ncbi.nlm.nih.gov/27643572/,web_search,,SOC-PAIN-001;SOC-PAIN-002,false,
R0920,,,Empathy for pain involves the affective but not sensory components of pain,,,14976305,,https://pubmed.ncbi.nlm.nih.gov/14976305/,web_search,,SOC-PAIN-001,false,
R0921,,,Event-related EEG/MEG synchronization and desynchronization: basic principles,,,10576479,,https://pubmed.ncbi.nlm.nih.gov/10576479/,web_search,,MOT-MI-001,false,
R0922,,,Event-related beta EEG-changes during passive and attempted foot movements in paraplegic patients,,,17229403,,https://pubmed.ncbi.nlm.nih.gov/17229403/,web_search,,MOT-ATT-001;MOT-GAIT-001;MOT-MI-001;MOT-MI-004;MOT-PASS-001,false,
R0923,,,Event-related brain potential correlates of visual awareness,,,,,https://research.utu.fi/converis/portal/detail/Publication/3831702?lang=en_US,web_search,,PER-MASK-001,false,
R0924,,,Event-related brain potentials to semantically inappropriate and surprisingly large words,,,7272388,,https://pubmed.ncbi.nlm.nih.gov/7272388/,web_search,,LAN-N400-001,false,
R0925,,,Event-related potential and lexical decision task in dyslexic adults: Lexical and lateralization effects,,,36438365,,https://pubmed.ncbi.nlm.nih.gov/36438365,web_search,,LAN-LDT-001,false,
R0926,,,Event-related potential indices of semantic priming using masked and unmasked words: evidence that the N400 does not reflect a post-lexical process,,,10729697,,https://pubmed.ncbi.nlm.nih.gov/10729697/,web_search,,LAN-PRIME-001;LAN-PRIME-002,false,
R0927,,,"Event-related potentials, emotion, and emotion regulation: an integrative review",,,20390599,,https://pubmed.ncbi.nlm.nih.gov/20390599/,web_search,,EMO-IAPS-001;EMO-REG-001,false,
R0928,,,Event-related variations in the activity of EEG-rhythms. Application to the physiology and the pathology of movements,,,11781201,,https://pubmed.ncbi.nlm.nih.gov/11781201/,web_search,,MOT-ME-001,false,
R0930,,,Experiments Into Readiness for Action: 50th Anniversary of the Bereitschaftspotential,,,,,https://worldneurologyonline.com/article/experiments-readiness-action-50th-anniversary-bereitschaftspotential/,web_search,,MOT-MRCP-001,false,
R0932,,,Face-Specific Processing in the Human Fusiform Gyrus,,,,,https://scholarworks.iu.edu/dspace/items/59cc123f-4f01-449d-91de-2f62f2d65c4d,web_search,,PER-FACE-001,false,
R0933,,,Fear Extinction Recall Modulates Human Frontomedial Theta and Amygdala Activity,,,29373635,,https://pubmed.ncbi.nlm.nih.gov/29373635/,web_search,,EMO-FC-001;EMO-FC-003,false,
R0935,,,From eyes-closed to eyes-open: Role of cholinergic projections in EC-to-EO alpha reactivity revealed by combining EEG and MRI,,,30251753,,https://pubmed.ncbi.nlm.nih.gov/30251753/,web_search,,STA-REST-001;STA-REST-002,false,
R0936,,,From lab to life: challenges and perspectives of fNIRS for haemodynamic-based neurofeedback in real-world environments,,,39428887,,https://pubmed.ncbi.nlm.nih.gov/39428887,web_search,,STA-NF-001;STA-NF-002,false,
R0937,,,Frontiers in Human Neuroscience article 10.3389/fnhum.2010.00186 (title not shown in result),Frontiers in Human Neuroscience,10.3389/fnhum.2010.00186,,,https://www.frontiersin.org/journals/human-neuroscience/articles/10.3389/fnhum.2010.00186/pdf,web_search,,PER-CVA-001;PER-CVA-002,false,
R0938,,,Functional Neuroimaging in Patients With Disorders of Consciousness: Caution Advised,,,37217437,,https://pubmed.ncbi.nlm.nih.gov/37217437/,web_search,,IMG-CMD-001,false,
R0939,,,Functional Role of the N400 and P600 in Language-Related ERP Studies with Respect to Semantic Anomalies: An Overview,,,34526850,,https://pubmed.ncbi.nlm.nih.gov/34526850/,web_search,,LAN-N400-001,false,
R0940,,,Functional magnetic resonance imaging (FMRI) neurofeedback: implementations and applications,,,24643368,,https://pubmed.ncbi.nlm.nih.gov/24643368/,web_search,,STA-NF-001;STA-NF-002,false,
R0941,,,Functional organization of human sensorimotor cortex for speech articulation,,,23426266,,https://pubmed.ncbi.nlm.nih.gov/23426266/,web_search,,LAN-OVS-001,false,
R0942,,,Getting real about semantic illusions: rethinking the functional role of the P600 in language comprehension,,,22361114,,https://pubmed.ncbi.nlm.nih.gov/22361114/,web_search,,LAN-P600-001,false,
R0943,,,Give me a sign: decoding four complex hand gestures based on high-density ECoG,,,25273279,,https://pubmed.ncbi.nlm.nih.gov/25273279/,web_search,,MOT-GRASP-001;MOT-GRASP-002,false,
R0944,,,High gamma coherence between task-responsive sensory-motor cortical regions in a motor reaction-time task,,,37584101,,https://pubmed.ncbi.nlm.nih.gov/37584101/,web_search,,MOT-RT-001,false,
R0945,,,High performance communication by people with paralysis using an intracortical brain-computer interface,,,28220753,,https://pubmed.ncbi.nlm.nih.gov/28220753/,web_search,,MOT-CURSOR-001;MOT-CURSOR-003,false,
R0946,,,High-frequency gamma oscillations and human brain mapping with electrocorticography,,,17071238,,https://pubmed.ncbi.nlm.nih.gov/17071238/,web_search,,MOT-ME-001,false,
R0947,,,High-performance brain-to-text communication via handwriting,,,,PMC8163299,https://pmc.ncbi.nlm.nih.gov/articles/PMC8163299/,web_search,,MOT-HW-001,false,
R0948,,,High-performance brain-to-text communication via handwriting (bioRxiv preprint),,10.1101/2020.07.01.183384,,,https://www.biorxiv.org/content/10.1101/2020.07.01.183384v1,web_search,,MOT-HW-001,false,
R0949,,,Home Use of a Percutaneous Wireless Intracortical Brain-Computer Interface by Individuals With Tetraplegia,,,33784612,,https://pubmed.ncbi.nlm.nih.gov/33784612/,web_search,,MOT-CURSOR-001;MOT-CURSOR-003,false,
R0950,,,Human Face Perception Using Electroencephalography and Magnetoencephalography,,,,PMC9008237,https://www.ncbi.nlm.nih.gov/pmc/articles/PMC9008237/,web_search,,PER-FACE-001,false,
R0951,,,Human amygdala activation during conditioned fear acquisition and extinction: a mixed-trial fMRI study,,,9620698,,https://pubmed.ncbi.nlm.nih.gov/9620698/,web_search,,EMO-FC-001,false,
R0952,,,Human cortical muscle coherence is directly related to specific motor parameters,,,11102492,,https://pubmed.ncbi.nlm.nih.gov/11102492/,web_search,,MOT-FORCE-001,false,
R0953,,,Hyperscanning: A Valid Method to Study Neural Inter-brain Underpinnings of Social Interaction,,,32180710,,https://pubmed.ncbi.nlm.nih.gov/32180710/,web_search,,SOC-HYP-001;SOC-JA-001,false,
R0954,,,Hyperventilation and Photic Stimulation Audit (BSCN),,,,,https://bscn.org.uk//data/files/Audit/Hyperventilation and Photic Stimulation Audit.pdf,web_search,,SSR-PD-001;SSR-SSVEP-001;SSR-SSVEP-003,false,
R0955,,,Identification of Lower-Limb Motor Tasks via Brain–Computer Interfaces: A Topical Overview,,,,PMC8914806,https://pmc.ncbi.nlm.nih.gov/articles/PMC8914806,web_search,,MOT-GAIT-001;MOT-ME-001;MOT-ME-003;MOT-MI-001;MOT-MI-004,false,
R0956,,,Imagined Speech Brain-Computer Interface: A Task-Oriented Review of Neural Decoding,,,42198020,,https://pubmed.ncbi.nlm.nih.gov/42198020/,web_search,,IMG-SPI-001,false,pmid_suspect
R0957,,,Imagined speech can be decoded from low- and cross-frequency intracranial EEG features,,,35013268,,https://pubmed.ncbi.nlm.nih.gov/35013268/,web_search,,IMG-SPI-001,false,
R0958,,,Imaging the Social Brain by Simultaneous Hyperscanning During Subject Interaction,,,22287939,,https://pubmed.ncbi.nlm.nih.gov/22287939/,web_search,,SOC-TRUST-001;SOC-TRUST-003,false,
R0959,,,Increased gamma-range activity in human sensorimotor cortex during performance of visuomotor tasks,,,10363776,,https://pubmed.ncbi.nlm.nih.gov/10363776/,web_search,,MOT-ME-001,false,
R0960,,,Individual finger control of a modular prosthetic limb using high-density electrocorticography in a human subject,,,26863276,,https://pubmed.ncbi.nlm.nih.gov/26863276/,web_search,,MOT-FING-001;MOT-ME-001;MOT-ME-002,false,
R0961,,,Induced EEG alpha oscillations are related to mental rotation ability: the evidence for neural efficiency and serial processing,,,20637833,,https://pubmed.ncbi.nlm.nih.gov/20637833/,web_search,,IMG-ROT-001,false,
R0962,,,Intentional modulation of emotional responding to unpleasant pictures: an ERP study,,,16805868,,https://pubmed.ncbi.nlm.nih.gov/16805868/,web_search,,EMO-REG-001,false,
R0963,,,Inter-Brain Neural Couplings During Table Tennis Doubles,,,42014179,,https://pubmed.ncbi.nlm.nih.gov/42014179/,web_search,,SOC-JA-001,false,
R0964,,,Inter-brain synchrony and cooperation context in interactive decision making,,,29292232,,https://pubmed.ncbi.nlm.nih.gov/29292232/,web_search,,SOC-HYP-001;SOC-JA-001,false,
R0965,,,Interbrain Synchrony in the Expectation of Cooperation Behavior: A Hyperscanning Study Using Functional Near-Infrared Spectroscopy,,,33329177,,https://pubmed.ncbi.nlm.nih.gov/33329177/,web_search,,SOC-TRUST-001;SOC-TRUST-002,false,
R0966,,,It's in your eyes--using gaze-contingent stimuli to create truly interactive paradigms for social cognitive and affective neuroscience,,,20223797,,https://pubmed.ncbi.nlm.nih.gov/20223797/,web_search,,SOC-GAZE-001;SOC-GAZE-002,false,
R0967,,,It's the thought that counts: specific brain regions for one component of theory of mind,,,16913952,,https://pubmed.ncbi.nlm.nih.gov/16913952/,web_search,,SOC-TOM-001;SOC-TOM-002,false,
R0968,,,Language-specific phoneme representations revealed by electric and magnetic brain responses,,,9009189,,https://pubmed.ncbi.nlm.nih.gov/9009189/,web_search,,LAN-PHON-001;PER-MMN-001;PER-MMN-002,false,
R0969,,,"Learning from experience: event-related potential correlates of reward processing, neural adaptation, and behavioral choice",,,,PMC3432149,https://pmc.ncbi.nlm.nih.gov/articles/PMC3432149,web_search,,ERR-TE-001,false,
R0970,,,Lexical Decision Task,,,,,https://www.hedtags.org/hed-task/tasks/hedtsk_lexical_decision.html,web_search,,LAN-LDT-001,false,
R0971,,,Lexical decision task (LDT),,,,,https://www.ebsco.com/research-starters/language-and-linguistics/lexical-decision-task-ldt,web_search,,LAN-LDT-001,false,
R0972,,,Lighting up word retrieval: A scoping review of fNIRS studies on lexical access in healthy and neurodegenerative populations,,,42435827,,https://pubmed.ncbi.nlm.nih.gov/42435827/,web_search,,LAN-VF-001;LAN-VF-002,false,pmid_suspect
R0973,,,Linear Modeling of Neurophysiological Responses to Speech and Other Continuous Stimuli: Methodological Considerations for Applied Research,,,34880719,,https://pubmed.ncbi.nlm.nih.gov/34880719/,web_search,,LAN-NAT-001,false,
R0974,,,Loss anticipation and outcome during the Monetary Incentive Delay Task: a neuroimaging systematic review and meta-analysis,,,29761060,,https://pubmed.ncbi.nlm.nih.gov/29761060/,web_search,,EMO-MID-001,false,
R0975,,,Low-level neural auditory discrimination dysfunctions in specific language impairment-A review on mismatch negativity findings,,,29182947,,https://pubmed.ncbi.nlm.nih.gov/29182947,web_search,,LAN-PHON-001;PER-MMN-001;PER-MMN-002,false,
R0976,,,MATB for assessing different mental workload levels,,10.3389/fphys.2024.1408242,,PMC11300324,https://www.ncbi.nlm.nih.gov/pmc/articles/PMC11300324/,web_search,,STA-MATB-001,false,
R0977,,,Making sense of real-time functional magnetic resonance imaging (rtfMRI) and rtfMRI neurofeedback,,,25716778,,https://pubmed.ncbi.nlm.nih.gov/25716778/,web_search,,STA-NF-001;STA-NF-002,false,
R0978,,,Mapping the task-general and task-specific neural correlates of speech production: Meta-analysis and fMRI direct comparisons of category fluency and picture naming,,,41030322,,https://pubmed.ncbi.nlm.nih.gov/41030322/,web_search,,LAN-PN-001;LAN-VF-001,false,
R0979,,,Measuring prefrontal brain activity during verbal fluency tasks using functional near infrared spectroscopy,,,,PMC13038428,https://pmc.ncbi.nlm.nih.gov/articles/PMC13038428/,web_search,,LAN-VF-001;LAN-VF-002;LAN-VF-003,false,
R0981,,,Mental rotation: an event-related potential study with a validated mental rotation task,,,2923718,,https://pubmed.ncbi.nlm.nih.gov/2923718/,web_search,,IMG-ROT-001,false,
R0982,,,Meta-analysis of ERP investigations of pain empathy underlines methodological issues in ERP research,,,30137502,,https://pubmed.ncbi.nlm.nih.gov/30137502/,web_search,,SOC-PAIN-001;SOC-PAIN-002,false,
R0983,,,Meta-analysis of auditory P50 sensory gating in schizophrenia and bipolar disorder,,,,,https://cris.maastrichtuniversity.nl/en/publications/meta-analysis-of-auditory-p50-sensory-gating-in-schizophrenia-and,web_search,,PER-GATE-001,false,
R0984,,,Meta-analytic evidence for common and distinct neural networks associated with directly experienced pain and empathy for pain,,,20946964,,https://pubmed.ncbi.nlm.nih.gov/20946964/,web_search,,SOC-PAIN-001,false,
R0986,,,Minds made for sharing: initiating joint attention recruits reward-related neurocircuitry,,,19929761,,https://pubmed.ncbi.nlm.nih.gov/19929761,web_search,,SOC-GAZE-001;SOC-GAZE-002,false,
R0987,,,Mirror activity in the human brain while observing hand movements: a comparison between EEG desynchronization in the mu-range and previous fMRI results,,,19500557,,https://pubmed.ncbi.nlm.nih.gov/19500557/,web_search,,MOT-OBS-001,false,
R0988,,,Mismatch negativity in a phonetic discrimination task,,,7342998,,https://pubmed.ncbi.nlm.nih.gov/7342998/,web_search,,LAN-PHON-001;PER-MMN-001;PER-MMN-002,false,
R0989,,,Modification of N170 by different emotional expression of schematic faces,,,17764809,,https://pubmed.ncbi.nlm.nih.gov/17764809,web_search,,EMO-FACE-001,false,
R0990,,,Modulation of mu rhythm desynchronization during motor imagery by transcranial direct current stimulation,,,20540721,,https://pubmed.ncbi.nlm.nih.gov/20540721/,web_search,,STM-TDCS-001,false,
R0991,,,Most Popular Signal Processing Methods in Motor-Imagery BCI: A Review and Meta-Analysis,,,,PMC6232268,https://www.ncbi.nlm.nih.gov/pmc/articles/PMC6232268/,web_search,,MOT-MI-001,false,
R0992,,,"Motion-onset VEPs: characteristics, methods, and diagnostic use",,,,,https://dev.nlk.cz/mdv/doc/bmc09003767,web_search,,PER-MVEP-001,false,
R0993,,,Motivated and controlled attention to emotion: time-course of the late positive potential,,,19157974,,https://pubmed.ncbi.nlm.nih.gov/19157974,web_search,,EMO-IAPS-001,false,
R0994,,,"Motor Imagery and Motor Execution: A Narrative Review of Electroencephalographic (EEG) Signatures, Methodological Consistency, and Translational Applications",,,,PMC12550537,https://www.ncbi.nlm.nih.gov/pmc/articles/PMC12550537/,web_search,,MOT-ME-001;MOT-MI-001,false,
R0995,,,Motor facilitation during action observation: a magnetic stimulation study,,,7666169,,https://pubmed.ncbi.nlm.nih.gov/7666169/,web_search,,MOT-OBS-001,false,
R0996,,,Motor imagery activates primary sensorimotor area in humans,,,,,https://scholarhub.vn/publication/:slug/7c002421-69cc-493d-b5ad-9a23ee0a617a,web_search,,MOT-MI-001,false,
R0997,,,Motor imagery and EEG-based control of spelling devices and neuroprostheses,,,17071244,,https://pubmed.ncbi.nlm.nih.gov/17071244/,web_search,,MOT-MI-001,false,
R0998,,,N2pc (Wikipedia),,,,,https://en.wikipedia.org/wiki/N2pc,web_search,,PER-VS-001,false,
R0999,,,"Naatanen R, Picton T (1987) The N1 wave ... (ModelDB citation record)",,,,,https://modeldb.science/citations/146424,web_search,,PER-AEP-001,false,
R1000,,,Neural Correlates of Semantic Interference and Phonological Facilitation in Picture Naming: A Systematic Review and Coordinate-Based Meta-analysis,,,38319529,,https://pubmed.ncbi.nlm.nih.gov/38319529,web_search,,LAN-PN-001;LAN-PN-002;MOT-BIMAN-001,false,
R1001,,,Neural Signatures of Reward and Sensory Prediction Error in Motor Learning,bioRxiv,10.1101/262576,,,https://www.biorxiv.org/content/10.1101/262576v2,web_search,,ERR-ADAPT-001;ERR-ADAPT-002,false,
R1002,,,Neural coding of movement direction in the healthy human brain,,,20967197,,https://pubmed.ncbi.nlm.nih.gov/20967197/,web_search,,MOT-REACH-001;MOT-REACH-002,false,
R1003,"Radua, J., Savage, H. S., Vilajosana, E., et al.",2025,Neural correlates of human fear conditioning and sources of variability in 2199 individuals,Nature Communications,,40849409,,https://pubmed.ncbi.nlm.nih.gov/40849409/,hed_catalog;web_search,https://www.hedtags.org/hed-task/tasks/hedtsk_pavlovian_fear_conditioning.html,EMO-FC-001,false,
R1004,,,Neural correlates of joint attention in infants aged 8-24 months: A systematic review,,,41576764,,https://pubmed.ncbi.nlm.nih.gov/41576764/,web_search,,SOC-GAZE-001;MOT-BIMAN-001,false,
R1005,,,Neural responses to uninterrupted natural speech can be extracted with precise temporal resolution,,,20092565,,https://pubmed.ncbi.nlm.nih.gov/20092565/,web_search,,LAN-NAT-001,false,
R1006,,,Neural signature of the conscious processing of auditory regularities,,,,,https://www.talks.cam.ac.uk/talk/index/13631/,web_search,,PER-LG-001,false,
R1009,,,Neural signatures of reward and sensory error feedback processing in motor learning,,,,,https://ir.lib.uwo.ca/brainpub/488,web_search,,ERR-ADAPT-001;ERR-ADAPT-002,false,
R1010,,,Neural substrates of classically conditioned fear-generalization in humans: a parametric fMRI study,,,23748500,,https://pubmed.ncbi.nlm.nih.gov/23748500/,web_search,,EMO-FC-001;EMO-FC-002,false,
R1011,,,"Neurofeedback: Applications, advancements, and future directions",,,41459375,,https://pubmed.ncbi.nlm.nih.gov/41459375/,web_search,,STA-NF-001,false,
R1012,,,Neuronal population coding of movement direction,,,3749885,,https://pubmed.ncbi.nlm.nih.gov/3749885/,web_search,,MOT-REACH-001,false,
R1013,,,Neuroprosthesis for Decoding Speech in a Paralyzed Person with Anarthria,,,34260835,,https://pubmed.ncbi.nlm.nih.gov/34260835/,web_search,,LAN-OVS-001;LAN-OVS-002,false,
R1014,,,Neuropsychologia article S0028393217302002 (Southampton eprint; FPVS),Neuropsychologia,,,,https://eprints.soton.ac.uk/408591/2/1_s2.0_S0028393217302002_main.pdf,web_search,,SSR-FPVS-001,false,
R1015,,,New evidence and challenges in ERP and MEG correlates of consciousness in vision: A systematized review,,,,,https://research.utu.fi/converis/portal/detail/Publication/509016333?lang=en_US,web_search,,PER-MASK-001,false,
R1016,,,Non-linear online low-frequency EEG decoding of arm movements during a pursuit tracking task,,,33018632,,https://pubmed.ncbi.nlm.nih.gov/33018632/,web_search,,MOT-TRACK-001;MOT-TRACK-002,false,
R1017,,,On some limitations of the frequency following response,,,,,https://www.repository.cam.ac.uk/handle/1810/303695,web_search,,SSR-FFR-001,false,
R1018,Logan GD,,On the ability to inhibit thought and action: A users' guide to the stop signal paradigm,,,,,https://dare.uva.nl/id/d72ffa14-a640-4cd8-9910-51634bf7ab36,web_search,,CTL-SST-001,false,
R1019,Logan GD et al.,,On the ability to inhibit thought and action: General and special theories of an act of control,,,,,https://dare.uva.nl/id/6c66136e-3deb-4049-93d3-fb35ba5f1b4b,web_search,,CTL-SST-001,false,
R1020,,,On the relations between the direction of two-dimensional arm movements and cell discharge in primate motor cortex,,,7143039,,https://pubmed.ncbi.nlm.nih.gov/7143039/,web_search,,MOT-REACH-001,false,
R1021,,,Orienting of Attention,,,,,https://scholarhub.vn/publication/Orienting-of-Attention/f497bb13-98c0-4e6f-89ec-5893603ef50c,web_search,,PER-CUE-001,false,
R1022,,,"P3a (Wikipedia article; discusses Squires, Squires & Hillyard 1975)",,,,,https://en.wikipedia.org/wiki/P3a,web_search,,PER-ODD-001;PER-ODD-002,false,
R1023,,,P50 (neuroscience) (Wikipedia),,,,,https://en.wikipedia.org/wiki/P50_(neuroscience),web_search,,PER-GATE-001,false,
R1024,,,Parallel mechanisms signal a hierarchy of sequence structure violations in the auditory cortex,eLife,,,,https://elifesciences.org/articles/102702v2,web_search,,PER-LG-001,false,
R1026,,,Phase patterns of neuronal responses reliably discriminate speech in human auditory cortex,,,17582338,,https://pubmed.ncbi.nlm.nih.gov/17582338/,web_search,,LAN-NAT-001,false,
R1028,,,Prefrontal control of the amygdala during real-time fMRI neurofeedback training of emotion regulation,,,24223175,,https://pubmed.ncbi.nlm.nih.gov/24223175,web_search,,STA-NF-001;STA-NF-002,false,
R1029,,,Presurgical language localization with visual naming associated ECoG high- gamma modulation in pediatric drug-resistant epilepsy,,,28225156,,https://pubmed.ncbi.nlm.nih.gov/28225156/,web_search,,LAN-PN-001,false,
R1030,,,Processing syntactic relations in language and music: an event-related potential study,,,9831740,,https://pubmed.ncbi.nlm.nih.gov/9831740,web_search,,LAN-MUS-001,false,
R1031,,,Psychomotor Vigilance Task,,,,,https://www.hedtags.org/hed-task/tasks/hedtsk_psychomotor_vigilance.html,web_search,,STA-PVT-001,false,
R1032,,,Publications of year 2009 (Unicog lab bibliography; lists Bekinschtein et al. 2009),,,,,https://www.unicog.org/biblio/Year/2009.complete.html,web_search,,PER-LG-001,false,
R1033,,,Reconstructing speech from human auditory cortex,,,22303281,,https://pubmed.ncbi.nlm.nih.gov/22303281/,web_search,,LAN-NAT-001,false,
R1034,,,Regulating Negative Autobiographical Memories: An fMRI Investigation of Reappraisal and Distraction in Middle-aged and Older Adults,,,40811617,,https://pubmed.ncbi.nlm.nih.gov/40811617/,web_search,,EMO-AUTO-001,false,
R1035,,,Repetition of verbal fluency task attenuates the hemodynamic activation in the left prefrontal cortex: Enhancing the clinical usefulness of near-infrared spectroscopy,,,,PMC5862477,https://pmc.ncbi.nlm.nih.gov/articles/PMC5862477/,web_search,,LAN-VF-001;LAN-VF-002;LAN-VF-003,false,
R1036,,,Resting frontal brain asymmetry predicts affective responses to films,,,2254854,,https://pubmed.ncbi.nlm.nih.gov/2254854/,web_search,,EMO-FILM-001,false,
R1038,,,Review: Human Intracortical Recording and Neural Decoding for Brain-Computer Interfaces,,,28278476,,https://pubmed.ncbi.nlm.nih.gov/28278476/,web_search,,MOT-ATT-001;MOT-CURSOR-001;MOT-REACH-001;MOT-CURSOR-003,false,
R1039,,,Semantic priming and stimulus degradation: implications for the role of the N400 in language processing,,,8416062,,https://pubmed.ncbi.nlm.nih.gov/8416062/,web_search,,LAN-PRIME-001,false,
R1040,,,"Significance?& Significance! Empirical, methodological, and theoretical connections between the late positive potential and P300 as neural responses to stimulus significance: An integrative review",,,32243623,,https://pubmed.ncbi.nlm.nih.gov/32243623/,web_search,,EMO-IAPS-001,false,
R1041,,,Single trial classification of fNIRS-based brain-computer interface mental arithmetic data: a comparison between different classifiers,,,25570376,,https://pubmed.ncbi.nlm.nih.gov/25570376/,web_search,,IMG-MA-001,false,
R1042,,,"Social neuroscience and hyperscanning techniques: past, present and future",,,22917915,,https://pubmed.ncbi.nlm.nih.gov/22917915/,web_search,,SOC-HYP-001;SOC-JA-001,false,
R1043,,,Spatial-temporal functional mapping of language at the bedside with electrocorticography,,,26935890,,https://pubmed.ncbi.nlm.nih.gov/26935890/,web_search,,LAN-PN-001,false,
R1044,,,Spatiotemporal imaging of cortical activation during verb generation and picture naming,,,20026224,,https://pubmed.ncbi.nlm.nih.gov/20026224/,web_search,,LAN-VG-001,false,
R1045,,,Speech imagery brain-computer interfaces: a systematic literature review,,,40490003,,https://pubmed.ncbi.nlm.nih.gov/40490003/,web_search,,IMG-SPI-001,false,pmid_suspect
R1046,,,State sensitivity and five-year longitudinal stability of resting-state EEG biomarker candidates in healthy adults,,,42395346,,https://pubmed.ncbi.nlm.nih.gov/42395346/,web_search,,STA-REST-001;STA-REST-002,false,
R1047,,,Steady state visually evoked potential (Wikipedia; history incl. Regan),,,,,https://en.wikipedia.org/wiki/Steady_state_visually_evoked_potential,web_search,,SSR-SSVEP-001,false,
R1048,,,Steady-State Somatosensory Evoked Potential for Brain-Computer Interface—Present and Future,Frontiers in Human Neuroscience,10.3389/fnhum.2015.00716,,PMC4712271,https://www.ncbi.nlm.nih.gov/pmc/articles/PMC4712271/,web_search,,SSR-SSSEP-001;SSR-SSSEP-002,false,
R1049,,,Steady-State Somatosensory Evoked Potentials (SSSEPs) (NCSU BCI project page),,,,,https://ise.ncsu.edu/bci/projects/steady-state-somatosensory-evoked-potentials/,web_search,,SSR-SSSEP-001;SSR-SSSEP-002,false,
R1050,,,Synchronization between motor cortex and spinal motoneuronal pool during the performance of a maintained motor task in man,,,8788955,,https://pubmed.ncbi.nlm.nih.gov/8788955/,web_search,,MOT-FORCE-001,false,
R1051,,,Systematic review: progress in EEG-based speech imagery brain-computer interface decoding and encoding research,,,40989443,,https://pubmed.ncbi.nlm.nih.gov/40989443/,web_search,,IMG-SPI-001,false,pmid_suspect
R1052,,,Talking off the top of your head: toward a mental prosthesis utilizing event-related brain potentials,,,2461285,,https://pubmed.ncbi.nlm.nih.gov/2461285/,web_search,,PER-ODD-001;PER-ODD-003,false,
R1053,,,Task modulates ERP effects of orthographic neighborhood for pseudowords but not words,,,30797831,,https://pubmed.ncbi.nlm.nih.gov/30797831/,web_search,,LAN-LDT-001,false,
R1054,,,The Auditory Brainstem Response: History and Future in Medicine,,,,,https://baylor-ir.tdl.org/items/2f06869a-7e23-43f8-88e3-9b0312d3d85a,web_search,,PER-ABR-001,false,
R1055,,,The N1 wave of the human electric and magnetic response to sound: a review and an analysis of the component structure,,,3615753,,https://pubmed.ncbi.nlm.nih.gov/3615753/,web_search,,PER-AEP-001,false,
R1056,,,The development of neural responses to emotional faces: A review of evidence from event-related potentials during early and middle childhood,,,34329806,,https://pubmed.ncbi.nlm.nih.gov/34329806/,web_search,,EMO-FACE-001,false,
R1057,,,The earliest electrophysiological correlate of visual awareness?,,,,,https://test01.ku.dk/:obvius/pureproxy/3974268/en/publications/the-earliest-electrophysiological-correlate-of-visual-awareness,web_search,,PER-MASK-001,false,
R1058,,,The effect of altruistic tendency on fairness in third-party punishment,,,26191009,,https://pubmed.ncbi.nlm.nih.gov/26191009/,web_search,,SOC-TPP-001,false,
R1059,,,The eyes have it! Reflexive orienting is triggered by nonpredictive gaze,,,,,https://psych.unl.edu/mdodd/Psy498/FriesenKingstone.pdf,web_search,,SOC-GAZE-001,false,
R1060,,,The functional significance of ERP effects during mental rotation,,,12236320,,https://pubmed.ncbi.nlm.nih.gov/12236320/,web_search,,IMG-ROT-001,false,
R1061,,,The influence of task and interpersonal interdependence on cooperative behavior and its neural mechanisms,,,39988591,,https://pubmed.ncbi.nlm.nih.gov/39988591/,web_search,,SOC-JA-001,false,
R1063,,,The mismatch negativity: a window to the brain,,,,PMC11614838,https://www.ncbi.nlm.nih.gov/pmc/articles/PMC11614838/,web_search,,PER-MMN-001,false,
R1064,,,The multi-attribute task battery for human operator workload and strategic behavior research (NASA NTRS 19920007912),,,,,https://ntrs.nasa.gov/citations/19920007912,web_search,,STA-MATB-001,false,title_from_memory
R1065,,,The neural bases of emotion regulation: reappraisal and suppression of negative emotion,,,17888411,,https://pubmed.ncbi.nlm.nih.gov/17888411/,web_search,,EMO-REG-001;EMO-REG-002,false,
R1068,,,The perception of speech sounds by the human brain as reflected by the mismatch negativity (MMN) and its magnetic equivalent (MMNm),,,11321610,,https://pubmed.ncbi.nlm.nih.gov/11321610/,web_search,,LAN-PHON-001;PER-MMN-001;PER-MMN-002,false,
R1069,,,The role of asymmetric frontal cortical activity in emotion-related phenomena: a review and update,,,19733618,,https://pubmed.ncbi.nlm.nih.gov/19733618/,web_search,,EMO-FILM-001,false,
R1071,,,The syntactic positive shift (SPS) as an ERP measure of syntactic processing,,,,,https://forms.mpi.nl/node/50391,web_search,,LAN-P600-001,false,
R1072,,,The time course of attentional selection : an ERP investigation,,,,,https://minds.wisc.edu/items/2ed815f7-b8fb-4f14-9a5a-1e8b8de707ed,web_search,,PER-VS-001,false,
R1073,,,The time course of neural responses to social versus non-social unfairness in the ultimatum game,,,29883547,,https://pubmed.ncbi.nlm.nih.gov/29883547/,web_search,,SOC-UG-001,false,
R1074,,,Theory of mind: a neural prediction problem,,,24012000,,https://pubmed.ncbi.nlm.nih.gov/24012000/,web_search,,SOC-TOM-001,false,
R1075,,,Thirty years and counting: finding meaning in the N400 component of the event-related brain potential (ERP),,10.1146/annurev.psych.093008.131123,20809790,,https://pubmed.ncbi.nlm.nih.gov/20809790/,web_search,,LAN-N400-001;LAN-N400-002,false,
R1076,,,Time course of reaction time and EEG while performing a vigilance task during total sleep deprivation,,,8899935,,https://pubmed.ncbi.nlm.nih.gov/8899935/,web_search,,STA-PVT-001,false,
R1077,,,Toward a chronopsychophysiology of mental rotation,,,12212633,,https://pubmed.ncbi.nlm.nih.gov/12212633/,web_search,,IMG-ROT-001,false,
R1078,,,Toward discovery science of human brain function,,,20176931,,https://pubmed.ncbi.nlm.nih.gov/20176931/,web_search,,STA-REST-001,false,
R1079,,,Towards a neural basis of music-evoked emotions,,,20153242,,https://pubmed.ncbi.nlm.nih.gov/20153242/,web_search,,EMO-MUS-001;EMO-FILM-001;EMO-FILM-002,false,
R1080,,,Transcranial Direct Current Stimulation Enhances Motor Performance by Modulating Beta-Phase Synchronization in the Sensorimotor Network: A Preliminary Study,,,40149807,,https://pubmed.ncbi.nlm.nih.gov/40149807/,web_search,,STM-TDCS-001,false,
R1081,,,Trust-Based Decision-Making in the Health and Economic Domains Shows Similar Neural Correlates,,,40991948,,https://pubmed.ncbi.nlm.nih.gov/40991948/,web_search,,SOC-TRUST-001,false,
R1082,,,Tuning characteristics of low-frequency EEG to positions and velocities in visuomotor and oculomotor tracking tasks,,,30532058,,https://pubmed.ncbi.nlm.nih.gov/30532058/,web_search,,MOT-TRACK-001,false,
R1084,,,Visual Evoked Potential/ Response (VEP/VER) (EyeWiki),,,,,https://eyewiki.org/Visual_Evoked_Potential/_Response_(VEP/VER),web_search,,PER-PRVEP-001,false,
R1085,,,You are wrong! Automatic detection of interaction errors from brain waves,,,,,https://www.academia.edu/125884475/You_are_wrong_automatic_detection_of_interaction_errors_from_brain_waves,web_search,,ERR-ERRP-001,false,
R1086,,,clinical visual electrophysiology visual evoked po (AAO disease review),,,,,https://www.aao.org/education/disease-review/clinical-visual-electrophysiology-visual-evoked-po,web_search,,PER-FVEP-001,false,
R1087,,,clinicians guide to obtaining a valid auditory brainstem response,,,,,https://experts.arizona.edu/en/publications/clinicians-guide-to-obtaining-a-valid-auditory-brainstem-response/,web_search,,PER-ABR-001,false,
R1088,,,fNIRS-based brain-computer interfaces: a review,,,,PMC4309034,https://pmc.ncbi.nlm.nih.gov/articles/PMC4309034/,web_search,,IMG-MA-001,false,
R1089,,,four novel motion paradigms based on steady state motion visual evoked potential,,,,,https://scholar.xjtu.edu.cn/zh/publications/four-novel-motion-paradigms-based-on-steady-state-motion-visual-e/,web_search,,SSR-SSMVEP-001,false,
R1090,,,guidelines for visual sensitive eeg testing,Canadian Journal of Neurological Sciences,,,,https://www.cambridge.org/core/services/aop-cambridge-core/content/view/6DB1753C36D84F978AB4960ADB854458/S0317167100008532a.pdf/guidelines-for-visual-sensitive-eeg-testing.pdf,web_search,,SSR-PD-001;SSR-SSVEP-001;SSR-SSVEP-003,false,
R1091,,,reconstructing three dimensional hand movements from noninvasive,,,,,https://scholars.houstonmethodist.org/en/publications/reconstructing-three-dimensional-hand-movements-from-noninvasive-/,web_search,,MOT-TRACK-001,false,
R1092,,,the attentional blink past present and future of a blind spot in ...,,,,,https://pure.psu.edu/en/publications/the-attentional-blink-past-present-and-future-of-a-blind-spot-in-/,web_search,,PER-AB-001,false,
R1093,Proudfit GH,2015,The reward positivity (title as given by the PDF file name; full title to be checked),Psychophysiology,10.1111/psyp.12370,,,https://cprlab.psy.fsu.edu/uploads/1/0/8/8/108887279/the_reward_positivity.pdf,web_search,"https://cprlab.psy.fsu.edu/uploads/1/0/8/8/108887279/the_reward_positivity.pdf (authors, year, venue, DOI per pkg C sprint 2 S2C-F16)",ERR-GAM-001;ERR-GAM-002,false,title_placeholder
R1094,,,"what weve learned (PDF, FSU CPR lab; ERN review)",,,,,https://cprlab.psy.fsu.edu/uploads/1/0/8/8/108887279/what_weve_learned.pdf,web_search,,CTL-FLK-001,false,
R1095,Regan D,1966,Some characteristics of average steady-state and transient responses evoked by modulated light,Electroencephalogr Clin Neurophysiol. 1966;20(3):238-248.,10.1016/0013-4694(66)90088-5,,,,curator_search,curation/work/pkg_A/search_log.md (SSR-SSVEP-001 first_source),SSR-SSVEP-001,false,
R1096,,2004,Intersubject synchronization of cortical activity during natural vision,Science,,15016991,,,curator_search,curation/work/pkg_A/search_log.md (PER-NAT-001 first_source),PER-NAT-001,false,
R1097,"DeYoe EA, Carman GJ, Bandettini P, Glickman S, Wieser J, Cox R, Miller D, Neitz J",1996,Mapping striate and extrastriate visual areas in human cerebral cortex,Proceedings of the National Academy of Sciences of the United States of America. 1996;93(6):2382-2386.,10.1073/pnas.93.6.2382,8637882,,,curator_search,curation/work/pkg_A/search_log.md (PER-RET-001 first_source),PER-RET-001,false,
R1098,"Nozaradan S, Peretz I, Missal M, Mouraux A",2011,Tagging the neuronal entrainment to beat and meter,The Journal of Neuroscience,10.1523/JNEUROSCI.0411-11.2011,,,,curator_search,curation/work/pkg_A/search_log.md (SSR-BEAT-001 first_source),SSR-BEAT-001,false,
R1099,"Worden FG, Marsh JT",1968,Frequency-following (microphonic-like) neural responses evoked by sound,Electroencephalography and Clinical Neurophysiology. 1968;25(1):42-52.,10.1016/0013-4694(68)90085-0,4174782,,,curator_search,curation/work/pkg_A/search_log.md (SSR-FFR-001 first_source),SSR-FFR-001,false,
R1100,,,Neural activity associated with distinguishing concurrent auditory objects,,,,,https://labs.sonicfield.org/library/neural-activity-associated-with-distinguishing-concurrent-auditory-objects,curator_search,curation/work/pkg_A/search_log.md (PER-ORN-001 first_source),PER-ORN-001,false,
R1101,,,An investigation of the auditory streaming effect using event-related brain potentials,,,,,https://einstein.elsevierpure.com/en/publications/an-investigation-of-the-auditory-streaming-effect-using-event-rel-2/,curator_search,curation/work/pkg_A/search_log.md (PER-STREAM-001 first_source),PER-STREAM-001,false,
R1102,,,A cortical area selective for visual processing of the human body,,10.1126/science.1063414,,,https://citedrive.com/en/discovery/a-cortical-area-selective-for-visual-processing-of-the-human-body,curator_search,curation/work/pkg_A/search_log.md (PER-BODY-001 first_source),PER-BODY-001,false,
R1103,"Boremanse A, Norcia AM, Rossion B",2014,Dissociation of part-based and integrated neural responses to faces by means of electroencephalographic frequency tagging,European Journal of Neuroscience,10.1111/ejn.12663,,,https://research.dial.uclouvain.be/entities/publication/293fb0cc-3d48-4391-9cc9-128854424ded,curator_search,curation/work/pkg_A/search_log.md (SSR-IM-001 first_source),SSR-IM-001,false,
R1104,"Mouraux A, Iannetti GD, Colon E, Nozaradan S, Legrain V, Plaghki L",2011,Nociceptive steady-state evoked potentials elicited by rapid periodic thermal stimulation of cutaneous nociceptors,The Journal of Neuroscience,10.1523/JNEUROSCI.3977-10.2011,,,https://research.dial.uclouvain.be/handle/2078.5/160267,curator_search,curation/work/pkg_A/search_log.md (SSR-NSSEP-001 first_source),SSR-NSSEP-001,false,
R1105,"Barbero F, Calce RP, Rossion B, Collignon O",2019,Fast periodic auditory stimulation reveals a robust voice-selective electrophysiological response in the human brain,"B-Audio conference, Louvain-la-Neuve",,,,https://research.dial.uclouvain.be/handle/2078.5/238396,curator_search,curation/work/pkg_A/search_log.md (SSR-FPAS-001 first_source),SSR-FPAS-001,false,
R1106,"Wolpaw J, McFarland DJ, Neat GW, Forneris CA",1991,An EEG-based brain-computer interface for cursor control,Electroencephalography and clinical neurophysiology 78:252-259,10.1016/0013-4694(91)90040-B,1707798,,,curator_search,curation/work/pkg_B/search_log.md (MOT-CURSOR-001 first_source),MOT-CURSOR-001,false,
R1107,Kelso JA,1984,Phase transitions and critical behavior in human bimanual coordination,"American Journal of Physiology-Regulatory, Integrative and Comparative Physiology 246:R1000-R1004",10.1152/ajpregu.1984.246.6.r1000,,,,curator_search,curation/work/pkg_B/search_log.md (MOT-BIMAN-001 first_source),MOT-BIMAN-001,false,
R1108,"Gratton G, Coles MGH, Sirevaag EJ, Eriksen CW, Donchin E",1988,Pre- and post-stimulus activation of response channels: a psychophysiological analysis,Journal of Experimental Psychology: Human Perception and Performance 14(3):331-344,10.1037/0096-1523.14.3.331,,,,curator_search,curation/work/pkg_B/search_log.md (MOT-RT-001 first_source),MOT-RT-001,false,
R1109,"DaSalla CS, Kambara H, Sato M, Koike Y",2009,Single-trial classification of vowel speech imagery using common spatial patterns,Neural Networks 22(9):1334-1339,,,,,curator_search,curation/work/pkg_B/search_log.md (IMG-SPI-001 first_source),IMG-SPI-001,false,
R1110,"Yao L, Meng J, Zhang D, Sheng X, Zhu X",2013,Selective sensation based brain-computer interface via mechanical vibrotactile stimulation,PLoS ONE 8(6):e64784,10.1371/journal.pone.0064784,,,,curator_search,curation/work/pkg_B/search_log.md (IMG-SAO-001 first_source),IMG-SAO-001,false,
R1111,"Matsumoto R, Nair DR, LaPresto E, Najm I, Bingaman W, Shibasaki H, Lüders HO",2004,Functional connectivity in the human language system: a cortico-cortical evoked potential study,Brain 127,10.1093/brain/awh246,15269116,,,curator_search,curation/work/pkg_B/search_log.md (STM-CCEP-001 first_source),STM-CCEP-001,false,
R1112,"Sinclair NC, McDermott HJ, Bulluss KJ, Fallon JB, Perera T, Xu SS, Brown P, Thevathasan W",2018,Subthalamic nucleus deep brain stimulation evokes resonant neural activity,Annals of Neurology,,,,,curator_search,curation/work/pkg_B/search_log.md (STM-DBSEP-001 first_source),STM-DBSEP-001,false,
R1113,"Stefan K, Kunesch E, Cohen LG, Benecke R, Classen J",2000,Induction of plasticity in the human motor cortex by paired associative stimulation,Brain 123(Pt 3):572-584,,,,,curator_search,curation/work/pkg_B/search_log.md (STM-PAS-001 first_source),STM-PAS-001,false,
R1114,Dawson GD,1947,Cerebral responses to electrical stimulation of peripheral nerve in man,"Journal of Neurology, Neurosurgery and Psychiatry 10(3)",,,,,curator_search,curation/work/pkg_B/search_log.md (STM-SEP-001 first_source),STM-SEP-001,false,
R1115,"Zaehle T, Rach S, Herrmann CS",2010,Transcranial alternating current stimulation enhances individual alpha activity in human EEG. PLoS ONE 5(11):e13766,,,,,,curator_search,curation/work/pkg_B/search_log.md (STM-TACS-001 first_source),STM-TACS-001,false,
R1116,"Ilmoniemi R, Virtanen J, Ruohonen J, Karhu J, Aronen H, Näätänen R, Katila T",1997,Neuronal responses to magnetic stimulation reveal cortical reactivity and connectivity,Neuroreport 8:3537-3540,,,,,curator_search,curation/work/pkg_B/search_log.md (STM-TEP-001 first_source),STM-TEP-001,false,
R1117,"Legon W, Sato T, Opitz A, Mueller JK, Barbour A, Williams A, Tyler WJ",2014,Transcranial focused ultrasound modulates the activity of primary somatosensory cortex in humans,Nature Neuroscience 17(2):322-329,10.1038/nn.3620,24413698,,,curator_search,curation/work/pkg_B/search_log.md (STM-TUS-001 first_source),STM-TUS-001,false,
R1118,Mayville JM,2000,"Neural correlates of human sensorimotor coordination: EEG, MEG, and functional MRI. Florida Atlantic University (dissertation)",,,,,https://fau.isle.flvc.org/node/53556,curator_search,curation/work/pkg_B/search_log.md (MOT-SMS-001 first_source),MOT-SMS-001,false,
R1119,"Bourguignon M, Piitulainen H, De Tiege X, Jousmaki V, Hari R",2015,Corticokinematic coherence mainly reflects movement-induced proprioceptive feedback,NeuroImage 106:382-390,10.1016/j.neuroimage.2014.11.026,,,https://aaltodoc.aalto.fi/items/8554bd13-c042-4f54-8dcd-2cc10e38cfdb/full,curator_search,curation/work/pkg_B/search_log.md (MOT-PASS-001 first_source),MOT-PASS-001,false,
R1120,"Libet B, Gleason CA, Wright EW, Pearl DK",1983,Time of conscious intention to act in relation to onset of cerebral activity (readiness-potential): the unconscious initiation of a freely voluntary act,Brain 106(3):623-642,10.1093/brain/106.3.623,6640273,,https://pure.psu.edu/en/publications/time-of-conscious-intention-to-act-in-relation-to-onset-of-cerebr/,curator_search,curation/work/pkg_B/search_log.md (MOT-LIBET-001 first_source),MOT-LIBET-001,false,
R1121,"Petit L, Haxby JV",1999,Functional anatomy of pursuit eye movements in humans as revealed by fMRI. Journal of Neurophysiology,,,10400972,,https://neurosynth.org/studies/10400972,curator_search,curation/work/pkg_B/search_log.md (MOT-PURS-001 first_source),MOT-PURS-001,false,
R1122,"Varghese JP, Marlin A, Beyer KB, Staines WR, Mochizuki G, McIlroy WE",2014,Frequency characteristics of cortical activity associated with perturbations to upright stability,Neuroscience Letters 578:33-38,10.1016/j.neulet.2014.06.017,,,https://experts.mcmaster.ca/scholarly-works/270349,curator_search,curation/work/pkg_B/search_log.md (MOT-PERT-001 first_source),MOT-PERT-001,false,
R1123,"Chang C-S, Lo Y-Y, Chen C-L, Lee H-M, Chiang W-C, Li P-C",2019,Alternative motor task-based pattern training with a digital mirror therapy system enhances sensorimotor signal rhythms post-stroke,Frontiers in Neurology 10:1227,10.3389/fneur.2019.01227,,,https://www.frontiersin.org/journals/neurology/articles/10.3389/fneur.2019.01227/pdf,curator_search,curation/work/pkg_B/search_log.md (MOT-MVF-001 first_source),MOT-MVF-001,false,
R1124,"Yakovlev L, Syrov N, Miroshnikov A, Lebedev M, Kaplan A",2023,Event-related desynchronization induced by tactile imagery: an EEG study. eNeuro 10(6):ENEURO.0455-22.2023,,10.1523/ENEURO.0455-22.2023,,,https://www.eneuro.org/content/10/6/ENEURO.0455-22.2023,curator_search,curation/work/pkg_B/search_log.md (IMG-TACT-001 first_source),IMG-TACT-001,false,
R1125,"Djordjevic J, et al",2005,Functional neuroimaging of odor imagery,NeuroImage 24:791-801,,,,https://www.frontiersin.org/journals/human-neuroscience/articles/10.3389/fnhum.2013.00087/full,curator_search,curation/work/pkg_B/search_log.md (IMG-OLF-001 first_source),IMG-OLF-001,false,secondhand
R1126,"Bohning DE, Shastri A, Nahas Z, Lorberbaum JP, Andersen SW, Dannels WR, Haxthausen EU, Vincent DJ, George MS",1998,Echoplanar BOLD fMRI of brain activation induced by concurrent transcranial magnetic stimulation,Investigative Radiology 33(6):336-340,10.1097/00004424-199806000-00004,9647445,,https://experts.umn.edu/en/publications/echoplanar-bold-fmri-of-brain-activation-induced-by-concurrent-tr/,curator_search,curation/work/pkg_B/search_log.md (STM-TMSFMRI-001 first_source),STM-TMSFMRI-001,false,
R1127,"Ventura-Bort C, Wirkner J, Genheimer H, Wendt J, Hamm AO, Weymar M",2018,Effects of transcutaneous vagus nerve stimulation (tVNS) on the P300 and alpha-amylase level: a pilot study,Frontiers in Human Neuroscience 12:202,10.3389/fnhum.2018.00202,,,https://www.frontiersin.org/journals/human-neuroscience/articles/10.3389/fnhum.2018.00202/pdf,curator_search,curation/work/pkg_B/search_log.md (STM-TAVNS-001 first_source),STM-TAVNS-001,false,
R1128,,,Controlling Parkinson's Disease With Adaptive Deep Brain Stimulation,,,,,https://www.ncbi.nlm.nih.gov/pmc/articles/PMC4217393/,curator_search,curation/work/pkg_B/search_log.md (STM-ADBS-001 first_source),STM-ADBS-001,false,
R1129,,,Non-invasive temporal interference electrical stimulation of the human hippocampus,Nature Neuroscience.,,,,https://www.research-collection.ethz.ch/handle/20.500.11850/640045,curator_search,curation/work/pkg_B/search_log.md (STM-TI-001 first_source),STM-TI-001,false,
R1130,"Naito E, Nakashima T, Kito T, Aramaki Y, Okada T, Sadato N",2007,Human limb-specific and non-limb-specific brain representations during kinesthetic illusory movements of the upper and lower extremities,European Journal of Neuroscience 25:3476-3487,10.1111/j.1460-9568.2007.05587.x,,,https://www.nips.ac.jp/fmritms/publications/2007/2007_NaitoE_EurJNeurosci.pdf,curator_search,curation/work/pkg_B/search_log.md (STM-VIB-001 first_source),STM-VIB-001,false,
R1131,"Bense S, Stephan T, Yousry TA, Brandt T, Dieterich M",2001,Multisensory cortical signal increases and decreases during vestibular galvanic stimulation (fMRI),Journal of Neurophysiology,,11160520,,https://neurosynth.org/studies/11160520,curator_search,curation/work/pkg_B/search_log.md (STM-GVS-001 first_source),STM-GVS-001,false,
R1132,"Zrenner C, Desideri D, Belardinelli P, Ziemann U",2018,Real-time EEG-defined excitability states determine efficacy of TMS-induced plasticity in human motor cortex,Brain Stimulation 11(2):374-389,10.1016/j.brs.2017.11.016,,,https://ub01.uni-tuebingen.de/xmlui/handle/10900/95028,curator_search,curation/work/pkg_B/search_log.md (STM-PHTMS-001 first_source),STM-PHTMS-001,false,
R1133,"O'Doherty J, Dayan P, Schultz J, Deichmann R, Friston K, Dolan RJ",2004,Dissociable Roles of Ventral and Dorsal Striatum in Instrumental Conditioning,Science,10.1126/science.1094285,,,,curator_search,curation/work/pkg_C/search_log.md (ERR-INST-001 first_source),ERR-INST-001,false,
R1134,"Rachlin H, et al",1991,Subjective probability and delay,Journal of the Experimental Analysis of Behavior 55:233-244,10.1901/jeab.1991.55-233,,,,curator_search,curation/work/pkg_C/search_log.md (CTL-DD-001 first_source),CTL-DD-001,false,
R1135,Telford CW,1931,The refractory phase of voluntary and associative response,Journal of Experimental Psychology 14:1-35,,,,,curator_search,curation/work/pkg_C/search_log.md (CTL-DT-001 first_source),CTL-DT-001,false,secondhand
R1136,"Grant DA, Berg EA",1948,A behavioral analysis of degree of reinforcement and ease of shifting to new responses in a Weigl-type card sorting problem,Journal of Experimental Psychology 34:404-411,,,,,curator_search,curation/work/pkg_C/search_log.md (CTL-WCST-001 first_source),CTL-WCST-001,false,
R1137,"Penrose LS, Raven JC",1936,A new series of perceptual tests: preliminary communication,British Journal of Medical Psychology,,,,,curator_search,curation/work/pkg_C/search_log.md (CTL-RAVEN-001 first_source),CTL-RAVEN-001,false,secondhand
R1138,"Nassar MR, Wilson RC, Heasly B, Gold JI",2010,An Approximately Bayesian Delta-Rule Model Explains the Dynamics of Belief Updating in a Changing Environment,The Journal of Neuroscience,10.1523/JNEUROSCI.0822-10.2010,20844132,,https://pmc.ncbi.nlm.nih.gov/articles/PMC2945906,curator_search,curation/work/pkg_C/search_log.md (ERR-CHGPT-001 first_source),ERR-CHGPT-001,false,
R1139,"Pizzagalli DA, Jahn AL, O'Shea JP",2005,Toward an objective characterization of an anhedonic phenotype: a signal-detection approach,Biological Psychiatry 57(3):319-327,,,,https://depressioninstitute.uci.edu/wp-content/uploads/sites/37/santesso_ni08.pdf,curator_search,curation/work/pkg_C/search_log.md (ERR-PRT-001 first_source),ERR-PRT-001,false,
R1140,,,Go and no-go learning in reward and punishment: Interactions between affect and effect,,,,,https://www.ncbi.nlm.nih.gov/pmc/articles/PMC3387384/,curator_search,curation/work/pkg_C/search_log.md (ERR-OGNG-001 first_source),ERR-OGNG-001,false,
R1141,,2003,Temporal difference models and reward-related learning in the human brain,Neuron,,,,https://www.qxmd.com/r/12718865,curator_search,curation/work/pkg_C/search_log.md (ERR-APC-001 first_source),ERR-APC-001,false,
R1142,"Gehrke L, Akman S, Lopes P, Chen A, Singh AK, Chen H-T, Lin CT, Gramann K",2019,Detecting visuo-haptic mismatches in virtual reality using the prediction error negativity of event-related brain potentials,"CHI Conference on Human Factors in Computing Systems Proceedings, pp. 427-437",10.1145/3290605.3300657,,,https://lab.plopes.org/published/2019-CHI-EEG.pdf,curator_search,curation/work/pkg_C/search_log.md (ERR-VRPE-001 first_source),ERR-VRPE-001,false,
R1143,,2003,The Multi-Source Interference Task: validation study with fMRI in individual subjects,Molecular Psychiatry 8(1):60-70,10.1038/sj.mp.4001217,12556909,,https://www.nmr.mgh.harvard.edu/node/468,curator_search,curation/work/pkg_C/search_log.md (CTL-MSIT-001 first_source),CTL-MSIT-001,false,
R1144,"Eimer M, Schlaghecken F",1998,Effects of masked stimuli on motor activation: behavioral and electrophysiological evidence,Journal of Experimental Psychology: Human Perception and Performance 24(6):1737-1747,,,,https://wrap.warwick.ac.uk/66051/,curator_search,curation/work/pkg_C/search_log.md (CTL-MRP-001 first_source),CTL-MRP-001,false,
R1145,"Boldt A, Yeung N",2015,Shared neural markers of decision confidence and error detection,Journal of Neuroscience 35:3478-3484,10.1523/JNEUROSCI.0797-14.2015,,,https://www.psy.ox.ac.uk/people/nicholas-yeung/publication_modal/508513,curator_search,curation/work/pkg_C/search_log.md (CTL-CONF-001 first_source),CTL-CONF-001,false,
R1146,"Tom SM, Fox CR, Trepel C, Poldrack RA",2007,The Neural Basis of Loss Aversion in Decision-Making Under Risk,Science,10.1126/science.1134239,,,https://www.citedrive.com/en/discovery/the-neural-basis-of-loss-aversion-in-decision-making-under-risk/,curator_search,curation/work/pkg_C/search_log.md (CTL-MIXG-001 first_source),CTL-MIXG-001,false,
R1147,"Kolling N, Behrens TEJ, Mars RB, Rushworth MFS",2012,Neural mechanisms of foraging,Science 336:95-98,10.1126/science.1216930,,,https://www.psy.ox.ac.uk/people/matthew-rushworth/publication_modal/322703,curator_search,curation/work/pkg_C/search_log.md (CTL-FORAGE-001 first_source),CTL-FORAGE-001,false,
R1148,"Plassmann H, O'Doherty J, Rangel A",2007,Orbitofrontal Cortex Encodes Willingness to Pay in Everyday Economic Transactions,Journal of Neuroscience 27(37):9984-9988,10.1523/JNEUROSCI.2131-07.2007,,,https://authors.library.caltech.edu/records/x2xfk-88n48,curator_search,curation/work/pkg_C/search_log.md (CTL-VBC-001 first_source),CTL-VBC-001,false,
R1149,"Jahanshahi M, Dirnberger G, Fuller R, Frith CD",2000,The role of the dorsolateral prefrontal cortex in random number generation: A study with positron emission tomography,NeuroImage 12:713-725,,,,https://www.ucl.ac.uk/ion/departments/sobell/Research/MJahanshahi/Projects/ResponseSelection,curator_search,curation/work/pkg_C/search_log.md (CTL-RNG-001 first_source),CTL-RNG-001,false,
R1150,"Bunge SA, Wendelken C, Badre D, Wagner AD",2005,Analogical reasoning and prefrontal cortex: evidence for separable retrieval and integration mechanisms,Cerebral Cortex,,15238433,,https://neurosynth.org/studies/15238433,curator_search,curation/work/pkg_C/search_log.md (CTL-ANAL-001 first_source),CTL-ANAL-001,false,
R1151,"Fink A, Grabner RH, Benedek M, Reishofer G, Hauswirth V, Fally M, et al",2009,The creative brain: Investigation of brain activity during creative problem solving by means of EEG and fMRI. Human Brain Mapping 30:734-748,,,,,https://link.springer.com/article/10.3758/s13415-016-0465-9,curator_search,curation/work/pkg_C/search_log.md (CTL-AUT-001 first_source),CTL-AUT-001,false,
R1152,"Hsu M, Bhatt M, Adolphs R, Tranel D, Camerer CF",2005,Neural Systems Responding to Degrees of Uncertainty In Human Decision Making,Science,,,,https://neuroecon.berkeley.edu/papers/papers_files/Hsu_Science_2005.html,curator_search,curation/work/pkg_C/search_log.md (CTL-AMBIG-001 first_source),CTL-AMBIG-001,false,
R1153,"Goel V, Buchel C, Frith C, Dolan RJ",2000,Dissociation of mechanisms underlying syllogistic reasoning,NeuroImage 12:504-514,,,,https://montilab.psych.ucla.edu/wp-content/uploads/sites/49/2015/11/Monti_etal_07_Deductive_Inference_NeuroImage_withAppendix.pdf,curator_search,curation/work/pkg_C/search_log.md (CTL-SYLL-001 first_source),CTL-SYLL-001,false,
R1154,Kirchner WK,1958,Age differences in short-term retention of rapidly changing information,Journal of Experimental Psychology 55(4),10.1037/h0043688,13539317,,https://en.wikipedia.org/wiki/N-back,curator_search,curation/work/pkg_D/search_log.md (MEM-NBK-001 first_source),MEM-NBK-001,false,
R1155,Murdock BB,1962,The serial position effect of free recall,Journal of Experimental Psychology 64(5),,,,https://en.wikipedia.org/wiki/Free_recall,curator_search,curation/work/pkg_D/search_log.md (MEM-FR-001 first_source),MEM-FR-001,false,
R1156,"Griffin IC, Nobre AC",2003,Orienting attention to locations in internal representations,Journal of Cognitive Neuroscience 15(8),,,,https://read.qxmd.com/read/14709235/orienting-attention-to-locations-in-internal-representations,curator_search,curation/work/pkg_D/search_log.md (MEM-RC-001 first_source),MEM-RC-001,false,
R1157,"Paller KA, Kutas M, Mayes AR",1987,Neural correlates of encoding in an incidental paradigm,Electroencephalography and Clinical Neurophysiology 67,,,,https://faculty.wcas.northwestern.edu/paller/Psychophysiol87.pdf,curator_search,curation/work/pkg_D/search_log.md (MEM-SME-001 first_source),MEM-SME-001,false,
R1158,Jacobs J,1887,Experiments on 'prehension',Mind os-12(45),,,,https://support.gorilla.sc/support/educational-resources/classic-psychology-tasks/digit-span,curator_search,curation/work/pkg_D/search_log.md (MEM-DS-001 first_source),MEM-DS-001,false,
R1159,"Anderson MC, Bjork RA, Bjork EL",1994,Remembering can cause forgetting: Retrieval dynamics in long-term memory,"Journal of Experimental Psychology: Learning, Memory, and Cognition 20(5)",,,,https://bjorklab.psych.ucla.edu/wp-content/uploads/sites/13/2016/07/Anderson_RBjork_EBjork_1994.pdf,curator_search,curation/work/pkg_D/search_log.md (MEM-RIF-001 first_source),MEM-RIF-001,false,
R1160,"Farwell LA, Donchin E",1991,The truth will out: Interrogative polygraphy ('lie detection') with event-related brain potentials,Psychophysiology 28(5),10.1111/j.1469-8986.1991.tb01990.x,,,https://digitalcommons.usf.edu/psy_facpub/311,curator_search,curation/work/pkg_D/search_log.md (MEM-CIT-001 first_source),MEM-CIT-001,false,
R1161,"Ding N, Melloni L, Zhang H, Tian X, Poeppel D",2016,Cortical tracking of hierarchical linguistic structures in connected speech,Nature Neuroscience 19(1),10.1038/nn.4186,,,https://pure.mpg.de/pubman/item/item_2375635_5,curator_search,curation/work/pkg_D/search_log.md (LAN-HIER-001 first_source),LAN-HIER-001,false,
R1162,"Fedorenko E, Hsieh PJ, Nieto-Castanon A, Whitfield-Gabrieli S, Kanwisher N",2010,New method for fMRI investigations of language: defining ROIs functionally in individual subjects,Journal of Neurophysiology,,20410363,,https://neurosynth.org/studies/20410363,curator_search,curation/work/pkg_D/search_log.md (LAN-LOC-001 first_source),LAN-LOC-001;LAN-LOC-002,false,
R1163,"Dimigen O, Sommer W, Hohlfeld A, Jacobs AM, Kliegl R",2011,Coregistration of eye movements and EEG in natural reading: analyses and review,Journal of Experimental Psychology: General 140(4),10.1037/a0023885,,,https://research.rug.nl/en/publications/coregistration-of-eye-movements-and-eeg-in-natural-reading-analys/,curator_search,curation/work/pkg_D/search_log.md (LAN-READ-001 first_source),LAN-READ-001,false,
R1164,,,Brain potentials indicate immediate use of prosodic cues in natural speech processing,,,,,https://www.nature.com/articles/nn0299_191,curator_search,curation/work/pkg_D/search_log.md (LAN-CPS-001 first_source),LAN-CPS-001;LAN-CPS-002,false,
R1165,,,Language-specific tuning of visual cortex? Functional properties of the Visual Word Form Area,,,11960895,,https://pubmed.ncbi.nlm.nih.gov/11960895/,curator_search,curation/work/pkg_D/search_log.md (LAN-VWFA-001 first_source),LAN-VWFA-001,false,
R1166,,,Statistical learning by 8-month-old infants,,,8943209,,https://pubmed.ncbi.nlm.nih.gov/8943209/,curator_search,curation/work/pkg_D/search_log.md (LAN-SL-001 first_source),LAN-SL-001,false,
R1167,,,Speaking modifies voice-evoked activity in the human auditory cortex,,,10770228,,https://pubmed.ncbi.nlm.nih.gov/10770228/,curator_search,curation/work/pkg_D/search_log.md (LAN-SIS-001 first_source),LAN-SIS-001;LAN-SIS-002,false,
R1168,,,Lateralized human brain language systems demonstrated by task subtraction functional magnetic resonance imaging,,,7763208,,https://pubmed.ncbi.nlm.nih.gov/7763208/,curator_search,curation/work/pkg_D/search_log.md (LAN-SEMD-001 first_source),LAN-SEMD-001,false,
R1169,,,Categorical speech representation in human superior temporal gyrus,,,20890293,,https://pubmed.ncbi.nlm.nih.gov/20890293/,curator_search,curation/work/pkg_D/search_log.md (LAN-PCAT-001 first_source),LAN-PCAT-001,false,
R1170,"Paulmann S, Kotz SA",2008,Early emotional prosody perception based on different speaker voices,NeuroReport 19(2):209-213,10.1097/wnr.0b013e3282f454db,,,,curator_search,curation/work/pkg_E/search_log.md (EMO-SOUND-001 first_source),EMO-SOUND-001,false,
R1171,Eisenberger et al,2003,Does rejection hurt? An fMRI study of social exclusion,,,14551436,,,curator_search,curation/work/pkg_E/search_log.md (SOC-CYB-001 first_source),SOC-CYB-001,false,
R1172,"Kelso JAS, Tognoli E, Lagarde J, Deguzman GC",,The phi complex as a neuromarker of human social coordination,Proceedings Of The National Academy Of Sciences 104:8190-8195.,,,,,curator_search,curation/work/pkg_E/search_log.md (SOC-JA-001 first_source),SOC-JA-001,false,
R1173,"Keenan JP, Nelson A, O'Connor M, Pascual-Leone A",2001,Self-recognition and the right hemisphere,Nature 409(6818):305,10.1038/35053167,,,,curator_search,curation/work/pkg_E/search_log.md (SOC-SELF-001 first_source),SOC-SELF-001,false,
R1174,,2004,Third party punishment and social norms,Evolution and Human Behavior 25:63-87,,,,,curator_search,curation/work/pkg_E/search_log.md (SOC-TPP-001 first_source),SOC-TPP-001,false,
R1175,"David N, Bewernick BH, Cohen MX, Newen A, Lux S, Fink GR, Shah NJ, Vogeley K",2006,Neural representations of self versus other: visual-spatial perspective taking and agency in a virtual ball-tossing game,J Cognitive Neurosci 18(6):898-910,10.1162/jocn.2006.18.6.898,16839298,,,curator_search,curation/work/pkg_E/search_log.md (SOC-VPT-001 first_source),SOC-VPT-001,false,
R1176,"Lin CT, Wu RC, Liang SF, Chao WH, Chen YJ, Jung TP",2005,EEG-based drowsiness estimation for safety driving using independent component analysis,IEEE Transactions on Circuits and Systems I: Regular Papers 52(12):2726-2738,10.1109/TCSI.2005.857555,,,,curator_search,curation/work/pkg_E/search_log.md (STA-DRV-001 first_source),STA-DRV-001,false,
R1177,"Birbaumer N, Ghanayim N, Hinterberger T, Iversen I, Kotchoubey B, Kübler A, Perelmouter J, Taub E, Flor H",1999,A spelling device for the paralysed,Nature 398(6725):297-298,10.1038/18581,,,,curator_search,curation/work/pkg_E/search_log.md (STA-SCP-001 first_source),STA-SCP-001;STA-SCP-002,false,
R1178,"Dmochowski JP, Sajda P, Dias J, Parra LC",2012,Correlated Components of Ongoing EEG Point to Emotionally Laden Attention – A Possible Marker of Engagement? Frontiers in Human Neuroscience 6,,10.3389/fnhum.2012.00112,22623915,,,curator_search,curation/work/pkg_E/search_log.md (STA-ENG-001 first_source),STA-ENG-001,false,
R1179,"Hirai T, Kasamatsu A",1973,An Electroencephalographic Study on the Zen Meditation Zazen,Journal of the American Institute of Hypnosis 14(3):107-114,,,,,curator_search,curation/work/pkg_E/search_log.md (STA-MED-001 first_source),STA-MED-001,false,
R1180,,1968,"Rechtschaffen A, Kales A (eds)","A manual of standardized terminology, techniques and scoring system for sleep stages of human subjects. U.S. Dept. of Health, Education, and Welfare, Bethesda, Md",,,,,curator_search,curation/work/pkg_E/search_log.md (STA-SLP-001 first_source),STA-SLP-001,false,
R1181,"Kissler J, Herbert C, Peyk P, Junghofer M",2007,Buzzwords: early cortical responses to emotional words during reading,Psychological Science 18(6),10.1111/j.1467-9280.2007.01924.x,,,https://www.psychologicalscience.org/journals/psychological-science/j.1467-9280.2007.01924.x/,curator_search,curation/work/pkg_E/search_log.md (EMO-WORD-001 first_source),EMO-WORD-001,false,
R1182,"Alvarez RP, Chen G, Bodurka J, Kaplan R, Grillon C",2011,Phasic and sustained fear in humans elicits distinct patterns of brain activity,NeuroImage,,21111828,,https://neurosynth.org/studies/21111828,curator_search,curation/work/pkg_E/search_log.md (EMO-THREAT-001 first_source),EMO-THREAT-001,false,
R1183,Olausson H et al,2002,Unmyelinated tactile afferents signal touch and project to insular cortex,Nature Neuroscience,10.1038/nn896,,,https://link.springer.com/article/10.1038/news020722-12,curator_search,curation/work/pkg_E/search_log.md (EMO-TOUCH-001 first_source),EMO-TOUCH-001,false,
R1184,"Mobbs D, Greicius MD, Abdel-Azim E, Menon V, Reiss AL",2003,Humor modulates the mesolimbic reward centers,Neuron,,14659102,,https://neurosynth.org/studies/14659102,curator_search,curation/work/pkg_E/search_log.md (EMO-HUMOR-001 first_source),EMO-HUMOR-001,false,
R1185,"Berlad I, Pratt H",1995,P300 in response to subject's own name,Electroencephalogr Clin Neurophysiol 96:472-474,10.1016/0168-5597(95)00116-a,,,https://www.frontiersin.org/journals/human-neuroscience/articles/10.3389/fnhum.2014.00194/full,curator_search,curation/work/pkg_E/search_log.md (SOC-NAME-001 first_source),SOC-NAME-001;SOC-NAME-002,false,
R1186,"Greene J, Sommerville B, Nystrom L, Darley J, Cohen J",2001,An fMRI Investigation of Emotional Engagement in Moral Judgment,Science 293(5537):2105-2108,10.1126/science.1062872,11557895,,https://nystrom.scholar.princeton.edu/bibcite/export/bibtex/bibcite_reference/91,curator_search,curation/work/pkg_E/search_log.md (SOC-MORAL-001 first_source),SOC-MORAL-001,false,
R1187,"Klucharev V, Hytönen K, Rijpkema M, Smidts A, Fernandez G",2009,Reinforcement Learning Signal Predicts Social Conformity,Neuron 61(1):140-151,10.1016/j.neuron.2008.11.027,19146819,,https://repub.eur.nl/pub/15056,curator_search,curation/work/pkg_E/search_log.md (SOC-CONF-001 first_source),SOC-CONF-001,false,
R1188,"Somerville LH, Heatherton TF, Kelley WM",2006,Anterior cingulate cortex responds differentially to expectancy violation and social rejection,Nature Neuroscience 9:1007-1008,10.1038/nn1728,,,https://www.nature.com/articles/nn1728,curator_search,curation/work/pkg_E/search_log.md (SOC-SFB-001 first_source),SOC-SFB-001,false,
R1189,"Castelli F, Happé F, Frith U, Frith C",2000,Movement and Mind: A Functional Imaging Study of Perception and Interpretation of Complex Intentional Movement Patterns,,,10944414,,https://iris.unipv.it/handle/11571/1511996,curator_search,curation/work/pkg_E/search_log.md (SOC-ANIM-001 first_source),SOC-ANIM-001,false,
R1190,"Ito TA, Urland GR",2003,Race and gender on the brain: Electrocortical measures of attention to the race and gender of multiply categorizable individuals,Journal of Personality and Social Psychology 85(4):616-626,,14561116,,https://experts.colorado.edu/display/pubid_52678,curator_search,curation/work/pkg_E/search_log.md (SOC-RACE-001 first_source),SOC-RACE-001,false,
R1191,"Hirsch J, Zhang X, Noah JA, Ono Y",2017,Frontal temporal and parietal systems synchronize within and across brains during live eye-to-eye contact,NeuroImage 157:314-330,10.1016/j.neuroimage.2017.06.018,,,https://discovery-pp.ucl.ac.uk/id/eprint/10064566,curator_search,curation/work/pkg_E/search_log.md (SOC-EYE-001 first_source),SOC-EYE-001,false,
R1192,"Ngo HVV, Martinetz T, Born J, Mölle M",2013,Auditory closed-loop stimulation of the sleep slow oscillation enhances memory,Neuron 78(3):545-553,10.1016/j.neuron.2013.03.006,,,https://research.uni-luebeck.de/en/publications/auditory-closed-loop-stimulation-of-the-sleep-slow-oscillation-en/,curator_search,curation/work/pkg_E/search_log.md (STA-CLAS-001 first_source),STA-CLAS-001,false,
R1193,"Siclari F, Baird B, Perogamvros L, Bernardi G, LaRocque JJ, Riedner B, Boly M, Postle BR, Tononi G",2017,The neural correlates of dreaming,Nature Neuroscience 20(6):872-878,10.1038/nn.4545,28394322,,https://archive-ouverte.unige.ch/unige:96505,curator_search,curation/work/pkg_E/search_log.md (STA-DREAM-001 first_source),STA-DREAM-001,false,
R1194,"Carhart-Harris RL, Muthukumaraswamy S, Roseman L, Kaelen M, Droog W, et al",2016,Neural correlates of the LSD experience revealed by multimodal neuroimaging,Proceedings of the National Academy of Sciences 113(17):4853-4858,10.1073/pnas.1518377113,,,https://orca.cardiff.ac.uk/id/eprint/95413/,curator_search,curation/work/pkg_E/search_log.md (STA-PSY-001 first_source),STA-PSY-001,false,
R1195,Spiegel DR et al,2017,Brain Activity and Functional Connectivity Associated with Hypnosis,Cerebral Cortex 27(8):4083-4093,,,,https://researchers.evms.edu/display/pub27469596,curator_search,curation/work/pkg_E/search_log.md (STA-HYPN-001 first_source),STA-HYPN-001,false,
R1196,,,Oscillatory delta and theta frequencies differentially support multiple items encoding to optimize memory performance during the digit span task,,,36167270,,https://pubmed.ncbi.nlm.nih.gov/36167270/,curator_search,curation/work/pkg_D/new_leads.csv DN06 (WebSearch #28),MEM-DS-001;MEM-DS-002,false,
R1197,,,Assessment of working memory abilities using an event-related brain potential (ERP)-compatible digit span backward task,,,15908268,,https://pubmed.ncbi.nlm.nih.gov/15908268/,curator_search,curation/work/pkg_D/new_leads.csv DN07 (WebSearch #28),MEM-DS-001;MEM-DS-002,false,
R1198,,,"Paired Associate Learning Task (Cognitive Atlas task entry; states the task was 'invented by Mary Whiton Calkins in 1894', no bibliographic record)",,,,,https://cognitiveatlas.org/task/id/trm_4da88a2a63d97/,curator_search,curation/work/pkg_D/new_leads.csv DN11 (WebSearch #26 + WebFetch of Cognitive Atlas page),MEM-PA-001,false,
R1199,"Wimber M, Alink A, Charest I, Kriegeskorte N, Anderson MC",2015,Retrieval induces adaptive forgetting of competing memories via cortical pattern suppression,Nature Neuroscience,,25774450,,https://neuinfo.org/literature/pmid:25774450?rpKey=on,curator_search,curation/work/pkg_D/new_leads.csv DN12 (WebSearch #1 + WebFetch of NIF record),MEM-RIF-001,false,
R1200,,,Neural Markers of Inhibition in Human Memory Retrieval,,,,,https://pred.uni-regensburg.de/id/eprint/29935/,curator_search,curation/work/pkg_D/new_leads.csv DN13 (WebSearch #1),MEM-RIF-001,false,
R1201,"Jonides J, Nee DE",2006,Brain mechanisms of proactive interference in working memory,Neuroscience 139,10.1016/j.neuroscience.2005.06.042,,,https://www.ocf.berkeley.edu/~denee/assets/jonidesneeneurosci2006.pdf,curator_search,curation/work/pkg_D/new_leads.csv DN15 (WebSearch #2 + WebFetch of author PDF (states the paradigm is due originally to Monsell 1978)),MEM-RPT-001,false,
R1202,"Gamer M, Berti S",2012,P300 amplitudes in the concealed information test are less affected by depth of processing than electrodermal responses,Frontiers in Human Neuroscience,10.3389/fnhum.2012.00308,,,https://www.frontiersin.org/journals/human-neuroscience/articles/10.3389/fnhum.2012.00308/pdf,curator_search,curation/work/pkg_D/new_leads.csv DN16 (WebSearch #3 + WebFetch),MEM-CIT-001,false,
R1203,,,Contributions of Episodic Memory to Imagining the Future,,,,,https://sites.harvard.edu/schacter-memory/files/2022/09/Contributions-of-Episodic-Memory-to-Imagining-the-Future.pdf,curator_search,curation/work/pkg_D/new_leads.csv DN19 (WebSearch #4),MEM-EFT-001,false,
R1204,,,Motivated Memories: Effects of Reward and Recollection in the Core Recollection Network and Beyond,,,24872520,,https://pubmed.ncbi.nlm.nih.gov/24872520/,curator_search,curation/work/pkg_D/new_leads.csv DN20 (WebSearch #5),MEM-RMEM-001,false,
R1205,,,Contextual interaction between novelty and reward processing within the mesolimbic system,,,21520353,,https://pubmed.ncbi.nlm.nih.gov/21520353,curator_search,curation/work/pkg_D/new_leads.csv DN21 (WebSearch #5),MEM-RMEM-001,false,
R1206,,,Neural Correlates of Repetition Priming: A Coordinate-Based Meta-Analysis of fMRI Studies,,,33192395,,https://pubmed.ncbi.nlm.nih.gov/33192395/,curator_search,curation/work/pkg_D/new_leads.csv DN22 (WebSearch #6),MEM-RPRIM-001,false,
R1207,,,Sparing of perceptual implicit memory despite suppression of the electrophysiological word repetition effect: a study with general anesthetic isoflurane,,,15351383,,https://pubmed.ncbi.nlm.nih.gov/15351383/,curator_search,curation/work/pkg_D/new_leads.csv DN23 (WebSearch #6),MEM-RPRIM-001,false,
R1208,,,Neural response suppression predicts repetition priming of spoken words and pseudowords,,,16859411,,https://pubmed.ncbi.nlm.nih.gov/16859411/,curator_search,curation/work/pkg_D/new_leads.csv DN24 (WebSearch #6),MEM-RPRIM-001,false,
R1209,,,Adaptive visual working memory: Expecting a delayed estimation task enhances visual working memory precision,,,36355704,,https://pubmed.ncbi.nlm.nih.gov/36355704,curator_search,curation/work/pkg_D/new_leads.csv DN25 (WebSearch #16),MEM-CD-001;MEM-CD-002,false,
R1210,,,Contralateral Delay Activity Tracks Fluctuations in Working Memory Performance,,,29308988,,https://pubmed.ncbi.nlm.nih.gov/29308988,curator_search,curation/work/pkg_D/new_leads.csv DN26 (WebSearch #16),MEM-CD-001;MEM-CD-002;MEM-CD-003,false,
R1211,,,Role of inhibition in language switching: evidence from event-related brain potentials in overt picture naming,,,19084830,,https://pubmed.ncbi.nlm.nih.gov/19084830/,curator_search,curation/work/pkg_D/new_leads.csv DN27 (WebSearch #7),LAN-SWITCH-001;LAN-SWITCH-002,false,
R1212,,,ERP correlates of a receptive language-switching task,,,14742175,,https://pubmed.ncbi.nlm.nih.gov/14742175/,curator_search,curation/work/pkg_D/new_leads.csv DN28 (WebSearch #7),LAN-SWITCH-001;LAN-SWITCH-002,false,
R1213,,,"Prosodic boundaries, comma rules, and brain responses: the closure positive shift in ERPs as a universal marker for prosodic phrasing in listeners and readers",,,11523275,,https://pubmed.ncbi.nlm.nih.gov/11523275/,curator_search,curation/work/pkg_D/new_leads.csv DN30 (WebSearch #8),LAN-CPS-001;LAN-CPS-002,false,
R1214,,,"Fast, visual specialization for reading in English revealed by the topography of the N170 ERP response",,,16091138,,https://pubmed.ncbi.nlm.nih.gov/16091138/,curator_search,curation/work/pkg_D/new_leads.csv DN32 (WebSearch #9),LAN-VWFA-001,false,
R1215,,,The relationship between neural phase entrainment and statistical word-learning: A scoping review,,,38062317,,https://pubmed.ncbi.nlm.nih.gov/38062317/,curator_search,curation/work/pkg_D/new_leads.csv DN34 (WebSearch #10),LAN-SL-001,false,
R1216,,,How iconic gestures enhance communication: an ERP study,,,17222897,,https://pubmed.ncbi.nlm.nih.gov/17222897/,curator_search,curation/work/pkg_D/new_leads.csv DN35 (WebSearch #11),LAN-GEST-001,false,
R1217,,,The role of synchrony and ambiguity in speech-gesture integration during comprehension,,,20201632,,https://pubmed.ncbi.nlm.nih.gov/20201632/,curator_search,curation/work/pkg_D/new_leads.csv DN36 (WebSearch #11),LAN-GEST-001,false,
R1218,,,Implicit and explicit mechanisms of word learning in a narrative context: an event-related potential study,,,21452941,,https://pubmed.ncbi.nlm.nih.gov/21452941/,curator_search,curation/work/pkg_D/new_leads.csv DN37 (WebSearch #12),LAN-NWL-001,false,
R1219,,,Rapid acquisition of novel written word-forms: ERP evidence,,,33267883,,https://pubmed.ncbi.nlm.nih.gov/33267883/,curator_search,curation/work/pkg_D/new_leads.csv DN38 (WebSearch #12),LAN-NWL-001,false,
R1220,,,Modulation of the auditory cortex during speech: an MEG study,,,12495520,,https://pubmed.ncbi.nlm.nih.gov/12495520/,curator_search,curation/work/pkg_D/new_leads.csv DN40 (WebSearch #13),LAN-SIS-001;LAN-SIS-002,false,
R1221,,,Human brain language areas identified by functional magnetic resonance imaging,,,8987760,,https://pubmed.ncbi.nlm.nih.gov/8987760/,curator_search,curation/work/pkg_D/new_leads.csv DN42 (WebSearch #14),LAN-SEMD-001,false,
R1222,,,Phonetic feature encoding in human superior temporal gyrus,,,24482117,,https://pubmed.ncbi.nlm.nih.gov/24482117/,curator_search,curation/work/pkg_D/new_leads.csv DN44 (WebSearch #15),LAN-PCAT-001,false,
R1223,,,Cerebral organization for language in deaf and hearing subjects: Biological constraints and effects of experience,PNAS 95(3),10.1073/pnas.95.3.922,,,http://www.pnas.org/content/95/3/922.full,curator_search,curation/work/pkg_D/new_leads.csv DN45 (WebSearch #22 (DOI visible in result URL)),LAN-SC-001;LAN-SC-002,false,
R1224,,,Sign and speech: amodal commonality in left hemisphere dominance for comprehension of sentences,,,15728651,,https://pubmed.ncbi.nlm.nih.gov/15728651/,curator_search,curation/work/pkg_D/new_leads.csv DN46 (WebSearch #22),LAN-SC-001;LAN-SC-002,false,
R1225,"Czigler I, Kojouharova P",2022,Visual Mismatch Negativity: A Mini-Review of Non-pathological Studies With Special Populations and Stimuli,Frontiers in Human Neuroscience,,,PMC8888690,https://pmc.ncbi.nlm.nih.gov/articles/PMC8888690,curator_search,"curation/work/pkg_A/new_candidates.csv (PER-VMMN-001; web_search;web_fetch (2026-10-03, see search_log.md SA01, SA)",PER-VMMN-001,false,
R1226,,,Predicting the unpredicted … brain response: A systematic review of the feature-related visual mismatch negativity (vMMN) and the experimental parameters that affect it,,,,PMC11867396,https://www.ncbi.nlm.nih.gov/pmc/articles/PMC11867396/,curator_search,"curation/work/pkg_A/new_candidates.csv (PER-VMMN-001; web_search;web_fetch (2026-10-03, see search_log.md SA01, SA)",PER-VMMN-001,false,
R1227,,,Visual Mismatch Negativity (vMMN): A review and meta-analysis of studies in psychiatric and neurological disorders,,,,,https://jyx.jyu.fi/handle/123456789/50646,curator_search,"curation/work/pkg_A/new_candidates.csv (PER-VMMN-001; web_search;web_fetch (2026-10-03, see search_log.md SA01, SA)",PER-VMMN-001,false,
R1228,,,"(DOI only, title not recorded: 10.3389/fnhum.2021.781234)",,10.3389/fnhum.2021.781234,,,,curator_search,"curation/work/pkg_A/new_candidates.csv (PER-VMMN-001; web_search;web_fetch (2026-10-03, see search_log.md SA01, SA)",PER-VMMN-001,false,
R1229,,,Middle Latency Response Study of Auditory Evoked Potentials' Amplitudes and Lantencies Audiologically Normal Individuals,,,,PMC9443569,https://www.ncbi.nlm.nih.gov/pmc/articles/PMC9443569/,curator_search,"curation/work/pkg_A/new_candidates.csv (PER-MLR-001; web_search;web_fetch (2026-10-03, see search_log.md SA09))",PER-MLR-001,false,
R1230,,,Kraus Smith McGee 1988 (PDF; title not shown in result),,,,,https://brainvolts.northwestern.edu/wp-content/uploads/boxtrx/Kraus_Smith_McGee_1988.pdf,curator_search,"curation/work/pkg_A/new_candidates.csv (PER-MLR-001; web_search;web_fetch (2026-10-03, see search_log.md SA09))",PER-MLR-001,false,
R1231,,,Scherg: The Sources of Auditory Evoked Responses (PDF),,,,,https://www.besa.de/wp-content/uploads/2023/09/Scherg_The-Sources-of-Auditory-Evoked-Responses.pdf,curator_search,"curation/work/pkg_A/new_candidates.csv (PER-MLR-001; web_search;web_fetch (2026-10-03, see search_log.md SA09))",PER-MLR-001,false,
R1232,,,Acoustic Change Complex (ACC) using Speech and Non-Speech Stimuli in Normal Hearing Children,,,,,https://research.asu.edu.eg/handle/123456789/176188,curator_search,"curation/work/pkg_A/new_candidates.csv (PER-ACC-001; web_search;web_fetch (2026-10-03, see search_log.md SA10))",PER-ACC-001,false,
R1233,,,Developmental changes in distinguishing concurrent auditory objects,,,,,https://cris.maastrichtuniversity.nl/en/publications/developmental-changes-in-distinguishing-concurrent-auditory-objec/,curator_search,"curation/work/pkg_A/new_candidates.csv (PER-ORN-001; web_search;web_fetch (2026-10-03, see search_log.md SA11))",PER-ORN-001,false,
R1234,,,Gustatory evoked cortical activity in humans in response to saccharin stimuli,,,,,https://hal.inrae.fr/hal-02743419,curator_search,"curation/work/pkg_A/new_candidates.csv (PER-GEP-001; web_search;web_fetch (2026-10-03, see search_log.md SA13))",PER-GEP-001,false,
R1235,,,Preference for Sucrose Solutions Modulates Taste Cortical Activity in Humans,,,,,https://prodinra.inra.fr/record/375315,curator_search,"curation/work/pkg_A/new_candidates.csv (PER-GEP-001; web_search;web_fetch (2026-10-03, see search_log.md SA13))",PER-GEP-001,false,
R1236,,,Cerebral gustatory activation in response to free fatty acids using gustatory evoked potentials in humans,,,,,https://prodinra.inra.fr/record/456566,curator_search,"curation/work/pkg_A/new_candidates.csv (PER-GEP-001; web_search;web_fetch (2026-10-03, see search_log.md SA13))",PER-GEP-001,false,
R1237,,,The electrophysiological response to visual symmetry: beyond the retinal image,,,,,https://livrepository.liverpool.ac.uk/3193430/,curator_search,"curation/work/pkg_A/new_candidates.csv (PER-SPN-001; web_search;web_fetch (2026-10-03, see search_log.md SA14))",PER-SPN-001,false,
R1238,,,Neural processing of illusory and real contours revealed by high-density ERP mapping,,,,,https://cris.haifa.ac.il/en/publications/neural-processing-of-illusory-and-real-contours-revealed-by-high-/,curator_search,"curation/work/pkg_A/new_candidates.csv (PER-IC-001; web_search;web_fetch (2026-10-03, see search_log.md SA15))",PER-IC-001,false,
R1239,,,Differential neural mechanisms underlying inhibition of color and … (title truncated in result),,,,,https://research.vu.nl/en/publications/differential-neural-mechanisms-underlying-inhibition-of-color-and/,curator_search,"curation/work/pkg_A/new_candidates.csv (PER-ADDS-001; web_search;web_fetch (2026-10-03, see search_log.md SA16))",PER-ADDS-001,false,
R1240,,,No electrophysiological evidence for semantic processing during inattentional blindness,,,,,https://openresearch-repository.anu.edu.au/entities/publication/0af41057-54bb-419e-b5ae-ea990b6ef267,curator_search,"curation/work/pkg_A/new_candidates.csv (PER-IB-001; web_search;web_fetch (2026-10-03, see search_log.md SA17))",PER-IB-001,false,
R1241,,,Differential effects of awareness and task relevance on early and late ERPs in a no-report visual oddball paradigm,,,,,https://cris-portal.uni-muenster.de/portal/de/publication/77963304,curator_search,"curation/work/pkg_A/new_candidates.csv (PER-IB-001; web_search;web_fetch (2026-10-03, see search_log.md SA17))",PER-IB-001,false,
R1242,,,An EEG study of detection without localisation in change blindness,,,,PMC6751272,https://www.ncbi.nlm.nih.gov/pmc/articles/PMC6751272/,curator_search,"curation/work/pkg_A/new_candidates.csv (PER-CB-001; web_search;web_fetch (2026-10-03, see search_log.md SA18))",PER-CB-001,false,
R1243,,,Modulation of respiratory-related sensory-evoked potentials in humans by voluntary breathing,,,,,https://www.physoc.org/?p=64697,curator_search,"curation/work/pkg_A/new_candidates.csv (PER-RREP-001; web_search;web_fetch (2026-10-03, see search_log.md SA19))",PER-RREP-001,false,
R1244,,,Cortical sources of the respiratory-related evoked potential (title from URL),,,,,https://fis.uke.de/portal/de/publications/cortical-sources-of-the-respiratoryrelated-evoked-potential(88353080-45c5-49f2-a88b-3921f404946d)/export.html,curator_search,"curation/work/pkg_A/new_candidates.csv (PER-RREP-001; web_search;web_fetch (2026-10-03, see search_log.md SA19))",PER-RREP-001,false,
R1245,,,Human Voice Areas (Edinburgh Imaging image databank),,,,,https://clinical-sciences.ed.ac.uk/edinburgh-imaging/research/analysis-and-processing/image-databanks/human-voice-areas,curator_search,"curation/work/pkg_A/new_candidates.csv (PER-VOICE-001; web_search;web_fetch (2026-10-03, see search_log.md SA20))",PER-VOICE-001,false,
R1246,,,The human voice areas: Spatial organisation and inter-individual variability in temporal and extra-temporal cortices,,,,,https://research.bangor.ac.uk/portal/cy/researchoutputs/the-human-voice-areas-spatial-organisation-and-interindividual-variability-in-temporal-and-extratemporal-cortices(331279f1-b975-446b-af15-88e67b08bb0f).html,curator_search,"curation/work/pkg_A/new_candidates.csv (PER-VOICE-001; web_search;web_fetch (2026-10-03, see search_log.md SA20))",PER-VOICE-001,false,
R1247,,,Body selectivity in occipitotemporal cortex: Causal evidence,,,,,https://research.bangor.ac.uk/portal/en/researchoutputs/body-selectivity-in-occipitotemporal-cortex-causal-evidence(13dcfb72-cfce-4bad-a3c0-25955c6398dd)/export.html,curator_search,"curation/work/pkg_A/new_candidates.csv (PER-BODY-001; web_search;web_fetch (2026-10-03, see search_log.md SA21))",PER-BODY-001,false,
R1248,,,Exploration of nociceptive and non-nociceptive cortical processing with steady-state evoked potentials,,,,,https://research.dial.uclouvain.be/entities/publication/dcc35493-565e-4cf1-a956-017d9b554f7d,curator_search,"curation/work/pkg_A/new_candidates.csv (SSR-NSSEP-001; web_search;web_fetch (2026-10-03, see search_log.md SA23, SA)",SSR-NSSEP-001,false,
R1249,,,eNeuro article ENEURO.0471-20.2021 (title not shown in result),,,,,https://www.eneuro.org/content/8/3/ENEURO.0471-20.2021,curator_search,"curation/work/pkg_A/new_candidates.csv (SSR-FPAS-001; web_search;web_fetch (2026-10-03, see search_log.md SA24, SA)",SSR-FPAS-001,false,
R1250,,,Local entrainment of alpha oscillations by visual stimuli causes … (title truncated in result),,,,,https://research.birmingham.ac.uk/en/publications/local-entrainment-of-alpha-oscillations-by-visual-stimuli-causes-,curator_search,"curation/work/pkg_A/new_candidates.csv (SSR-RVS-001; web_search;web_fetch (2026-10-03, see search_log.md SA25))",SSR-RVS-001,false,
R1251,,2019,Differential contributions of the two human cerebral hemispheres to action timing. eLife,,,,,https://doaj.org/article/afba5d3ff67e4742bd761927dc93b1a2,curator_search,curation/work/pkg_B/new_candidates.csv (MOT-SMS-001; web_search;web_fetch),MOT-SMS-001,false,
R1252,"Royet JP, Delon-Martin C, Plailly J",2013,Odor mental imagery in non-experts in odors: a paradox? Frontiers in Human Neuroscience,,10.3389/fnhum.2013.00087,,,https://www.frontiersin.org/journals/human-neuroscience/articles/10.3389/fnhum.2013.00087/full,curator_search,curation/work/pkg_B/new_candidates.csv (IMG-OLF-001; web_search;web_fetch),IMG-OLF-001,false,
R1253,,,Transcranial photobiomodulation with 1064-nm laser modulates brain electroencephalogram rhythms,Neurophotonics 6(2):025013.,10.1117/1.NPh.6.2.025013,,,https://biomedicaloptics.spiedigitallibrary.org/journals/neurophotonics/volume-6/issue-02/025013/Transcranial-photobiomodulation-with-1064-nm-laser-modulates-brain-electroencephalogram-rhythms/10.1117/1.NPh.6.2.025013.full,curator_search,curation/work/pkg_B/new_candidates.csv (STM-PBM-001; web_search),STM-PBM-001,false,
R1254,,,Transcranial photobiomodulation and thermal stimulation induce distinct topographies of EEG alpha and beta power changes in healthy humans,,,,PMC8460746,https://www.ncbi.nlm.nih.gov/pmc/articles/PMC8460746/,curator_search,curation/work/pkg_B/new_candidates.csv (STM-PBM-001; web_search),STM-PBM-001,false,
R1255,"Nassar MR, Bruckner R, Frank MJ",2019,Statistical context dictates the relationship between feedback-related EEG signals and learning. eLife 8:e46975,,10.7554/eLife.46975,,,https://ski.clps.brown.edu/papers/NassarP3_eLife.pdf,curator_search,"curation/work/pkg_C/new_candidates.csv (ERR-CHGPT-001; web_search;web_fetch (2026-10-03, curator_c))",ERR-CHGPT-001;ERR-CHGPT-002,false,
R1256,"Santesso DL, Dillon DG, Birk JL, Holmes AJ, Goetz E, Bogdan R, Pizzagalli DA",2008,"Individual differences in reinforcement learning: Behavioral, electrophysiological, and neuroimaging correlates",NeuroImage 42(2):807-816,10.1016/j.neuroimage.2008.05.032,,,https://depressioninstitute.uci.edu/wp-content/uploads/sites/37/santesso_ni08.pdf,curator_search,"curation/work/pkg_C/new_candidates.csv (ERR-PRT-001; web_search;web_fetch (2026-10-03, curator_c))",ERR-PRT-001,false,
R1257,"Cavanagh JF, Eisenberg I, Guitart-Masip M, Huys Q, Frank MJ",2013,Frontal theta overrides Pavlovian learning biases,The Journal of Neuroscience 33(19):8541-8548,10.1523/JNEUROSCI.5754-12.2013,,,https://ski.clps.brown.edu/papers/CavanaghPVLV_JN.pdf,curator_search,"curation/work/pkg_C/new_candidates.csv (ERR-OGNG-001; web_search;web_fetch (2026-10-03, curator_c))",ERR-OGNG-001,false,
R1258,"Gehrke L, Terfurth L, Akman S, Gramann K",2024,"Visuo-haptic prediction errors: a multimodal dataset (EEG, motion) in BIDS format indexing mismatches in haptic interaction",Frontiers in Neuroergonomics 5:1411305,10.3389/fnrgo.2024.1411305,,,https://frontiersin.org/articles/10.3389/fnrgo.2024.1411305/full,curator_search,"curation/work/pkg_C/new_candidates.csv (ERR-VRPE-001; web_search;web_fetch (2026-10-03, curator_c))",ERR-VRPE-001,false,
R1259,"Behroozmand R, Sangtian S, Korzyukov O, Larson CR",2016,A temporal predictive code for voice motor control: Evidence from ERP and behavioral responses to pitch-shifted auditory feedback,Brain Research,,26835556,,https://neuinfo.org/literature/pmid:26835556?rpKey=on,curator_search,"curation/work/pkg_C/new_candidates.csv (ERR-AAF-001; web_search;web_fetch (2026-10-03, curator_c))",ERR-AAF-001,false,
R1260,"Jahanshahi M, Profice P, Brown RG, Ridding MC, Dirnberger G, Rothwell JC",1998,The effects of transcranial magnetic stimulation over the dorsolateral prefrontal cortex on suppression of habitual counting during random number generation,Brain 121:1533-1544,,,,https://www.ucl.ac.uk/ion/departments/sobell/Research/MJahanshahi/Projects/ResponseSelection,curator_search,"curation/work/pkg_C/new_candidates.csv (CTL-RNG-001; web_search;web_fetch (2026-10-03, curator_c))",CTL-RNG-001,false,
R1261,"Fink A, Weiss EM, Schwarzl U, Weber H, Loureiro de Assunção V, Rominger C, Schulter G, Lackner HK, Papousek I",2017,Creative ways to well-being: Reappraisal inventiveness in the context of anger-evoking situations,"Cognitive, Affective, & Behavioral Neuroscience 17(1):94-105",,,,https://link.springer.com/article/10.3758/s13415-016-0465-9,curator_search,"curation/work/pkg_C/new_candidates.csv (CTL-AUT-001; web_search;web_fetch (2026-10-03, curator_c))",CTL-AUT-001,false,
R1262,,,"(DOI only, title not recorded: 10.3758/s13415-016-0465-9)",,10.3758/s13415-016-0465-9,,,,curator_search,"curation/work/pkg_C/new_candidates.csv (CTL-AUT-001; web_search;web_fetch (2026-10-03, curator_c))",CTL-AUT-001,false,
R1263,"Monti MM, Osherson DN, Martinez MJ, Parsons LM",2007,Functional neuroanatomy of deductive inference: A language-independent distributed network,NeuroImage 37:1005-1016,10.1016/j.neuroimage.2007.04.069,,,https://montilab.psych.ucla.edu/wp-content/uploads/sites/49/2015/11/Monti_etal_07_Deductive_Inference_NeuroImage_withAppendix.pdf,curator_search,"curation/work/pkg_C/new_candidates.csv (CTL-SYLL-001; web_search;web_fetch (2026-10-03, curator_c))",CTL-SYLL-001,false,
R1264,"Tacikowski P, Cygan HB, Nowicka A",2014,Neural correlates of own and close-other's name recognition: ERP evidence,Frontiers in Human Neuroscience,10.3389/fnhum.2014.00194,,,https://www.frontiersin.org/journals/human-neuroscience/articles/10.3389/fnhum.2014.00194/full,curator_search,curation/work/pkg_E/new_candidates.csv (SOC-NAME-001; WebSearch #14 + WebFetch (reference list of Tacikowski et al),SOC-NAME-001;SOC-NAME-002,false,
R1265,,,Gaze patterns and brain activations in humans and marmosets in the Frith-Happé theory-of-mind animation task,,,,,https://elifesciences.org/articles/86327v1/figures,curator_search,curation/work/pkg_E/new_candidates.csv (SOC-ANIM-001; WebSearch #19 + WebFetch (IRIS Univ. Pavia record); WebSearc),SOC-ANIM-001,false,
R1266,Wang Y et al.,2016,(Tsinghua SSVEP benchmark dataset reference; title not shown on the MOABB page),,,,,https://moabb.neurotechx.com/docs/generated/moabb.datasets.Wang2016.html,curator_search_s2,curation/work/pkg_A/sprint2 (pkg_A search_log S2A04; lead S2A04),SSR-SSVEP-005,false,title_placeholder
R1267,"Nakanishi M, Wang Y, Wang Y-T, Jung T-P",2015,A comparison study of canonical correlation analysis based methods for detecting steady-state visual evoked potentials,PLoS ONE 10(10):e0140703,10.1371/journal.pone.0140703,,,https://moabb.neurotechx.com/docs/generated/moabb.datasets.Nakanishi2015.html,curator_search_s2,curation/work/pkg_A/sprint2 (pkg_A search_log S2A05; lead S2A05),SSR-SSVEP-005,false,weak_origin
R1268,"Kalunga EK, Chevallier S, Barthelemy Q",2016,Online SSVEP-based BCI using Riemannian geometry,Neurocomputing,10.1016/j.neucom.2016.01.007,,,https://moabb.neurotechx.com/docs/generated/moabb.datasets.Kalunga2016.html,curator_search_s2,curation/work/pkg_A/sprint2 (pkg_A search_log S2A06; lead S2A06),SSR-SSVEP-007,false,
R1269,"Hoffmann U, Vesin J-M, Ebrahimi T, Diserens K",2008,An efficient P300-based brain-computer interface for disabled subjects,Journal of Neuroscience Methods,10.1016/j.jneumeth.2007.03.005,,,https://moabb.neurotechx.com/docs/generated/moabb.datasets.EPFLP300.html,curator_search_s2,curation/work/pkg_A/sprint2 (pkg_A search_log S2A07; lead S2A07),PER-ODD-007,false,
R1270,"Schreuder M, Rost T, Tangermann M",2011,"Listen, you are writing! Speeding up online spelling with a dynamic auditory BCI",Frontiers in Neuroscience 5:112,10.3389/fnins.2011.00112,,,https://moabb.neurotechx.com/docs/generated/moabb.datasets.BNCI2015_009.html,curator_search_s2,curation/work/pkg_A/sprint2 (pkg_A search_log S2A08; lead S2A08),PER-ODD-008,false,weak_origin
R1271,"Acqualagna L, Blankertz B",2013,Gaze-independent BCI-spelling using rapid serial visual presentation (RSVP),Clinical Neurophysiology 124(5):901-908,10.1016/j.clinph.2012.12.050,,,https://moabb.neurotechx.com/docs/generated/moabb.datasets.BNCI2015_010.html,curator_search_s2,curation/work/pkg_A/sprint2 (pkg_A search_log S2A09; lead S2A09),PER-ODD-005,false,
R1272,"Squires NK, Squires KC, Hillyard SA",1975,Two varieties of long-latency positive waves evoked by unpredictable auditory stimuli in man,Electroencephalography and Clinical Neurophysiology 38(4):387-401,10.1016/0013-4694(75)90263-1,,,https://en.wikipedia.org/wiki/P3a,curator_search_s2,"curation/work/pkg_A/sprint2 (pkg_A search_log S2A10 (via R1022, Wikipedia); lead S2A10)",PER-ODD-002,false,secondhand
R1273,"Townsend G, LaPallo BK, Boulay CB, Krusienski DJ, Frye GE, Hauser CK, Schwartz NE, Vaughan TM, Wolpaw JR, Sellers EW",2010,A novel P300-based brain-computer interface stimulus presentation paradigm: moving beyond rows and columns,Clinical Neurophysiology 121(7):1109-1120,10.1016/j.clinph.2010.01.030,20347387,PMC2879474,https://pmc.ncbi.nlm.nih.gov/articles/PMC2879474,curator_search_s2,curation/work/pkg_A/sprint2 (pkg_A search_log S2A12/S2A13; lead S2A12),PER-ODD-006,false,
R1274,,2015,High-speed spelling with a noninvasive brain-computer interface,Proceedings of the National Academy of Sciences of the USA,,,,https://www.kurzweilai.net/fastest-brain-computer-interface-speller-developed,curator_search_s2,"curation/work/pkg_A/sprint2 (pkg_A search_log S2A14/S2A17 (authors not shown; ""Chen et al."" per search results, unverified); lead S2A14)",SSR-SSVEP-005,false,
R1275,,2004,The mismatch negativity (MMN): towards the optimal paradigm,Clinical Neurophysiology,,14706481,,https://read.qxmd.com/read/14706481/the-mismatch-negativity-mmn-towards-the-optimal-paradigm,curator_search_s2,"curation/work/pkg_A/sprint2 (pkg_A search_log S2A18/S2A19 (authors not shown; Näätänen et al. per search query, unverified); lead S2A18)",PER-MMN-003,false,
R1276,"Skoe E, Kraus N",2010,Auditory brain stem response to complex sounds: a tutorial,Ear and Hearing 31(3),,,,https://production.wordpress.uconn.edu/skoe/wp-content/uploads/sites/278/2013/11/Skoe_Kraus_EarHear_2010.pdf,curator_search_s2,curation/work/pkg_A/sprint2 (pkg_A search_log S2A20/S2A21; lead S2A20),SSR-FFR-002,false,
R1277,"Kim D-W, Hwang H-J, Lim J-H, Lee Y-H, Jung K-Y, Im C-H",2011,Classification of selective attention to auditory stimuli: toward vision-free brain-computer interfacing,Journal of Neuroscience Methods 197(1):180-185,10.1016/j.jneumeth.2011.02.007,,,https://scholar.korea.ac.kr/handle/2021.sw.korea/112660?mode=full,curator_search_s2,curation/work/pkg_A/sprint2 (pkg_A search_log S2A22/S2A23; lead S2A22),SSR-ASSR-002,false,
R1278,"Cabrera Castillos K, Ladouce S, Darmet L, Dehais F",2023,Burst c-VEP based BCI: optimizing stimulus design for enhanced classification with minimal calibration data and improved user experience,NeuroImage 284:120446,10.1016/j.neuroimage.2023.120446,,,https://moabb.neurotechx.com/docs/generated/moabb.datasets.CastillosBurstVEP100.html,curator_search_s2,curation/work/pkg_A/sprint2 (pkg_A search_log S2A26; lead S2A26),SSR-CVEP-003;SSR-CVEP-001,false,
R1279,"Thielen J, van den Broek P, Farquhar J, Desain P",2015,Broad-band visually evoked potentials: re(con)volution in brain-computer interfacing,PLoS ONE 10(7):e0133797,10.1371/journal.pone.0133797,,,https://moabb.neurotechx.com/docs/generated/moabb.datasets.Thielen2015.html,curator_search_s2,curation/work/pkg_A/sprint2 (pkg_A search_log S2A27; lead S2A27),SSR-CVEP-002,false,
R1280,"Zhang Z, Deng Z",2013,A two-stage state recognition method for asynchronous SSVEP-based BCI system,Robot 35(1):45-51,10.3724/SP.J.1218.2013.00045,,,https://robot.sia.cn/article/doi/10.3724/SP.J.1218.2013.00045,curator_search_s2,curation/work/pkg_A/sprint2 (pkg_A search_log S2A28/S2A29; lead S2A28),SSR-SSVEP-008,false,
R1281,"Dumoulin SO, Wandell BA",2008,Population receptive field estimates in human visual cortex,NeuroImage 39(2):647-660,10.1016/j.neuroimage.2007.09.034,,,https://research-portal.uu.nl/en/publications/population-receptive-field-estimates-in-human-visual-cortex/,curator_search_s2,curation/work/pkg_A/sprint2 (pkg_A search_log S2A30/S2A31; lead S2A30),PER-RET-002,false,
R1282,"SanMiguel I, Widmann A, Bendixen A, Trujillo-Barreto N, Schröger E",2013,Hearing silences: human auditory processing relies on preactivation of sound-specific brain activity patterns,Journal of Neuroscience 33:8633,10.1523/JNEUROSCI.5821-12.2013,,,https://www.doccheck.com/de/detail/articles/6634-baustein-der-gerauschwahrnehmung-entdeckt,curator_search_s2,curation/work/pkg_A/sprint2 (pkg_A search_log S2A33/S2A34 (author list from the search query); lead S2A33),PER-OMIT-002,false,
R1283,"Morgan ST, Hansen JC, Hillyard SA",1996,Selective attention to stimulus location modulates the steady-state visual evoked potential,Proceedings of the National Academy of Sciences of the USA 93(10):4770,10.1073/pnas.93.10.4770,8643478,,https://buscaintegrada.ufrj.br/Record/pubmed-39354,curator_search_s2,curation/work/pkg_A/sprint2 (pkg_A search_log S2A36/S2A37; lead S2A36),SSR-SSVEP-004,false,
R1284,"Brouwer A-M, van Erp JBF",2010,A tactile P300 brain-computer interface,Frontiers in Neuroscience 4:19,10.3389/fnins.2010.00019,,,https://doaj.org/article/d7904c0274894787a310c430873f84c4,curator_search_s2,curation/work/pkg_A/sprint2 (pkg_A search_log S2A38/S2A39; lead S2A38),PER-ODD-009,false,
R1285,"Guo F, Hong B, Gao X, Gao S",2008,A brain-computer interface using motion-onset visual evoked potential,Journal of Neural Engineering 5,10.1088/1741-2560/5/4/011,,,,curator_search_s2,curation/work/pkg_A/sprint2 (pkg_A file PER-MVEP-002 first_source; lead A-file:PER-MVEP-002),PER-MVEP-002,false,
R1286,"Middendorf M, McMillan G, Calhoun G, Jones KS",2000,Brain-computer interfaces based on the steady-state visual-evoked response,IEEE Transactions on Rehabilitation Engineering 8(2):211-214,10.1109/86.847819,,,,curator_search_s2,curation/work/pkg_A/sprint2 (pkg_A file SSR-SSVEP-002 first_source; lead A-file:SSR-SSVEP-002),SSR-SSVEP-002,false,
R1287,"Pfurtscheller G, Brunner C, Schlögl A, Lopes da Silva FH",2006,Mu rhythm (de)synchronization and EEG single-trial classification of different motor imagery tasks,NeuroImage 31:153-159,10.1016/j.neuroimage.2005.12.003,,,https://pub.ista.ac.at/~schloegl/publications/pfurtscheller2006.pdf,curator_search_s2,curation/work/pkg_B/sprint2 (pkg_B search_log WS-B2-01/WF-B2-16; lead S2B-L01),MOT-MI-002,false,
R1288,"Ofner P, Schwarz A, Pereira J, Müller-Putz GR",2017,Upper limb movements can be decoded from the time-domain of low-frequency EEG,PLoS ONE 12(8):e0182578,10.1371/journal.pone.0182578,,,https://moabb.neurotechx.com/docs/generated/moabb.datasets.Ofner2017.html,curator_search_s2,curation/work/pkg_B/sprint2 (pkg_B search_log WF-B2-03; lead S2B-L02),MOT-MI-003;MOT-ME-005,false,
R1289,"Faller J, Vidaurre C, Solis-Escalante T, Neuper C, Scherer R",2012,Autocalibration and recurrent adaptation: towards a plug and play online ERD-BCI,IEEE Transactions on Neural Systems and Rehabilitation Engineering 20(3):313-319,10.1109/tnsre.2012.2189584,,,https://moabb.neurotechx.com/docs/generated/moabb.datasets.BNCI2015_001.html,curator_search_s2,curation/work/pkg_B/sprint2 (pkg_B search_log WF-B2-07; lead S2B-L03),MOT-MI-007,false,
R1290,"Zhou B, Wu X, Lv Z, Zhang L, Guo X",2016,A fully automated trial selection method for optimization of motor imagery based brain-computer interface,PLoS ONE 11(9),10.1371/journal.pone.0162657,,,https://moabb.neurotechx.com/docs/generated/moabb.datasets.Zhou2016.html,curator_search_s2,curation/work/pkg_B/sprint2 (pkg_B search_log WF-B2-08; lead S2B-L04),MOT-MI-008,false,
R1291,"Schalk G, McFarland DJ, Hinterberger T, Birbaumer N, Wolpaw JR",2004,BCI2000: a general-purpose brain-computer interface (BCI) system,IEEE Transactions on Biomedical Engineering 51(6):1034-1043,10.1109/TBME.2004.827072,,,https://moabb.neurotechx.com/docs/generated/moabb.datasets.PhysionetMI.html,curator_search_s2,curation/work/pkg_B/sprint2 (pkg_B search_log WF-B2-04; lead S2B-L05),MOT-MI-010;MOT-MI-001;MOT-ME-001,false,
R1292,"Jeong JH, Cho JH, Shim KH, Kwon BH, Lee BH, Lee DY, Lee DH, Lee SW",2020,Multimodal signal dataset for 11 intuitive movement tasks from single upper extremity during multiple recording sessions,GigaScience 9(10),10.1093/gigascience/giaa098,,,https://pure.korea.ac.kr/en/publications/multimodal-signal-dataset-for-11-intuitive-movement-tasks-from-si/,curator_search_s2,curation/work/pkg_B/sprint2 (pkg_B search_log WS-B2-03/WF-B2-18; lead S2B-L06),MOT-MI-011,false,
R1293,"Leeb R, Brunner C, Müller-Putz GR, Schlögl A, Pfurtscheller G, et al.",2007,(title not shown; BNCI2014_004 dataset reference),IEEE Transactions on Neural Systems and Rehabilitation Engineering,10.1109/TNSRE.2007.906956,,,https://moabb.neurotechx.com/docs/generated/moabb.datasets.BNCI2014_004.html,curator_search_s2,curation/work/pkg_B/sprint2 (pkg_B search_log WF-B2-05; lead S2B-L07),MOT-MI-005;MOT-MI-001,false,title_placeholder
R1294,"Ofner P, et al.",2019,Attempted arm and hand movements can be decoded from low-frequency EEG from persons with spinal cord injury,Scientific Reports 9(1):7134,10.1038/s41598-019-43594-9,,,https://moabb.neurotechx.com/docs/generated/moabb.datasets.BNCI2019_001.html,curator_search_s2,curation/work/pkg_B/sprint2 (pkg_B search_log WF-B2-10; lead S2B-L08),MOT-ATT-003,false,
R1295,"Wolpaw JR, McFarland DJ",2004,Control of a two-dimensional movement signal by a noninvasive brain-computer interface in humans,Proceedings of the National Academy of Sciences of the USA 101:17849-17854,10.1073/pnas.0403504101,15585584,,https://www.neurotechcenter.org/node/3139,curator_search_s2,curation/work/pkg_B/sprint2 (pkg_B search_log WS-B2-02/WF-B2-17; lead S2B-L09),MOT-CURSOR-002,false,
R1296,"Schwarz A, Escolano C, Montesano L, Müller-Putz GR",2020,"Analyzing and decoding natural reach-and-grasp actions using gel, water and dry EEG systems",Frontiers in Neuroscience 14:849,10.3389/fnins.2020.00849,,,https://moabb.neurotechx.com/docs/generated/moabb.datasets.BNCI2020_001.html,curator_search_s2,curation/work/pkg_B/sprint2 (pkg_B search_log WF-B2-13; lead S2B-L10),MOT-GRASP-003,false,
R1297,"Crell MR, Müller-Putz GR",2024,Handwritten character classification from EEG through continuous kinematic decoding,Computers in Biology and Medicine 182:109132,10.1016/j.compbiomed.2024.109132,,,https://moabb.neurotechx.com/docs/generated/moabb.datasets.BNCI2024_001.html,curator_search_s2,curation/work/pkg_B/sprint2 (pkg_B search_log WF-B2-11; lead S2B-L11),MOT-HW-002,false,
R1298,"Jochumsen M, Navid MS, Nedergaard RW, Signal N, Rashid MU, Hassan A, Haavik H, Taylor D, Niazi IK",2019,Self-paced online vs. cue-based offline brain-computer interfaces for inducing neural plasticity,Brain Sciences 9(6):127,10.3390/brainsci9060127,,,https://vbn.aau.dk/ws/files/305102099/brainsci_09_00127.pdf,curator_search_s2,curation/work/pkg_B/sprint2 (pkg_B search_log WS-B2-04/WF-B2-19; lead S2B-L12),MOT-MRCP-002;MOT-MRCP-003,false,
R1299,"Schluppeck D, Curtis CE, Glimcher PW, Heeger DJ",2006,Sustained activity in topographic areas of human posterior parietal cortex during memory-guided saccades,Journal of Neuroscience 26(19):5098-5108,,,,https://www.cns.nyu.edu/heegerlab/content/publications/Schluppeck-JNeurosci2006.pdf,curator_search_s2,curation/work/pkg_B/sprint2 (pkg_B search_log WS-B2-06/WF-B2-22; lead S2B-L13),MOT-SACC-002,false,
R1300,"Monti MM, Vanhaudenhuyse A, Coleman MR, et al.",2010,Willful modulation of brain activity in disorders of consciousness,New England Journal of Medicine 362(7):579-589,,,,https://montilab.psych.ucla.edu/wp-content/uploads/sites/49/2015/11/Monti_etal_2010_NEJM.pdf,curator_search_s2,curation/work/pkg_B/sprint2 (pkg_B search_log WS-B2-05/WF-B2-20; lead S2B-L14),IMG-CMD-003,false,
R1301,"Scherer R, Faller J, Friedrich EVC, et al.",2015,(title not shown; BNCI2015_004 dataset reference),PLoS ONE,10.1371/journal.pone.0123727,,,https://moabb.neurotechx.com/docs/generated/moabb.datasets.BNCI2015_004.html,curator_search_s2,curation/work/pkg_B/sprint2 (pkg_B search_log WF-B2-12; lead S2B-L15),IMG-MA-002,false,title_placeholder
R1302,"Nieto N, Peterson V, Rufiner HL, Kamienkoski J, Spies R",2022,"Thinking out loud, an open-access EEG-based BCI dataset for inner speech recognition",Scientific Data 9(1):52,,,,https://www.sinc.unl.edu.ar/sinc-publications/2022/NPRKS22/,curator_search_s2,curation/work/pkg_B/sprint2 (pkg_B search_log WS-B2-07/WF-B2-21; lead S2B-L16),IMG-SPI-002,false,
R1303,"Varshney YV, Khan A",2022,Imagined speech classification using six phonetically distributed words,Frontiers in Signal Processing 2:760643,10.3389/frsip.2022.760643,,,https://www.frontiersin.org/journals/signal-processing/articles/10.3389/frsip.2022.760643/full,curator_search_s2,curation/work/pkg_B/sprint2 (pkg_B search_log WF-B2-23; lead S2B-L17),IMG-SPI-002;IMG-SPI-003,false,
R1304,"Zhao S, Rudzicz F",2015,"(title not shown; imagined speech EEG dataset, seven phonemes/syllables and four words; secondary citation in Varshney & Khan 2022)",,,,,,curator_search_s2,curation/work/pkg_B/sprint2 (pkg_B file IMG-SPI-003 first_source (via S2B-L17); lead B-file:IMG-SPI-003),IMG-SPI-003,false,secondhand
R1305,,,A BCI system based on somatosensory attentional orientation,,,27244745,,https://read.qxmd.com/read/27244745/a-bci-system-based-on-somatosensory-attentional-orientation,curator_search_s2,curation/work/pkg_B/sprint2 (pkg_B file IMG-SAO-002 (sprint 1 lead S06; PMID from URL); lead B-file:IMG-SAO-002 (sprint 1 S06)),IMG-SAO-002,false,
R1306,,,"Multi-channel EEG recordings during 3,936 grasp and lift trials with varying weight and friction",Scientific Data,,,,,curator_search_s2,curation/work/pkg_B/sprint2 (pkg_B file MOT-GRASP-004 (dataset WAY-EEG-GAL; DOI inferred from URL sdata201447 not entered); lead B-file:MOT-GRASP-004),MOT-GRASP-004,false,
R1307,"O'Craven K, Kanwisher N",2000,(title not confirmed: face/place imagery fMRI study),Journal of Cognitive Neuroscience,,,,,curator_search_s2,curation/work/pkg_B/sprint2 (pkg_B file IMG-VIS-002 first_source; lead B-file:IMG-VIS-002),IMG-VIS-002,false,title_placeholder
R1308,"Spüler M, Niethammer C",2015,Error-related potentials during continuous feedback: using EEG to detect errors of different type and severity,Frontiers in Human Neuroscience,10.3389/fnhum.2015.00155,,,https://public-pages-files-2025.frontiersin.org/journals/human-neuroscience/articles/10.3389/fnhum.2015.00155/text,curator_search_s2,curation/work/pkg_C/sprint2 (pkg_C search_log S2C-S02/S2C-F04; lead S_SPULER2015),ERR-ERRP-004,false,
R1309,,,(Tübingen thesis/paper record with the same title as S_SPULER2015; title-only search hit),,,,,https://bibliographie.uni-tuebingen.de/xmlui/handle/10900/76582,curator_search_s2,curation/work/pkg_C/sprint2 (pkg_C search_log S2C-S02; lead S_TUEBINGEN_CONTERRP),ERR-ERRP-004,false,title_placeholder
R1310,"Chavarriaga R, Millán JdR",2010,(title not shown; BNCI Horizon 2020 data set 013-2015 Monitoring ErrP reference),IEEE Transactions on Neural Systems and Rehabilitation Engineering,10.1109/TNSRE.2010.2053387,,,https://bnci-horizon-2020.eu/database/data-sets,curator_search_s2,curation/work/pkg_C/sprint2 (pkg_C search_log S2C-F01 (authors as cited in R0714); lead S2C-F01 (BNCI 013-2015)),ERR-ERRP-002,false,title_placeholder
R1311,,2015,BCI Challenge @ NER 2015 (online P300 speller error-potential detection; competition page),,,,,https://neuro.embs.org/2015/bci-challenge/,curator_search_s2,curation/work/pkg_C/sprint2 (pkg_C search_log S2C-S01/S2C-F03; lead S2C-F03 (BCI Challenge @ NER 2015)),ERR-ERRP-003,false,
R1312,"Callejas A, Lupiáñez J, Tudela P",2004,The three attentional networks: on their independence and interactions,Brain and Cognition 54(3):225-227,10.1016/j.bandc.2004.02.012,,,https://produccioncientifica.ugr.es/documentos/61a1f638bd93e62bb6018a4e?lang=en,curator_search_s2,curation/work/pkg_C/sprint2 (pkg_C search_log S2C-S03/S2C-F10; lead S_CALLEJAS2004),CTL-ANT-002,false,
R1313,"Callejas A, et al.",2005,(title not shown; ANT-I study cited on the Millisecond ANT-I page),Experimental Brain Research,,,,https://www.millisecond.com/library/ant_i,curator_search_s2,curation/work/pkg_C/sprint2 (pkg_C search_log S2C-F11; lead S_CALLEJAS2005),CTL-ANT-002,false,secondhand
R1314,Meiran N,1996,Reconfiguration of processing mode prior to task performance,"Journal of Experimental Psychology: Learning, Memory, and Cognition 22:1423-1442",,,,https://www.psytoolkit.org/library/taskswitching_cued.html,curator_search_s2,curation/work/pkg_C/sprint2 (pkg_C search_log S2C-S04/S2C-F14; lead S_MEIRAN1996),CTL-SW-002,false,
R1315,"Hester R, Foxe JJ, Molholm S, Shpaner M, Garavan H",2005,Neural mechanisms involved in error processing: a comparison of errors made with and without awareness,NeuroImage 27(3):602-608,,,,https://www.tara.tcd.ie/items/92ce6bd2-3b46-47da-951f-5c85fc63aa79,curator_search_s2,curation/work/pkg_C/sprint2 (pkg_C search_log S2C-S05/S2C-F13 (author order to be checked); lead S_HESTER2005),ERR-AWARE-003,false,
R1316,"Servan-Schreiber D, Cohen JD, Steingard S",1996,Schizophrenic deficits in the processing of context: a test of a theoretical model,Archives of General Psychiatry 53(12):1105-1112,10.1001/archpsyc.1996.01830120037008,,,https://collaborate.princeton.edu/en/publications/schizophrenic-deficits-in-the-processing-of-context-a-test-of-a-t/,curator_search_s2,curation/work/pkg_C/sprint2 (pkg_C search_log S2C-S06/S2C-F12; lead S_SERVANSCHREIBER1996),CTL-CPT-002,false,
R1317,"Kappenman ES, et al.",2020,ERP CORE: an open resource for human event-related potential research (preprint),PsyArXiv,10.31234/osf.io/4azqm,,,https://erpinfo.org/erp-core,curator_search_s2,curation/work/pkg_C/sprint2 (pkg_C search_log S2C-F09 (title as on the ERP CORE page; data doi 10.18115/D5JW4R); lead S2C-F09 (ERP CORE)),CTL-FLK-002,false,
R1318,"Schonberg T, et al.",2012,(OpenfMRI ds000001 Balloon Analog Risk Task dataset reference; title not shown),,,,,https://openfmri.org/dataset/ds000001,curator_search_s2,curation/work/pkg_C/sprint2 (pkg_C search_log S2C-F23; lead S2C-F23 (ds000001)),CTL-BART-001,false,title_placeholder
R1319,"Bates AT, et al.",2005,(full reference not seen; observed Go/NoGo error study as cited in R0714),,,,,,curator_search_s2,curation/work/pkg_C/sprint2 (pkg_C file ERR-OBS-002 (secondary citation in R0714); lead C-file:ERR-OBS-002),ERR-OBS-002,false,secondhand
R1320,"Pavone EF, et al.",2016,(full reference not seen; VR avatar action-error study as cited in R0714),,,,,,curator_search_s2,curation/work/pkg_C/sprint2 (pkg_C file ERR-OBS-003 (secondary citation in R0714); lead C-file:ERR-OBS-003),ERR-OBS-003,false,secondhand
R1321,"Yeung N, et al.",2004,(full reference not seen; passive gambling/slot-machine study as cited in R0714),,,,,,curator_search_s2,curation/work/pkg_C/sprint2 (pkg_C file ERR-GAM-003 (secondary citation in R0714); lead C-file:ERR-GAM-003),ERR-GAM-003,false,secondhand
R1322,"Rosenfeld JP, Labkovsky E, Winograd M, Lui MA, Vandenboom C, Chedid E",2008,"The Complex Trial Protocol (CTP): A new, countermeasure-resistant, accurate, P300-based method for detection of concealed information",Psychophysiology 45(6):906-919,10.1111/j.1469-8986.2008.00708.x,,,https://scholars.hkbu.edu.hk/en/publications/the-complex-trial-protocol-ctp-a-new-countermeasure-resistant-acc/,curator_search_s2,curation/work/pkg_D/sprint2 (pkg_D new_leads.csv DN47 (S2-03/S2-F01); lead DN47),MEM-CIT-002,false,
R1323,"Jaeggi SM, Seewer R, Nirkko AC, Eckstein D, Schroth G, Groner R, Gutbrod K",2003,Does excessive memory load attenuate activation in the prefrontal cortex? Load-dependent processing in single and dual tasks: functional magnetic resonance imaging study,,,,,https://en.wikipedia.org/wiki/N-back,curator_search_s2,"curation/work/pkg_D/sprint2 (pkg_D new_leads.csv DN48 (S2-F05, Wikipedia reference list; journal not shown); lead DN48)",MEM-NBK-003,false,secondhand
R1324,"Jaeggi SM, Buschkuehl M, Jonides J, Perrig WJ",2008,Improving fluid intelligence with training on working memory,Proceedings of the National Academy of Sciences of the USA 105(19):6829-6833,,,,https://en.wikipedia.org/wiki/N-back,curator_search_s2,curation/work/pkg_D/sprint2 (pkg_D new_leads.csv DN49 (S2-02/S2-F04); lead DN49),MEM-NBK-004;MEM-NBK-003,false,secondhand
R1325,"Shin J, von Lühmann A, Kim DW, Mehnert J, Hwang HJ, Müller KR",2018,Simultaneous acquisition of EEG and NIRS during cognitive tasks for an open access dataset,Scientific Data 5:180003,10.1038/sdata.2018.3,,,https://doc.ml.tu-berlin.de/publications/bib/shin_simultaneous_2018.bib.txt,curator_search_s2,curation/work/pkg_D/sprint2 (pkg_D new_leads.csv DN50 (S2-01/S2-F03); lead DN50),LAN-VF-002;MEM-NBK-002,false,
R1326,"Oksanen KM, Waldum ER, McDaniel MA, Braver TS",2014,Neural mechanisms of time-based prospective memory: Evidence for transient monitoring,PLoS ONE 9(3),10.1371/journal.pone.0092123,,,https://profiles.wustl.edu/en/publications/neural-mechanisms-of-time-based-prospective-memory-evidence-for-t/,curator_search_s2,curation/work/pkg_D/sprint2 (pkg_D new_leads.csv DN51 (S2-07/S2-F07); lead DN51),MEM-PM-002,false,
R1327,,2007,Odor cues during slow-wave sleep prompt declarative memory consolidation,Science,,17347444,,https://fis.uke.de/portal/en/publications/odor-cues-during-slowwave-sleep-prompt-declarative-memory-consolidation(5a687f69-dcc4-43a2-8fee-d59944c52b51).html,curator_search_s2,"curation/work/pkg_D/sprint2 (pkg_D new_leads.csv DN52 (S2-04/S2-F06; authors not shown, Rasch et al. per search query); lead DN52)",MEM-TMR-002,false,
R1328,"Scott TL, et al.",2017,"(title not shown; auditory language localizer, intact vs degraded passages)","(cited as ""Neuroscience"" on the EvLab page)",,,,https://web.mit.edu/evlab/funcloc/,curator_search_s2,curation/work/pkg_D/sprint2 (pkg_D new_leads.csv DN53 (S2-05/S2-F08); lead DN53),LAN-LOC-002,false,title_placeholder
R1329,"Koelstra S, Mühl C, Soleymani M, Lee JS, Yazdani A, Ebrahimi T, Pun T, Nijholt A, Patras I",2012,DEAP: A Database for Emotion Analysis Using Physiological Signals,IEEE Transactions on Affective Computing 3(1):18-31,10.1109/T-AFFC.2011.15,,,https://research.utwente.nl/en/publications/deap-a-database-for-emotion-analysis-using-physiological-signals/,curator_search_s2,curation/work/pkg_E/sprint2 (pkg_E search_log S2-01 (+F01 dataset page); lead E S2-01),EMO-FILM-002,false,
R1330,"Zheng W-L, Lu B-L",2015,Investigating critical frequency bands and channels for EEG-based emotion recognition with deep neural networks,,,,,https://astro.paperswithcode.com/paper/investigating-critical-frequency-bands-and,curator_search_s2,curation/work/pkg_E/sprint2 (pkg_E search_log S2-02 (authors inferred from URLs; venue not seen); lead E S2-02),EMO-FILM-003,false,
R1331,"Dedovic K, Renwick R, Khalili Mahani N, Engert V, Lupien SJ, Pruessner JC",2005,The Montreal Imaging Stress Task: using functional imaging to investigate the effects of perceiving and processing psychosocial stress in the human brain,Journal of Psychiatry and Neuroscience 30(5):319-325,,,,https://www.jpn.ca/content/30/5/319.full.pdf,curator_search_s2,curation/work/pkg_E/sprint2 (pkg_E search_log S2-03; lead E S2-03),EMO-STRESS-002,false,
R1332,"Schmitz A, Grillon C",2012,Assessing fear and anxiety in humans using the threat of predictable and unpredictable aversive events (the NPU-threat test),Nature Protocols 7(3),,,,https://cognitiveatlas.org/task/id/trm_502420a682976/,curator_search_s2,curation/work/pkg_E/sprint2 (pkg_E search_log S2-04; lead E S2-04),EMO-THREAT-001,false,weak_origin
R1333,"Birbaumer N, et al.",1992,(1992 slow cortical potential self-regulation record; title not recorded),,,,,https://kops.uni-konstanz.de/entities/publication/571bf51f-10f5-47d0-b3c9-eb737153da51,curator_search_s2,curation/work/pkg_E/sprint2 (pkg_E search_log S2-05 (earliest record seen for STA-SCP-001); lead E S2-05a),STA-SCP-001,false,title_placeholder
R1334,"Schneider F, et al.",1992,(1992 slow cortical potential feedback record; title not recorded),,10.1007/BF01000403,,,https://link.springer.com/article/10.1007/BF01000403,curator_search_s2,curation/work/pkg_E/sprint2 (pkg_E search_log S2-05 (earliest record seen for STA-SCP-001); lead E S2-05b),STA-SCP-001,false,title_placeholder
R1335,"Hariri AR, Tessitore A, Mattay VS, Fera F, Weinberger DR",2002,The amygdala response to emotional stimuli: a comparison of faces and scenes,NeuroImage,,12482086,,https://cognitiveatlas.org/task/id/trm_550b5b066d37b/,curator_search_s2,curation/work/pkg_E/sprint2 (pkg_E search_log S2-06; lead E S2-06),EMO-FACE-002,false,
R1336,"Weiskopf N, Veit R, Erb M, Mathiak K, Grodd W, Goebel R, et al.",2003,Physiological self-regulation of regional brain activity using real-time functional magnetic resonance imaging (fMRI): Methodology and exemplary data,NeuroImage 19(3):577-586,10.1016/S1053-8119(03)00145-9,,,https://hdl.handle.net/21.11116/0000-0005-6A4C-0,curator_search_s2,curation/work/pkg_E/sprint2 (pkg_E search_log S2-08; lead E S2-08),STA-NF-002,false,
R1337,"Iber C, Ancoli-Israel S, Chesson A, Quan SF (American Academy of Sleep Medicine)",2007,"The AASM Manual for the Scoring of Sleep and Associated Events: Rules, Terminology and Technical Specifications","American Academy of Sleep Medicine, Westchester, IL",,,,https://sleepreviewmag.com/sleep-diagnostics/in-lab-tests/polysomnography/coming-to-consensus/,curator_search_s2,curation/work/pkg_E/sprint2 (pkg_E search_log S2-09; lead E S2-09),STA-SLP-002,false,
R1338,,,How do we perceive the pain of others? A window into the neural processes involved in empathy,,,,,https://www.cirris.ulaval.ca/publications/how-do-we-perceive-the-pain-of-others-a-window-into-the-neural-processes-involved-in-empathy,curator_search_s2,"curation/work/pkg_E/sprint2 (pkg_E search_log S2-10 (Jackson, Meltzoff & Decety 2005 NeuroImage per search query, unverified); lead E S2-10)",SOC-PAIN-002,false,
R1339,,,Zoning out while reading: Evidence for dissociations between experience and metaconsciousness,,,,,https://labs.psych.ucsb.edu/schooler/jonathan/publications/318,curator_search_s2,"curation/work/pkg_E/sprint2 (pkg_E search_log S2-11 (Schooler, Reichle & Halpern 2004 per search query, unverified); lead E S2-11)",STA-MW-002,false,
R1340,"Sayette MA, Schooler JW, Reichle ED",2010,Out for a smoke: the impact of cigarette craving on zoning out during reading,Psychological Science 21(1):26-30,,,,https://eprints.soton.ac.uk/348428,curator_search_s2,curation/work/pkg_E/sprint2 (pkg_E search_log S2-11; lead E S2-11b),STA-MW-002,false,
R1341,"Schnakers C, Perrin F, Schabus M, Hustinx R, Majerus S, Moonen G, Boly M, Vanhaudenhuyse A, Bruno M-A, Laureys S",2009,Detecting consciousness in a total locked-in syndrome: an active event related paradigm,Neurocase,10.1080/13554790902724904,,,https://orbi.uliege.be/handle/2268/32997,curator_search_s2,curation/work/pkg_E/sprint2 (pkg_E search_log S2-12; lead E S2-12),SOC-NAME-002,false,
R1342,"Sterman M, Friar L",1972,Suppression of seizures in an epileptic following sensorimotor EEG feedback training,Electroencephalography and Clinical Neurophysiology 33(1):89-95,,,,https://en.wikipedia.org/wiki/Neurofeedback,curator_search_s2,curation/work/pkg_E/sprint2 (pkg_E search_log F03 (Wikipedia reference list); lead E F03),STA-NF-001,false,secondhand
R1343,"Williams KD, Cheung CKT, Choi W",2000,CyberOstracism: Effects of being ignored over the Internet,Journal of Personality and Social Psychology 79:748-762,,,,https://www3.psych.purdue.edu/~willia55/Announce/Cyberball_Articles.htm,curator_search_s2,curation/work/pkg_E/sprint2 (pkg_E search_log F06 (= sprint 1 S01b); lead E F06),SOC-CYB-001,false,behaviour_only
